Study,ni,var1,var2,sample,time,measure1,measure2,ri,age,lang_setting,L1L2_lang_dist,L1L2_script_dist,prof,year,study4,measure,yi,vi,var1.var2,esid
Abu-Rabia & Sanitsky (2010),82,L2R,L2DA,1,1,1,1,0.5,Young,FL,II/IL,AA/AN,Beyond,2010,Abu-Rabia & Sanitsky,1.1,0.5493061443340549,0.012658227848101266,L2R.L2DA,1
Abu-Rabia & Sanitsky (2010),82,L2R,L2DF,1,1,1,1,,Young,FL,II/IL,AA/AN,Beyond,2010,Abu-Rabia & Sanitsky,1.1,,0.012658227848101266,L2R.L2DF,2
Abu-Rabia & Sanitsky (2010),82,L2R,L2V,1,1,1,1,0.5,Young,FL,II/IL,AA/AN,Beyond,2010,Abu-Rabia & Sanitsky,1.1,0.5493061443340549,0.012658227848101266,L2R.L2V,3
Abu-Rabia & Sanitsky (2010),82,L2R,L2G,1,1,1,1,0.46,Young,FL,II/IL,AA/AN,Beyond,2010,Abu-Rabia & Sanitsky,1.1,0.497311287572031,0.012658227848101266,L2R.L2G,4
Abu-Rabia & Sanitsky (2010),82,L2R,L2P,1,1,1,1,0.1,Young,FL,II/IL,AA/AN,Beyond,2010,Abu-Rabia & Sanitsky,1.1,0.10033534773107558,0.012658227848101266,L2R.L2P,5
Abu-Rabia & Sanitsky (2010),82,L2R,L2M,1,1,1,1,0.47,Young,FL,II/IL,AA/AN,Beyond,2010,Abu-Rabia & Sanitsky,1.1,0.5100703366133073,0.012658227848101266,L2R.L2M,6
Abu-Rabia & Sanitsky (2010),82,L2R,L2L,1,1,1,1,,Young,FL,II/IL,AA/AN,Beyond,2010,Abu-Rabia & Sanitsky,1.1,,0.012658227848101266,L2R.L2L,7
Abu-Rabia & Sanitsky (2010),82,L2DA,L2DF,1,1,1,1,,Young,FL,II/IL,AA/AN,Beyond,2010,Abu-Rabia & Sanitsky,1.1,,0.012658227848101266,L2DA.L2DF,8
Abu-Rabia & Sanitsky (2010),82,L2DA,L2V,1,1,1,1,0.51,Young,FL,II/IL,AA/AN,Beyond,2010,Abu-Rabia & Sanitsky,1.1,0.5627297693521489,0.012658227848101266,L2DA.L2V,9
Abu-Rabia & Sanitsky (2010),82,L2DA,L2G,1,1,1,1,0.5,Young,FL,II/IL,AA/AN,Beyond,2010,Abu-Rabia & Sanitsky,1.1,0.5493061443340549,0.012658227848101266,L2DA.L2G,10
Abu-Rabia & Sanitsky (2010),82,L2DA,L2P,1,1,1,1,0.34,Young,FL,II/IL,AA/AN,Beyond,2010,Abu-Rabia & Sanitsky,1.1,0.3540925289622429,0.012658227848101266,L2DA.L2P,11
Abu-Rabia & Sanitsky (2010),82,L2DA,L2M,1,1,1,1,0.6,Young,FL,II/IL,AA/AN,Beyond,2010,Abu-Rabia & Sanitsky,1.1,0.6931471805599453,0.012658227848101266,L2DA.L2M,12
Abu-Rabia & Sanitsky (2010),82,L2DA,L2L,1,1,1,1,,Young,FL,II/IL,AA/AN,Beyond,2010,Abu-Rabia & Sanitsky,1.1,,0.012658227848101266,L2DA.L2L,13
Abu-Rabia & Sanitsky (2010),82,L2DF,L2V,1,1,1,1,,Young,FL,II/IL,AA/AN,Beyond,2010,Abu-Rabia & Sanitsky,1.1,,0.012658227848101266,L2DF.L2V,14
Abu-Rabia & Sanitsky (2010),82,L2DF,L2G,1,1,1,1,,Young,FL,II/IL,AA/AN,Beyond,2010,Abu-Rabia & Sanitsky,1.1,,0.012658227848101266,L2DF.L2G,15
Abu-Rabia & Sanitsky (2010),82,L2DF,L2P,1,1,1,1,,Young,FL,II/IL,AA/AN,Beyond,2010,Abu-Rabia & Sanitsky,1.1,,0.012658227848101266,L2DF.L2P,16
Abu-Rabia & Sanitsky (2010),82,L2DF,L2M,1,1,1,1,,Young,FL,II/IL,AA/AN,Beyond,2010,Abu-Rabia & Sanitsky,1.1,,0.012658227848101266,L2DF.L2M,17
Abu-Rabia & Sanitsky (2010),82,L2DF,L2L,1,1,1,1,,Young,FL,II/IL,AA/AN,Beyond,2010,Abu-Rabia & Sanitsky,1.1,,0.012658227848101266,L2DF.L2L,18
Abu-Rabia & Sanitsky (2010),82,L2V,L2G,1,1,1,1,0.25,Young,FL,II/IL,AA/AN,Beyond,2010,Abu-Rabia & Sanitsky,1.1,0.2554128118829953,0.012658227848101266,L2V.L2G,19
Abu-Rabia & Sanitsky (2010),82,L2V,L2P,1,1,1,1,0.26,Young,FL,II/IL,AA/AN,Beyond,2010,Abu-Rabia & Sanitsky,1.1,0.2661084068736541,0.012658227848101266,L2V.L2P,20
Abu-Rabia & Sanitsky (2010),82,L2V,L2M,1,1,1,1,0.55,Young,FL,II/IL,AA/AN,Beyond,2010,Abu-Rabia & Sanitsky,1.1,0.6183813135744636,0.012658227848101266,L2V.L2M,21
Abu-Rabia & Sanitsky (2010),82,L2V,L2L,1,1,1,1,,Young,FL,II/IL,AA/AN,Beyond,2010,Abu-Rabia & Sanitsky,1.1,,0.012658227848101266,L2V.L2L,22
Abu-Rabia & Sanitsky (2010),82,L2G,L2P,1,1,1,1,0.35,Young,FL,II/IL,AA/AN,Beyond,2010,Abu-Rabia & Sanitsky,1.1,0.3654437542713961,0.012658227848101266,L2G.L2P,23
Abu-Rabia & Sanitsky (2010),82,L2G,L2M,1,1,1,1,0.44,Young,FL,II/IL,AA/AN,Beyond,2010,Abu-Rabia & Sanitsky,1.1,0.47223080442042564,0.012658227848101266,L2G.L2M,24
Abu-Rabia & Sanitsky (2010),82,L2G,L2L,1,1,1,1,,Young,FL,II/IL,AA/AN,Beyond,2010,Abu-Rabia & Sanitsky,1.1,,0.012658227848101266,L2G.L2L,25
Abu-Rabia & Sanitsky (2010),82,L2P,L2M,1,1,1,1,0.3,Young,FL,II/IL,AA/AN,Beyond,2010,Abu-Rabia & Sanitsky,1.1,0.30951960420311175,0.012658227848101266,L2P.L2M,26
Abu-Rabia & Sanitsky (2010),82,L2P,L2L,1,1,1,1,,Young,FL,II/IL,AA/AN,Beyond,2010,Abu-Rabia & Sanitsky,1.1,,0.012658227848101266,L2P.L2L,27
Abu-Rabia & Sanitsky (2010),82,L2M,L2L,1,1,1,1,,Young,FL,II/IL,AA/AN,Beyond,2010,Abu-Rabia & Sanitsky,1.1,,0.012658227848101266,L2M.L2L,28
August (2006),55,L2R,L2DA,1,1,1,1,,Adolescent/Adult,SL,II,AA,Beyond,2006,August,1.1,,0.019230769230769232,L2R.L2DA,29
August (2006),55,L2R,L2DF,1,1,1,1,,Adolescent/Adult,SL,II,AA,Beyond,2006,August,1.1,,0.019230769230769232,L2R.L2DF,30
August (2006),55,L2R,L2V,1,1,1,1,,Adolescent/Adult,SL,II,AA,Beyond,2006,August,1.1,,0.019230769230769232,L2R.L2V,31
August (2006),55,L2R,L2G,1,1,1,1,0.31,Adolescent/Adult,SL,II,AA,Beyond,2006,August,1.1,0.3205454093019461,0.019230769230769232,L2R.L2G,32
August (2006),55,L2R,L2P,1,1,1,1,,Adolescent/Adult,SL,II,AA,Beyond,2006,August,1.1,,0.019230769230769232,L2R.L2P,33
August (2006),55,L2R,L2M,1,1,1,1,,Adolescent/Adult,SL,II,AA,Beyond,2006,August,1.1,,0.019230769230769232,L2R.L2M,34
August (2006),55,L2R,L2L,1,1,1,1,,Adolescent/Adult,SL,II,AA,Beyond,2006,August,1.1,,0.019230769230769232,L2R.L2L,35
August (2006),55,L2DA,L2DF,1,1,1,1,,Adolescent/Adult,SL,II,AA,Beyond,2006,August,1.1,,0.019230769230769232,L2DA.L2DF,36
August (2006),55,L2DA,L2V,1,1,1,1,,Adolescent/Adult,SL,II,AA,Beyond,2006,August,1.1,,0.019230769230769232,L2DA.L2V,37
August (2006),55,L2DA,L2G,1,1,1,1,,Adolescent/Adult,SL,II,AA,Beyond,2006,August,1.1,,0.019230769230769232,L2DA.L2G,38
August (2006),55,L2DA,L2P,1,1,1,1,,Adolescent/Adult,SL,II,AA,Beyond,2006,August,1.1,,0.019230769230769232,L2DA.L2P,39
August (2006),55,L2DA,L2M,1,1,1,1,,Adolescent/Adult,SL,II,AA,Beyond,2006,August,1.1,,0.019230769230769232,L2DA.L2M,40
August (2006),55,L2DA,L2L,1,1,1,1,,Adolescent/Adult,SL,II,AA,Beyond,2006,August,1.1,,0.019230769230769232,L2DA.L2L,41
August (2006),55,L2DF,L2V,1,1,1,1,,Adolescent/Adult,SL,II,AA,Beyond,2006,August,1.1,,0.019230769230769232,L2DF.L2V,42
August (2006),55,L2DF,L2G,1,1,1,1,,Adolescent/Adult,SL,II,AA,Beyond,2006,August,1.1,,0.019230769230769232,L2DF.L2G,43
August (2006),55,L2DF,L2P,1,1,1,1,,Adolescent/Adult,SL,II,AA,Beyond,2006,August,1.1,,0.019230769230769232,L2DF.L2P,44
August (2006),55,L2DF,L2M,1,1,1,1,,Adolescent/Adult,SL,II,AA,Beyond,2006,August,1.1,,0.019230769230769232,L2DF.L2M,45
August (2006),55,L2DF,L2L,1,1,1,1,,Adolescent/Adult,SL,II,AA,Beyond,2006,August,1.1,,0.019230769230769232,L2DF.L2L,46
August (2006),55,L2V,L2G,1,1,1,1,,Adolescent/Adult,SL,II,AA,Beyond,2006,August,1.1,,0.019230769230769232,L2V.L2G,47
August (2006),55,L2V,L2P,1,1,1,1,,Adolescent/Adult,SL,II,AA,Beyond,2006,August,1.1,,0.019230769230769232,L2V.L2P,48
August (2006),55,L2V,L2M,1,1,1,1,,Adolescent/Adult,SL,II,AA,Beyond,2006,August,1.1,,0.019230769230769232,L2V.L2M,49
August (2006),55,L2V,L2L,1,1,1,1,,Adolescent/Adult,SL,II,AA,Beyond,2006,August,1.1,,0.019230769230769232,L2V.L2L,50
August (2006),55,L2G,L2P,1,1,1,1,,Adolescent/Adult,SL,II,AA,Beyond,2006,August,1.1,,0.019230769230769232,L2G.L2P,51
August (2006),55,L2G,L2M,1,1,1,1,,Adolescent/Adult,SL,II,AA,Beyond,2006,August,1.1,,0.019230769230769232,L2G.L2M,52
August (2006),55,L2G,L2L,1,1,1,1,,Adolescent/Adult,SL,II,AA,Beyond,2006,August,1.1,,0.019230769230769232,L2G.L2L,53
August (2006),55,L2P,L2M,1,1,1,1,,Adolescent/Adult,SL,II,AA,Beyond,2006,August,1.1,,0.019230769230769232,L2P.L2M,54
August (2006),55,L2P,L2L,1,1,1,1,,Adolescent/Adult,SL,II,AA,Beyond,2006,August,1.1,,0.019230769230769232,L2P.L2L,55
August (2006),55,L2M,L2L,1,1,1,1,,Adolescent/Adult,SL,II,AA,Beyond,2006,August,1.1,,0.019230769230769232,L2M.L2L,56
Baker et al. (2011): Sample 1,173,L2R,L2DA,1,1,1,1,,Young,SL,II,AA,Beyond,2011,Baker et al.,1.1,,0.0058823529411764705,L2R.L2DA,57
Baker et al. (2011): Sample 1,173,L2R,L2DF,1,1,1,1,0.82,Young,SL,II,AA,Beyond,2011,Baker et al.,1.1,1.1568174645903153,0.0058823529411764705,L2R.L2DF,58
Baker et al. (2011): Sample 1,173,L2R,L2V,1,1,1,1,,Young,SL,II,AA,Beyond,2011,Baker et al.,1.1,,0.0058823529411764705,L2R.L2V,59
Baker et al. (2011): Sample 1,173,L2R,L2G,1,1,1,1,,Young,SL,II,AA,Beyond,2011,Baker et al.,1.1,,0.0058823529411764705,L2R.L2G,60
Baker et al. (2011): Sample 1,173,L2R,L2P,1,1,1,1,,Young,SL,II,AA,Beyond,2011,Baker et al.,1.1,,0.0058823529411764705,L2R.L2P,61
Baker et al. (2011): Sample 1,173,L2R,L2M,1,1,1,1,,Young,SL,II,AA,Beyond,2011,Baker et al.,1.1,,0.0058823529411764705,L2R.L2M,62
Baker et al. (2011): Sample 1,173,L2R,L2L,1,1,1,1,,Young,SL,II,AA,Beyond,2011,Baker et al.,1.1,,0.0058823529411764705,L2R.L2L,63
Baker et al. (2011): Sample 1,173,L2DA,L2DF,1,1,1,1,,Young,SL,II,AA,Beyond,2011,Baker et al.,1.1,,0.0058823529411764705,L2DA.L2DF,64
Baker et al. (2011): Sample 1,173,L2DA,L2V,1,1,1,1,,Young,SL,II,AA,Beyond,2011,Baker et al.,1.1,,0.0058823529411764705,L2DA.L2V,65
Baker et al. (2011): Sample 1,173,L2DA,L2G,1,1,1,1,,Young,SL,II,AA,Beyond,2011,Baker et al.,1.1,,0.0058823529411764705,L2DA.L2G,66
Baker et al. (2011): Sample 1,173,L2DA,L2P,1,1,1,1,,Young,SL,II,AA,Beyond,2011,Baker et al.,1.1,,0.0058823529411764705,L2DA.L2P,67
Baker et al. (2011): Sample 1,173,L2DA,L2M,1,1,1,1,,Young,SL,II,AA,Beyond,2011,Baker et al.,1.1,,0.0058823529411764705,L2DA.L2M,68
Baker et al. (2011): Sample 1,173,L2DA,L2L,1,1,1,1,0.65,Young,SL,II,AA,Beyond,2011,Baker et al.,1.1,0.7752987062055836,0.0058823529411764705,L2DA.L2L,69
Baker et al. (2011): Sample 1,173,L2DF,L2V,1,1,1,1,,Young,SL,II,AA,Beyond,2011,Baker et al.,1.1,,0.0058823529411764705,L2DF.L2V,70
Baker et al. (2011): Sample 1,173,L2DF,L2G,1,1,1,1,,Young,SL,II,AA,Beyond,2011,Baker et al.,1.1,,0.0058823529411764705,L2DF.L2G,71
Baker et al. (2011): Sample 1,173,L2DF,L2P,1,1,1,1,,Young,SL,II,AA,Beyond,2011,Baker et al.,1.1,,0.0058823529411764705,L2DF.L2P,72
Baker et al. (2011): Sample 1,173,L2DF,L2M,1,1,1,1,,Young,SL,II,AA,Beyond,2011,Baker et al.,1.1,,0.0058823529411764705,L2DF.L2M,73
Baker et al. (2011): Sample 1,173,L2DF,L2L,1,1,1,1,,Young,SL,II,AA,Beyond,2011,Baker et al.,1.1,,0.0058823529411764705,L2DF.L2L,74
Baker et al. (2011): Sample 1,173,L2V,L2G,1,1,1,1,,Young,SL,II,AA,Beyond,2011,Baker et al.,1.1,,0.0058823529411764705,L2V.L2G,75
Baker et al. (2011): Sample 1,173,L2V,L2P,1,1,1,1,,Young,SL,II,AA,Beyond,2011,Baker et al.,1.1,,0.0058823529411764705,L2V.L2P,76
Baker et al. (2011): Sample 1,173,L2V,L2M,1,1,1,1,,Young,SL,II,AA,Beyond,2011,Baker et al.,1.1,,0.0058823529411764705,L2V.L2M,77
Baker et al. (2011): Sample 1,173,L2V,L2L,1,1,1,1,,Young,SL,II,AA,Beyond,2011,Baker et al.,1.1,,0.0058823529411764705,L2V.L2L,78
Baker et al. (2011): Sample 1,173,L2G,L2P,1,1,1,1,,Young,SL,II,AA,Beyond,2011,Baker et al.,1.1,,0.0058823529411764705,L2G.L2P,79
Baker et al. (2011): Sample 1,173,L2G,L2M,1,1,1,1,,Young,SL,II,AA,Beyond,2011,Baker et al.,1.1,,0.0058823529411764705,L2G.L2M,80
Baker et al. (2011): Sample 1,173,L2G,L2L,1,1,1,1,,Young,SL,II,AA,Beyond,2011,Baker et al.,1.1,,0.0058823529411764705,L2G.L2L,81
Baker et al. (2011): Sample 1,173,L2P,L2M,1,1,1,1,,Young,SL,II,AA,Beyond,2011,Baker et al.,1.1,,0.0058823529411764705,L2P.L2M,82
Baker et al. (2011): Sample 1,173,L2P,L2L,1,1,1,1,,Young,SL,II,AA,Beyond,2011,Baker et al.,1.1,,0.0058823529411764705,L2P.L2L,83
Baker et al. (2011): Sample 1,173,L2M,L2L,1,1,1,1,,Young,SL,II,AA,Beyond,2011,Baker et al.,1.1,,0.0058823529411764705,L2M.L2L,84
Bensoussan & Ramraz (1984),345,L2R,L2DA,1,1,1,1,,Adolescent/Adult,FL,,,Beyond,1984,Bensoussan & Ramraz,1.1,,0.0029239766081871343,L2R.L2DA,85
Bensoussan & Ramraz (1984),345,L2R,L2DF,1,1,1,1,,Adolescent/Adult,FL,,,Beyond,1984,Bensoussan & Ramraz,1.1,,0.0029239766081871343,L2R.L2DF,86
Bensoussan & Ramraz (1984),345,L2R,L2V,1,1,1,1,0.34,Adolescent/Adult,FL,,,Beyond,1984,Bensoussan & Ramraz,1.1,0.3540925289622429,0.0029239766081871343,L2R.L2V,87
Bensoussan & Ramraz (1984),345,L2R,L2G,1,1,1,1,0.64,Adolescent/Adult,FL,,,Beyond,1984,Bensoussan & Ramraz,1.1,0.7581737446840442,0.0029239766081871343,L2R.L2G,88
Bensoussan & Ramraz (1984),345,L2R,L2P,1,1,1,1,,Adolescent/Adult,FL,,,Beyond,1984,Bensoussan & Ramraz,1.1,,0.0029239766081871343,L2R.L2P,89
Bensoussan & Ramraz (1984),345,L2R,L2M,1,1,1,1,,Adolescent/Adult,FL,,,Beyond,1984,Bensoussan & Ramraz,1.1,,0.0029239766081871343,L2R.L2M,90
Bensoussan & Ramraz (1984),345,L2R,L2L,1,1,1,1,,Adolescent/Adult,FL,,,Beyond,1984,Bensoussan & Ramraz,1.1,,0.0029239766081871343,L2R.L2L,91
Bensoussan & Ramraz (1984),345,L2DA,L2DF,1,1,1,1,,Adolescent/Adult,FL,,,Beyond,1984,Bensoussan & Ramraz,1.1,,0.0029239766081871343,L2DA.L2DF,92
Bensoussan & Ramraz (1984),345,L2DA,L2V,1,1,1,1,,Adolescent/Adult,FL,,,Beyond,1984,Bensoussan & Ramraz,1.1,,0.0029239766081871343,L2DA.L2V,93
Bensoussan & Ramraz (1984),345,L2DA,L2G,1,1,1,1,,Adolescent/Adult,FL,,,Beyond,1984,Bensoussan & Ramraz,1.1,,0.0029239766081871343,L2DA.L2G,94
Bensoussan & Ramraz (1984),345,L2DA,L2P,1,1,1,1,,Adolescent/Adult,FL,,,Beyond,1984,Bensoussan & Ramraz,1.1,,0.0029239766081871343,L2DA.L2P,95
Bensoussan & Ramraz (1984),345,L2DA,L2M,1,1,1,1,,Adolescent/Adult,FL,,,Beyond,1984,Bensoussan & Ramraz,1.1,,0.0029239766081871343,L2DA.L2M,96
Bensoussan & Ramraz (1984),345,L2DA,L2L,1,1,1,1,,Adolescent/Adult,FL,,,Beyond,1984,Bensoussan & Ramraz,1.1,,0.0029239766081871343,L2DA.L2L,97
Bensoussan & Ramraz (1984),345,L2DF,L2V,1,1,1,1,,Adolescent/Adult,FL,,,Beyond,1984,Bensoussan & Ramraz,1.1,,0.0029239766081871343,L2DF.L2V,98
Bensoussan & Ramraz (1984),345,L2DF,L2G,1,1,1,1,,Adolescent/Adult,FL,,,Beyond,1984,Bensoussan & Ramraz,1.1,,0.0029239766081871343,L2DF.L2G,99
Bensoussan & Ramraz (1984),345,L2DF,L2P,1,1,1,1,,Adolescent/Adult,FL,,,Beyond,1984,Bensoussan & Ramraz,1.1,,0.0029239766081871343,L2DF.L2P,100
Bensoussan & Ramraz (1984),345,L2DF,L2M,1,1,1,1,,Adolescent/Adult,FL,,,Beyond,1984,Bensoussan & Ramraz,1.1,,0.0029239766081871343,L2DF.L2M,101
Bensoussan & Ramraz (1984),345,L2DF,L2L,1,1,1,1,,Adolescent/Adult,FL,,,Beyond,1984,Bensoussan & Ramraz,1.1,,0.0029239766081871343,L2DF.L2L,102
Bensoussan & Ramraz (1984),345,L2V,L2G,1,1,1,1,0.43,Adolescent/Adult,FL,,,Beyond,1984,Bensoussan & Ramraz,1.1,0.4598966812126785,0.0029239766081871343,L2V.L2G,103
Bensoussan & Ramraz (1984),345,L2V,L2P,1,1,1,1,,Adolescent/Adult,FL,,,Beyond,1984,Bensoussan & Ramraz,1.1,,0.0029239766081871343,L2V.L2P,104
Bensoussan & Ramraz (1984),345,L2V,L2M,1,1,1,1,,Adolescent/Adult,FL,,,Beyond,1984,Bensoussan & Ramraz,1.1,,0.0029239766081871343,L2V.L2M,105
Bensoussan & Ramraz (1984),345,L2V,L2L,1,1,1,1,,Adolescent/Adult,FL,,,Beyond,1984,Bensoussan & Ramraz,1.1,,0.0029239766081871343,L2V.L2L,106
Bensoussan & Ramraz (1984),345,L2G,L2P,1,1,1,1,,Adolescent/Adult,FL,,,Beyond,1984,Bensoussan & Ramraz,1.1,,0.0029239766081871343,L2G.L2P,107
Bensoussan & Ramraz (1984),345,L2G,L2M,1,1,1,1,,Adolescent/Adult,FL,,,Beyond,1984,Bensoussan & Ramraz,1.1,,0.0029239766081871343,L2G.L2M,108
Bensoussan & Ramraz (1984),345,L2G,L2L,1,1,1,1,,Adolescent/Adult,FL,,,Beyond,1984,Bensoussan & Ramraz,1.1,,0.0029239766081871343,L2G.L2L,109
Bensoussan & Ramraz (1984),345,L2P,L2M,1,1,1,1,,Adolescent/Adult,FL,,,Beyond,1984,Bensoussan & Ramraz,1.1,,0.0029239766081871343,L2P.L2M,110
Bensoussan & Ramraz (1984),345,L2P,L2L,1,1,1,1,,Adolescent/Adult,FL,,,Beyond,1984,Bensoussan & Ramraz,1.1,,0.0029239766081871343,L2P.L2L,111
Bensoussan & Ramraz (1984),345,L2M,L2L,1,1,1,1,,Adolescent/Adult,FL,,,Beyond,1984,Bensoussan & Ramraz,1.1,,0.0029239766081871343,L2M.L2L,112
Brisbois (1995): Beginner,84,L2R,L2DA,1,1,1,1,,Adolescent/Adult,SL,II,AA,Mixed,1995,Brisbois,1.1,,0.012345679012345678,L2R.L2DA,113
Brisbois (1996): Beginner,84,L2R,L2DF,1,1,1,1,,Adolescent/Adult,SL,II,AA,Mixed,1996,Brisbois,1.1,,0.012345679012345678,L2R.L2DF,114
Brisbois (1997): Beginner,84,L2R,L2V,1,1,1,1,0.35,Adolescent/Adult,SL,II,AA,Mixed,1997,Brisbois,1.1,0.3654437542713961,0.012345679012345678,L2R.L2V,115
Brisbois (1998): Beginner,84,L2R,L2G,1,1,1,1,0.26,Adolescent/Adult,SL,II,AA,Mixed,1998,Brisbois,1.1,0.2661084068736541,0.012345679012345678,L2R.L2G,116
Brisbois (1999): Beginner,84,L2R,L2P,1,1,1,1,,Adolescent/Adult,SL,II,AA,Mixed,1999,Brisbois,1.1,,0.012345679012345678,L2R.L2P,117
Brisbois (2000): Beginner,84,L2R,L2M,1,1,1,1,,Adolescent/Adult,SL,II,AA,Mixed,2000,Brisbois,1.1,,0.012345679012345678,L2R.L2M,118
Brisbois (2001): Beginner,84,L2R,L2L,1,1,1,1,,Adolescent/Adult,SL,II,AA,Mixed,2001,Brisbois,1.1,,0.012345679012345678,L2R.L2L,119
Brisbois (2002): Beginner,84,L2DA,L2DF,1,1,1,1,,Adolescent/Adult,SL,II,AA,Mixed,2002,Brisbois,1.1,,0.012345679012345678,L2DA.L2DF,120
Brisbois (2003): Beginner,84,L2DA,L2V,1,1,1,1,,Adolescent/Adult,SL,II,AA,Mixed,2003,Brisbois,1.1,,0.012345679012345678,L2DA.L2V,121
Brisbois (2004): Beginner,84,L2DA,L2G,1,1,1,1,,Adolescent/Adult,SL,II,AA,Mixed,2004,Brisbois,1.1,,0.012345679012345678,L2DA.L2G,122
Brisbois (2005): Beginner,84,L2DA,L2P,1,1,1,1,,Adolescent/Adult,SL,II,AA,Mixed,2005,Brisbois,1.1,,0.012345679012345678,L2DA.L2P,123
Brisbois (2006): Beginner,84,L2DA,L2M,1,1,1,1,,Adolescent/Adult,SL,II,AA,Mixed,2006,Brisbois,1.1,,0.012345679012345678,L2DA.L2M,124
Brisbois (2007): Beginner,84,L2DA,L2L,1,1,1,1,,Adolescent/Adult,SL,II,AA,Mixed,2007,Brisbois,1.1,,0.012345679012345678,L2DA.L2L,125
Brisbois (2008): Beginner,84,L2DF,L2V,1,1,1,1,,Adolescent/Adult,SL,II,AA,Mixed,2008,Brisbois,1.1,,0.012345679012345678,L2DF.L2V,126
Brisbois (2009): Beginner,84,L2DF,L2G,1,1,1,1,,Adolescent/Adult,SL,II,AA,Mixed,2009,Brisbois,1.1,,0.012345679012345678,L2DF.L2G,127
Brisbois (2010): Beginner,84,L2DF,L2P,1,1,1,1,,Adolescent/Adult,SL,II,AA,Mixed,2010,Brisbois,1.1,,0.012345679012345678,L2DF.L2P,128
Brisbois (2011): Beginner,84,L2DF,L2M,1,1,1,1,,Adolescent/Adult,SL,II,AA,Mixed,2011,Brisbois,1.1,,0.012345679012345678,L2DF.L2M,129
Brisbois (2012): Beginner,84,L2DF,L2L,1,1,1,1,,Adolescent/Adult,SL,II,AA,Mixed,2012,Brisbois,1.1,,0.012345679012345678,L2DF.L2L,130
Brisbois (2013): Beginner,84,L2V,L2G,1,1,1,1,0.57,Adolescent/Adult,SL,II,AA,Mixed,2013,Brisbois,1.1,0.6475228448273728,0.012345679012345678,L2V.L2G,131
Brisbois (2014): Beginner,84,L2V,L2P,1,1,1,1,,Adolescent/Adult,SL,II,AA,Mixed,2014,Brisbois,1.1,,0.012345679012345678,L2V.L2P,132
Brisbois (2015): Beginner,84,L2V,L2M,1,1,1,1,,Adolescent/Adult,SL,II,AA,Mixed,2015,Brisbois,1.1,,0.012345679012345678,L2V.L2M,133
Brisbois (2016): Beginner,84,L2V,L2L,1,1,1,1,,Adolescent/Adult,SL,II,AA,Mixed,2016,Brisbois,1.1,,0.012345679012345678,L2V.L2L,134
Brisbois (2017): Beginner,84,L2G,L2P,1,1,1,1,,Adolescent/Adult,SL,II,AA,Mixed,2017,Brisbois,1.1,,0.012345679012345678,L2G.L2P,135
Brisbois (2018): Beginner,84,L2G,L2M,1,1,1,1,,Adolescent/Adult,SL,II,AA,Mixed,2018,Brisbois,1.1,,0.012345679012345678,L2G.L2M,136
Brisbois (2019): Beginner,84,L2G,L2L,1,1,1,1,,Adolescent/Adult,SL,II,AA,Mixed,2019,Brisbois,1.1,,0.012345679012345678,L2G.L2L,137
Brisbois (2020): Beginner,84,L2P,L2M,1,1,1,1,,Adolescent/Adult,SL,II,AA,Mixed,2020,Brisbois,1.1,,0.012345679012345678,L2P.L2M,138
Brisbois (2021): Beginner,84,L2P,L2L,1,1,1,1,,Adolescent/Adult,SL,II,AA,Mixed,2021,Brisbois,1.1,,0.012345679012345678,L2P.L2L,139
Brisbois (2022): Beginner,84,L2M,L2L,1,1,1,1,,Adolescent/Adult,SL,II,AA,Mixed,2022,Brisbois,1.1,,0.012345679012345678,L2M.L2L,140
Brisbois (1996): Upper,38,L2R,L2DA,2,1,1,1,,Adolescent/Adult,SL,II,AA,Mixed,1996,Brisbois,1.1,,0.02857142857142857,L2R.L2DA,141
Brisbois (1997): Upper,38,L2R,L2DF,2,1,1,1,,Adolescent/Adult,SL,II,AA,Mixed,1997,Brisbois,1.1,,0.02857142857142857,L2R.L2DF,142
Brisbois (1998): Upper,38,L2R,L2V,2,1,1,1,,Adolescent/Adult,SL,II,AA,Mixed,1998,Brisbois,1.1,,0.02857142857142857,L2R.L2V,143
Brisbois (1999): Upper,38,L2R,L2G,2,1,1,1,,Adolescent/Adult,SL,II,AA,Mixed,1999,Brisbois,1.1,,0.02857142857142857,L2R.L2G,144
Brisbois (2000): Upper,38,L2R,L2P,2,1,1,1,,Adolescent/Adult,SL,II,AA,Mixed,2000,Brisbois,1.1,,0.02857142857142857,L2R.L2P,145
Brisbois (2001): Upper,38,L2R,L2M,2,1,1,1,,Adolescent/Adult,SL,II,AA,Mixed,2001,Brisbois,1.1,,0.02857142857142857,L2R.L2M,146
Brisbois (2002): Upper,38,L2R,L2L,2,1,1,1,,Adolescent/Adult,SL,II,AA,Mixed,2002,Brisbois,1.1,,0.02857142857142857,L2R.L2L,147
Brisbois (2003): Upper,38,L2DA,L2DF,2,1,1,1,,Adolescent/Adult,SL,II,AA,Mixed,2003,Brisbois,1.1,,0.02857142857142857,L2DA.L2DF,148
Brisbois (2004): Upper,38,L2DA,L2V,2,1,1,1,,Adolescent/Adult,SL,II,AA,Mixed,2004,Brisbois,1.1,,0.02857142857142857,L2DA.L2V,149
Brisbois (2005): Upper,38,L2DA,L2G,2,1,1,1,,Adolescent/Adult,SL,II,AA,Mixed,2005,Brisbois,1.1,,0.02857142857142857,L2DA.L2G,150
Brisbois (2006): Upper,38,L2DA,L2P,2,1,1,1,,Adolescent/Adult,SL,II,AA,Mixed,2006,Brisbois,1.1,,0.02857142857142857,L2DA.L2P,151
Brisbois (2007): Upper,38,L2DA,L2M,2,1,1,1,,Adolescent/Adult,SL,II,AA,Mixed,2007,Brisbois,1.1,,0.02857142857142857,L2DA.L2M,152
Brisbois (2008): Upper,38,L2DA,L2L,2,1,1,1,,Adolescent/Adult,SL,II,AA,Mixed,2008,Brisbois,1.1,,0.02857142857142857,L2DA.L2L,153
Brisbois (2009): Upper,38,L2DF,L2V,2,1,1,1,,Adolescent/Adult,SL,II,AA,Mixed,2009,Brisbois,1.1,,0.02857142857142857,L2DF.L2V,154
Brisbois (2010): Upper,38,L2DF,L2G,2,1,1,1,,Adolescent/Adult,SL,II,AA,Mixed,2010,Brisbois,1.1,,0.02857142857142857,L2DF.L2G,155
Brisbois (2011): Upper,38,L2DF,L2P,2,1,1,1,,Adolescent/Adult,SL,II,AA,Mixed,2011,Brisbois,1.1,,0.02857142857142857,L2DF.L2P,156
Brisbois (2012): Upper,38,L2DF,L2M,2,1,1,1,,Adolescent/Adult,SL,II,AA,Mixed,2012,Brisbois,1.1,,0.02857142857142857,L2DF.L2M,157
Brisbois (2013): Upper,38,L2DF,L2L,2,1,1,1,,Adolescent/Adult,SL,II,AA,Mixed,2013,Brisbois,1.1,,0.02857142857142857,L2DF.L2L,158
Brisbois (2014): Upper,38,L2V,L2G,2,1,1,1,0.5,Adolescent/Adult,SL,II,AA,Mixed,2014,Brisbois,1.1,0.5493061443340549,0.02857142857142857,L2V.L2G,159
Brisbois (2015): Upper,38,L2V,L2P,2,1,1,1,,Adolescent/Adult,SL,II,AA,Mixed,2015,Brisbois,1.1,,0.02857142857142857,L2V.L2P,160
Brisbois (2016): Upper,38,L2V,L2M,2,1,1,1,,Adolescent/Adult,SL,II,AA,Mixed,2016,Brisbois,1.1,,0.02857142857142857,L2V.L2M,161
Brisbois (2017): Upper,38,L2V,L2L,2,1,1,1,,Adolescent/Adult,SL,II,AA,Mixed,2017,Brisbois,1.1,,0.02857142857142857,L2V.L2L,162
Brisbois (2018): Upper,38,L2G,L2P,2,1,1,1,,Adolescent/Adult,SL,II,AA,Mixed,2018,Brisbois,1.1,,0.02857142857142857,L2G.L2P,163
Brisbois (2019): Upper,38,L2G,L2M,2,1,1,1,,Adolescent/Adult,SL,II,AA,Mixed,2019,Brisbois,1.1,,0.02857142857142857,L2G.L2M,164
Brisbois (2020): Upper,38,L2G,L2L,2,1,1,1,,Adolescent/Adult,SL,II,AA,Mixed,2020,Brisbois,1.1,,0.02857142857142857,L2G.L2L,165
Brisbois (2021): Upper,38,L2P,L2M,2,1,1,1,,Adolescent/Adult,SL,II,AA,Mixed,2021,Brisbois,1.1,,0.02857142857142857,L2P.L2M,166
Brisbois (2022): Upper,38,L2P,L2L,2,1,1,1,,Adolescent/Adult,SL,II,AA,Mixed,2022,Brisbois,1.1,,0.02857142857142857,L2P.L2L,167
Brisbois (2023): Upper,38,L2M,L2L,2,1,1,1,,Adolescent/Adult,SL,II,AA,Mixed,2023,Brisbois,1.1,,0.02857142857142857,L2M.L2L,168
Carlisle et al. (1999),49,L2R,L2DA,1,1,1,1,,Young,SL,II,AA,Beyond,1999,Carlisle et al.,1.1,,0.021739130434782608,L2R.L2DA,169
Carlisle et al. (1999),49,L2R,L2DF,1,1,1,1,,Young,SL,II,AA,Beyond,1999,Carlisle et al.,1.1,,0.021739130434782608,L2R.L2DF,170
Carlisle et al. (1999),49,L2R,L2V,1,1,1,1,0.42,Young,SL,II,AA,Beyond,1999,Carlisle et al.,1.1,0.44769202352742066,0.021739130434782608,L2R.L2V,171
Carlisle et al. (1999),49,L2R,L2G,1,1,1,1,,Young,SL,II,AA,Beyond,1999,Carlisle et al.,1.1,,0.021739130434782608,L2R.L2G,172
Carlisle et al. (1999),49,L2R,L2P,1,1,1,1,0.37,Young,SL,II,AA,Beyond,1999,Carlisle et al.,1.1,0.3884230997182962,0.021739130434782608,L2R.L2P,173
Carlisle et al. (1999),49,L2R,L2M,1,1,1,1,,Young,SL,II,AA,Beyond,1999,Carlisle et al.,1.1,,0.021739130434782608,L2R.L2M,174
Carlisle et al. (1999),49,L2R,L2L,1,1,1,1,,Young,SL,II,AA,Beyond,1999,Carlisle et al.,1.1,,0.021739130434782608,L2R.L2L,175
Carlisle et al. (1999),49,L2DA,L2DF,1,1,1,1,,Young,SL,II,AA,Beyond,1999,Carlisle et al.,1.1,,0.021739130434782608,L2DA.L2DF,176
Carlisle et al. (1999),49,L2DA,L2V,1,1,1,1,,Young,SL,II,AA,Beyond,1999,Carlisle et al.,1.1,,0.021739130434782608,L2DA.L2V,177
Carlisle et al. (1999),49,L2DA,L2G,1,1,1,1,,Young,SL,II,AA,Beyond,1999,Carlisle et al.,1.1,,0.021739130434782608,L2DA.L2G,178
Carlisle et al. (1999),49,L2DA,L2P,1,1,1,1,,Young,SL,II,AA,Beyond,1999,Carlisle et al.,1.1,,0.021739130434782608,L2DA.L2P,179
Carlisle et al. (1999),49,L2DA,L2M,1,1,1,1,,Young,SL,II,AA,Beyond,1999,Carlisle et al.,1.1,,0.021739130434782608,L2DA.L2M,180
Carlisle et al. (1999),49,L2DA,L2L,1,1,1,1,,Young,SL,II,AA,Beyond,1999,Carlisle et al.,1.1,,0.021739130434782608,L2DA.L2L,181
Carlisle et al. (1999),49,L2DF,L2V,1,1,1,1,,Young,SL,II,AA,Beyond,1999,Carlisle et al.,1.1,,0.021739130434782608,L2DF.L2V,182
Carlisle et al. (1999),49,L2DF,L2G,1,1,1,1,,Young,SL,II,AA,Beyond,1999,Carlisle et al.,1.1,,0.021739130434782608,L2DF.L2G,183
Carlisle et al. (1999),49,L2DF,L2P,1,1,1,1,,Young,SL,II,AA,Beyond,1999,Carlisle et al.,1.1,,0.021739130434782608,L2DF.L2P,184
Carlisle et al. (1999),49,L2DF,L2M,1,1,1,1,,Young,SL,II,AA,Beyond,1999,Carlisle et al.,1.1,,0.021739130434782608,L2DF.L2M,185
Carlisle et al. (1999),49,L2DF,L2L,1,1,1,1,,Young,SL,II,AA,Beyond,1999,Carlisle et al.,1.1,,0.021739130434782608,L2DF.L2L,186
Carlisle et al. (1999),49,L2V,L2G,1,1,1,1,,Young,SL,II,AA,Beyond,1999,Carlisle et al.,1.1,,0.021739130434782608,L2V.L2G,187
Carlisle et al. (1999),49,L2V,L2P,1,1,1,1,,Young,SL,II,AA,Beyond,1999,Carlisle et al.,1.1,,0.021739130434782608,L2V.L2P,188
Carlisle et al. (1999),49,L2V,L2M,1,1,1,1,,Young,SL,II,AA,Beyond,1999,Carlisle et al.,1.1,,0.021739130434782608,L2V.L2M,189
Carlisle et al. (1999),49,L2V,L2L,1,1,1,1,,Young,SL,II,AA,Beyond,1999,Carlisle et al.,1.1,,0.021739130434782608,L2V.L2L,190
Carlisle et al. (1999),49,L2G,L2P,1,1,1,1,,Young,SL,II,AA,Beyond,1999,Carlisle et al.,1.1,,0.021739130434782608,L2G.L2P,191
Carlisle et al. (1999),49,L2G,L2M,1,1,1,1,,Young,SL,II,AA,Beyond,1999,Carlisle et al.,1.1,,0.021739130434782608,L2G.L2M,192
Carlisle et al. (1999),49,L2G,L2L,1,1,1,1,,Young,SL,II,AA,Beyond,1999,Carlisle et al.,1.1,,0.021739130434782608,L2G.L2L,193
Carlisle et al. (1999),49,L2P,L2M,1,1,1,1,,Young,SL,II,AA,Beyond,1999,Carlisle et al.,1.1,,0.021739130434782608,L2P.L2M,194
Carlisle et al. (1999),49,L2P,L2L,1,1,1,1,,Young,SL,II,AA,Beyond,1999,Carlisle et al.,1.1,,0.021739130434782608,L2P.L2L,195
Carlisle et al. (1999),49,L2M,L2L,1,1,1,1,,Young,SL,II,AA,Beyond,1999,Carlisle et al.,1.1,,0.021739130434782608,L2M.L2L,196
Chen et al. (2012): Sample 1,89,L2R,L2DA,1,1,1,1,0.52,Mixed,SL,II,AA,Beyond,2012,Chen et al.,1.1,0.5763397549691928,0.011627906976744186,L2R.L2DA,197
Chen et al. (2012): Sample 1,89,L2R,L2DF,1,1,1,1,,Mixed,SL,II,AA,Beyond,2012,Chen et al.,1.1,,0.011627906976744186,L2R.L2DF,198
Chen et al. (2012): Sample 1,89,L2R,L2V,1,1,1,1,0.51,Mixed,SL,II,AA,Beyond,2012,Chen et al.,1.1,0.5627297693521489,0.011627906976744186,L2R.L2V,199
Chen et al. (2012): Sample 1,89,L2R,L2G,1,1,1,1,,Mixed,SL,II,AA,Beyond,2012,Chen et al.,1.1,,0.011627906976744186,L2R.L2G,200
Chen et al. (2012): Sample 1,89,L2R,L2P,1,1,1,1,0.5,Mixed,SL,II,AA,Beyond,2012,Chen et al.,1.1,0.5493061443340549,0.011627906976744186,L2R.L2P,201
Chen et al. (2012): Sample 1,89,L2R,L2M,1,1,1,1,0.43,Mixed,SL,II,AA,Beyond,2012,Chen et al.,1.1,0.4598966812126785,0.011627906976744186,L2R.L2M,202
Chen et al. (2012): Sample 1,89,L2R,L2L,1,1,1,1,,Mixed,SL,II,AA,Beyond,2012,Chen et al.,1.1,,0.011627906976744186,L2R.L2L,203
Chen et al. (2012): Sample 1,89,L2DA,L2DF,1,1,1,1,,Mixed,SL,II,AA,Beyond,2012,Chen et al.,1.1,,0.011627906976744186,L2DA.L2DF,204
Chen et al. (2012): Sample 1,89,L2DA,L2V,1,1,1,1,0.43,Mixed,SL,II,AA,Beyond,2012,Chen et al.,1.1,0.4598966812126785,0.011627906976744186,L2DA.L2V,205
Chen et al. (2012): Sample 1,89,L2DA,L2G,1,1,1,1,,Mixed,SL,II,AA,Beyond,2012,Chen et al.,1.1,,0.011627906976744186,L2DA.L2G,206
Chen et al. (2012): Sample 1,89,L2DA,L2P,1,1,1,1,0.43,Mixed,SL,II,AA,Beyond,2012,Chen et al.,1.1,0.4598966812126785,0.011627906976744186,L2DA.L2P,207
Chen et al. (2012): Sample 1,89,L2DA,L2M,1,1,1,1,0.22,Mixed,SL,II,AA,Beyond,2012,Chen et al.,1.1,0.22365610902183242,0.011627906976744186,L2DA.L2M,208
Chen et al. (2012): Sample 2,90,L2DA,L2M,1,1,1,2,0.57,Mixed,SL,II,AA,Beyond,2012,Chen et al.,1.2,0.6475228448273728,0.011494252873563218,L2DA.L2M,209
Chen et al. (2012): Sample 1,89,L2DA,L2L,1,1,1,1,,Mixed,SL,II,AA,Beyond,2012,Chen et al.,1.1,,0.011627906976744186,L2DA.L2L,210
Chen et al. (2012): Sample 1,89,L2DF,L2V,1,1,1,1,,Mixed,SL,II,AA,Beyond,2012,Chen et al.,1.1,,0.011627906976744186,L2DF.L2V,211
Chen et al. (2012): Sample 1,89,L2DF,L2G,1,1,1,1,,Mixed,SL,II,AA,Beyond,2012,Chen et al.,1.1,,0.011627906976744186,L2DF.L2G,212
Chen et al. (2012): Sample 1,89,L2DF,L2P,1,1,1,1,,Mixed,SL,II,AA,Beyond,2012,Chen et al.,1.1,,0.011627906976744186,L2DF.L2P,213
Chen et al. (2012): Sample 1,89,L2DF,L2M,1,1,1,1,,Mixed,SL,II,AA,Beyond,2012,Chen et al.,1.1,,0.011627906976744186,L2DF.L2M,214
Chen et al. (2012): Sample 1,89,L2DF,L2M,1,1,1,2,,Mixed,SL,II,AA,Beyond,2012,Chen et al.,1.2,,0.011627906976744186,L2DF.L2M,215
Chen et al. (2012): Sample 1,89,L2DF,L2L,1,1,1,1,,Mixed,SL,II,AA,Beyond,2012,Chen et al.,1.1,,0.011627906976744186,L2DF.L2L,216
Chen et al. (2012): Sample 1,89,L2V,L2G,1,1,1,1,,Mixed,SL,II,AA,Beyond,2012,Chen et al.,1.1,,0.011627906976744186,L2V.L2G,217
Chen et al. (2012): Sample 1,89,L2V,L2P,1,1,1,1,0.43,Mixed,SL,II,AA,Beyond,2012,Chen et al.,1.1,0.4598966812126785,0.011627906976744186,L2V.L2P,218
Chen et al. (2012): Sample 1,89,L2V,L2M,1,1,1,1,0.33,Mixed,SL,II,AA,Beyond,2012,Chen et al.,1.1,0.3428282544153939,0.011627906976744186,L2V.L2M,219
Chen et al. (2012): Sample 1,89,L2V,L2M,1,1,1,2,0.48,Mixed,SL,II,AA,Beyond,2012,Chen et al.,1.2,0.5229842775913438,0.011627906976744186,L2V.L2M,220
Chen et al. (2012): Sample 1,89,L2V,L2L,1,1,1,1,,Mixed,SL,II,AA,Beyond,2012,Chen et al.,1.1,,0.011627906976744186,L2V.L2L,221
Chen et al. (2012): Sample 1,89,L2G,L2P,1,1,1,1,,Mixed,SL,II,AA,Beyond,2012,Chen et al.,1.1,,0.011627906976744186,L2G.L2P,222
Chen et al. (2012): Sample 1,89,L2G,L2M,1,1,1,1,,Mixed,SL,II,AA,Beyond,2012,Chen et al.,1.1,,0.011627906976744186,L2G.L2M,223
Chen et al. (2012): Sample 1,89,L2G,L2M,1,1,1,2,,Mixed,SL,II,AA,Beyond,2012,Chen et al.,1.2,,0.011627906976744186,L2G.L2M,224
Chen et al. (2012): Sample 1,89,L2G,L2L,1,1,1,1,,Mixed,SL,II,AA,Beyond,2012,Chen et al.,1.1,,0.011627906976744186,L2G.L2L,225
Chen et al. (2012): Sample 1,89,L2P,L2M,1,1,1,1,0.08,Mixed,SL,II,AA,Beyond,2012,Chen et al.,1.1,0.08017132503758968,0.011627906976744186,L2P.L2M,226
Chen et al. (2012): Sample 1,89,L2P,L2M,1,1,1,2,0.56,Mixed,SL,II,AA,Beyond,2012,Chen et al.,1.2,0.632833186665638,0.011627906976744186,L2P.L2M,227
Chen et al. (2012): Sample 1,89,L2P,L2L,1,1,1,1,,Mixed,SL,II,AA,Beyond,2012,Chen et al.,1.1,,0.011627906976744186,L2P.L2L,228
Chen et al. (2012): Sample 1,89,L2M,L2M,1,1,1,2,0.21,Mixed,SL,II,AA,Beyond,2012,Chen et al.,1.2,0.21317134656485978,0.011627906976744186,L2M.L2M,229
Chen et al. (2012): Sample 1,89,L2M,L2L,1,1,1,1,,Mixed,SL,II,AA,Beyond,2012,Chen et al.,1.1,,0.011627906976744186,L2M.L2L,230
Chen et al. (2012): Sample 1,89,L2M,L2L,1,1,2,1,,Mixed,SL,II,AA,Beyond,2012,Chen et al.,2.1,,0.011627906976744186,L2M.L2L,231
Chen et al. (2012): Sample 2,77,L2R,L2DA,2,1,1,1,0.72,Mixed,SL,IL,AL,Beyond,2012,Chen et al.,1.1,0.9076449833191245,0.013513513513513514,L2R.L2DA,232
Chen et al. (2012): Sample 2,77,L2R,L2DF,2,1,1,1,,Mixed,SL,IL,AL,Beyond,2012,Chen et al.,1.1,,0.013513513513513514,L2R.L2DF,233
Chen et al. (2012): Sample 2,77,L2R,L2V,2,1,1,1,0.71,Mixed,SL,IL,AL,Beyond,2012,Chen et al.,1.1,0.8871838632580928,0.013513513513513514,L2R.L2V,234
Chen et al. (2012): Sample 2,77,L2R,L2G,2,1,1,1,,Mixed,SL,IL,AL,Beyond,2012,Chen et al.,1.1,,0.013513513513513514,L2R.L2G,235
Chen et al. (2012): Sample 2,77,L2R,L2P,2,1,1,1,0.8,Mixed,SL,IL,AL,Beyond,2012,Chen et al.,1.1,1.0986122886681098,0.013513513513513514,L2R.L2P,236
Chen et al. (2012): Sample 2,77,L2R,L2M,2,1,1,1,0.4,Mixed,SL,IL,AL,Beyond,2012,Chen et al.,1.1,0.42364893019360184,0.013513513513513514,L2R.L2M,237
Chen et al. (2012): Sample 2,77,L2R,L2M,2,1,1,2,0.81,Mixed,SL,IL,AL,Beyond,2012,Chen et al.,1.2,1.1270290260496927,0.013513513513513514,L2R.L2M,238
Chen et al. (2012): Sample 2,77,L2R,L2L,2,1,1,1,,Mixed,SL,IL,AL,Beyond,2012,Chen et al.,1.1,,0.013513513513513514,L2R.L2L,239
Chen et al. (2012): Sample 2,77,L2DA,L2DF,2,1,1,1,,Mixed,SL,IL,AL,Beyond,2012,Chen et al.,1.1,,0.013513513513513514,L2DA.L2DF,240
Chen et al. (2012): Sample 2,77,L2DA,L2V,2,1,1,1,0.76,Mixed,SL,IL,AL,Beyond,2012,Chen et al.,1.1,0.9962150823451031,0.013513513513513514,L2DA.L2V,241
Chen et al. (2012): Sample 2,77,L2DA,L2G,2,1,1,1,,Mixed,SL,IL,AL,Beyond,2012,Chen et al.,1.1,,0.013513513513513514,L2DA.L2G,242
Chen et al. (2012): Sample 2,77,L2DA,L2P,2,1,1,1,0.76,Mixed,SL,IL,AL,Beyond,2012,Chen et al.,1.1,0.9962150823451031,0.013513513513513514,L2DA.L2P,243
Chen et al. (2012): Sample 2,77,L2DA,L2M,2,1,1,1,0.52,Mixed,SL,IL,AL,Beyond,2012,Chen et al.,1.1,0.5763397549691928,0.013513513513513514,L2DA.L2M,244
Chen et al. (2012): Sample 2,77,L2DA,L2M,2,1,1,2,0.81,Mixed,SL,IL,AL,Beyond,2012,Chen et al.,1.2,1.1270290260496927,0.013513513513513514,L2DA.L2M,245
Chen et al. (2012): Sample 2,77,L2DA,L2L,2,1,1,1,,Mixed,SL,IL,AL,Beyond,2012,Chen et al.,1.1,,0.013513513513513514,L2DA.L2L,246
Chen et al. (2012): Sample 2,77,L2DF,L2V,2,1,1,1,,Mixed,SL,IL,AL,Beyond,2012,Chen et al.,1.1,,0.013513513513513514,L2DF.L2V,247
Chen et al. (2012): Sample 2,77,L2DF,L2G,2,1,1,1,,Mixed,SL,IL,AL,Beyond,2012,Chen et al.,1.1,,0.013513513513513514,L2DF.L2G,248
Chen et al. (2012): Sample 2,77,L2DF,L2P,2,1,1,1,,Mixed,SL,IL,AL,Beyond,2012,Chen et al.,1.1,,0.013513513513513514,L2DF.L2P,249
Chen et al. (2012): Sample 2,77,L2DF,L2M,2,1,1,1,,Mixed,SL,IL,AL,Beyond,2012,Chen et al.,1.1,,0.013513513513513514,L2DF.L2M,250
Chen et al. (2012): Sample 2,77,L2DF,L2M,2,1,1,2,,Mixed,SL,IL,AL,Beyond,2012,Chen et al.,1.2,,0.013513513513513514,L2DF.L2M,251
Chen et al. (2012): Sample 2,77,L2DF,L2L,2,1,1,1,,Mixed,SL,IL,AL,Beyond,2012,Chen et al.,1.1,,0.013513513513513514,L2DF.L2L,252
Chen et al. (2012): Sample 2,77,L2V,L2G,2,1,1,1,,Mixed,SL,IL,AL,Beyond,2012,Chen et al.,1.1,,0.013513513513513514,L2V.L2G,253
Chen et al. (2012): Sample 2,77,L2V,L2P,2,1,1,1,0.74,Mixed,SL,IL,AL,Beyond,2012,Chen et al.,1.1,0.9504793805965235,0.013513513513513514,L2V.L2P,254
Chen et al. (2012): Sample 2,77,L2V,L2M,2,1,1,1,0.55,Mixed,SL,IL,AL,Beyond,2012,Chen et al.,1.1,0.6183813135744636,0.013513513513513514,L2V.L2M,255
Chen et al. (2012): Sample 2,77,L2V,L2M,2,1,1,2,0.78,Mixed,SL,IL,AL,Beyond,2012,Chen et al.,1.2,1.0453705484668847,0.013513513513513514,L2V.L2M,256
Chen et al. (2012): Sample 2,77,L2V,L2L,2,1,1,1,,Mixed,SL,IL,AL,Beyond,2012,Chen et al.,1.1,,0.013513513513513514,L2V.L2L,257
Chen et al. (2012): Sample 2,77,L2G,L2P,2,1,1,1,,Mixed,SL,IL,AL,Beyond,2012,Chen et al.,1.1,,0.013513513513513514,L2G.L2P,258
Chen et al. (2012): Sample 2,77,L2G,L2M,2,1,1,1,,Mixed,SL,IL,AL,Beyond,2012,Chen et al.,1.1,,0.013513513513513514,L2G.L2M,259
Chen et al. (2012): Sample 2,77,L2G,L2M,2,1,1,2,,Mixed,SL,IL,AL,Beyond,2012,Chen et al.,1.2,,0.013513513513513514,L2G.L2M,260
Chen et al. (2012): Sample 2,77,L2G,L2L,2,1,1,1,,Mixed,SL,IL,AL,Beyond,2012,Chen et al.,1.1,,0.013513513513513514,L2G.L2L,261
Chen et al. (2012): Sample 2,77,L2P,L2M,2,1,1,1,0.49,Mixed,SL,IL,AL,Beyond,2012,Chen et al.,1.1,0.5360603366105666,0.013513513513513514,L2P.L2M,262
Chen et al. (2012): Sample 2,77,L2P,L2M,2,1,1,2,0.86,Mixed,SL,IL,AL,Beyond,2012,Chen et al.,1.2,1.2933446720489712,0.013513513513513514,L2P.L2M,263
Chen et al. (2012): Sample 2,77,L2P,L2L,2,1,1,1,,Mixed,SL,IL,AL,Beyond,2012,Chen et al.,1.1,,0.013513513513513514,L2P.L2L,264
Chen et al. (2012): Sample 2,77,L2M,L2M,2,1,1,2,0.49,Mixed,SL,IL,AL,Beyond,2012,Chen et al.,1.2,0.5360603366105666,0.013513513513513514,L2M.L2M,265
Chen et al. (2012): Sample 2,77,L2M,L2L,2,1,1,1,,Mixed,SL,IL,AL,Beyond,2012,Chen et al.,1.1,,0.013513513513513514,L2M.L2L,266
Chen et al. (2012): Sample 2,77,L2M,L2L,2,1,2,1,,Mixed,SL,IL,AL,Beyond,2012,Chen et al.,2.1,,0.013513513513513514,L2M.L2L,267
Choi et al. (2003): Sample 1,132,L2R,L2R,1,1,1,2,0.63,Adolescent/Adult,FL,IL,AM,Beyond,2003,Choi et al.,1.2,0.7414161440812689,0.007751937984496124,L2R.L2R,268
Choi et al. (2003): Sample 1,132,L2R,L2DA,1,1,1,1,,Adolescent/Adult,FL,IL,AM,Beyond,2003,Choi et al.,1.1,,0.007751937984496124,L2R.L2DA,269
Choi et al. (2003): Sample 1,132,L2R,L2DA,1,1,2,1,,Adolescent/Adult,FL,IL,AM,Beyond,2003,Choi et al.,2.1,,0.007751937984496124,L2R.L2DA,270
Choi et al. (2003): Sample 1,132,L2R,L2DF,1,1,1,1,,Adolescent/Adult,FL,IL,AM,Beyond,2003,Choi et al.,1.1,,0.007751937984496124,L2R.L2DF,271
Choi et al. (2003): Sample 1,132,L2R,L2DF,1,1,2,1,,Adolescent/Adult,FL,IL,AM,Beyond,2003,Choi et al.,2.1,,0.007751937984496124,L2R.L2DF,272
Choi et al. (2003): Sample 1,132,L2R,L2V,1,1,1,1,0.66,Adolescent/Adult,FL,IL,AM,Beyond,2003,Choi et al.,1.1,0.7928136318701909,0.007751937984496124,L2R.L2V,273
Choi et al. (2003): Sample 1,132,L2R,L2V,1,1,2,1,0.63,Adolescent/Adult,FL,IL,AM,Beyond,2003,Choi et al.,2.1,0.7414161440812689,0.007751937984496124,L2R.L2V,274
Choi et al. (2003): Sample 1,132,L2R,L2V,1,1,1,2,0.64,Adolescent/Adult,FL,IL,AM,Beyond,2003,Choi et al.,1.2,0.7581737446840442,0.007751937984496124,L2R.L2V,275
Choi et al. (2003): Sample 1,132,L2R,L2V,1,1,2,2,0.71,Adolescent/Adult,FL,IL,AM,Beyond,2003,Choi et al.,2.2,0.8871838632580928,0.007751937984496124,L2R.L2V,276
Choi et al. (2003): Sample 1,132,L2R,L2G,1,1,1,1,0.53,Adolescent/Adult,FL,IL,AM,Beyond,2003,Choi et al.,1.1,0.5901451598411885,0.007751937984496124,L2R.L2G,277
Choi et al. (2003): Sample 1,132,L2R,L2G,1,1,2,1,0.58,Adolescent/Adult,FL,IL,AM,Beyond,2003,Choi et al.,2.1,0.6624627073717991,0.007751937984496124,L2R.L2G,278
Choi et al. (2003): Sample 1,132,L2R,L2G,1,1,1,2,0.53,Adolescent/Adult,FL,IL,AM,Beyond,2003,Choi et al.,1.2,0.5901451598411885,0.007751937984496124,L2R.L2G,279
Choi et al. (2003): Sample 1,132,L2R,L2G,1,1,2,2,0.57,Adolescent/Adult,FL,IL,AM,Beyond,2003,Choi et al.,2.2,0.6475228448273728,0.007751937984496124,L2R.L2G,280
Choi et al. (2003): Sample 1,132,L2R,L2P,1,1,1,1,,Adolescent/Adult,FL,IL,AM,Beyond,2003,Choi et al.,1.1,,0.007751937984496124,L2R.L2P,281
Choi et al. (2003): Sample 1,132,L2R,L2P,1,1,2,1,,Adolescent/Adult,FL,IL,AM,Beyond,2003,Choi et al.,2.1,,0.007751937984496124,L2R.L2P,282
Choi et al. (2003): Sample 1,132,L2R,L2M,1,1,1,1,,Adolescent/Adult,FL,IL,AM,Beyond,2003,Choi et al.,1.1,,0.007751937984496124,L2R.L2M,283
Choi et al. (2003): Sample 1,132,L2R,L2M,1,1,2,1,,Adolescent/Adult,FL,IL,AM,Beyond,2003,Choi et al.,2.1,,0.007751937984496124,L2R.L2M,284
Choi et al. (2003): Sample 1,132,L2R,L2L,1,1,1,1,0.57,Adolescent/Adult,FL,IL,AM,Beyond,2003,Choi et al.,1.1,0.6475228448273728,0.007751937984496124,L2R.L2L,285
Choi et al. (2003): Sample 1,132,L2R,L2L,1,1,2,1,0.66,Adolescent/Adult,FL,IL,AM,Beyond,2003,Choi et al.,2.1,0.7928136318701909,0.007751937984496124,L2R.L2L,286
Choi et al. (2003): Sample 1,132,L2R,L2L,1,1,1,2,0.5,Adolescent/Adult,FL,IL,AM,Beyond,2003,Choi et al.,1.2,0.5493061443340549,0.007751937984496124,L2R.L2L,287
Choi et al. (2003): Sample 1,132,L2R,L2L,1,1,2,2,0.59,Adolescent/Adult,FL,IL,AM,Beyond,2003,Choi et al.,2.2,0.6776660677579618,0.007751937984496124,L2R.L2L,288
Choi et al. (2003): Sample 1,132,L2DA,L2DF,1,1,1,1,,Adolescent/Adult,FL,IL,AM,Beyond,2003,Choi et al.,1.1,,0.007751937984496124,L2DA.L2DF,289
Choi et al. (2003): Sample 1,132,L2DA,L2V,1,1,1,1,,Adolescent/Adult,FL,IL,AM,Beyond,2003,Choi et al.,1.1,,0.007751937984496124,L2DA.L2V,290
Choi et al. (2003): Sample 1,132,L2DA,L2V,1,1,1,2,,Adolescent/Adult,FL,IL,AM,Beyond,2003,Choi et al.,1.2,,0.007751937984496124,L2DA.L2V,291
Choi et al. (2003): Sample 1,132,L2DA,L2G,1,1,1,1,,Adolescent/Adult,FL,IL,AM,Beyond,2003,Choi et al.,1.1,,0.007751937984496124,L2DA.L2G,292
Choi et al. (2003): Sample 1,132,L2DA,L2G,1,1,1,2,,Adolescent/Adult,FL,IL,AM,Beyond,2003,Choi et al.,1.2,,0.007751937984496124,L2DA.L2G,293
Choi et al. (2003): Sample 1,132,L2DA,L2P,1,1,1,1,,Adolescent/Adult,FL,IL,AM,Beyond,2003,Choi et al.,1.1,,0.007751937984496124,L2DA.L2P,294
Choi et al. (2003): Sample 1,132,L2DA,L2M,1,1,1,1,,Adolescent/Adult,FL,IL,AM,Beyond,2003,Choi et al.,1.1,,0.007751937984496124,L2DA.L2M,295
Choi et al. (2003): Sample 1,132,L2DA,L2L,1,1,1,1,,Adolescent/Adult,FL,IL,AM,Beyond,2003,Choi et al.,1.1,,0.007751937984496124,L2DA.L2L,296
Choi et al. (2003): Sample 1,132,L2DA,L2L,1,1,1,2,,Adolescent/Adult,FL,IL,AM,Beyond,2003,Choi et al.,1.2,,0.007751937984496124,L2DA.L2L,297
Choi et al. (2003): Sample 1,132,L2DF,L2V,1,1,1,1,,Adolescent/Adult,FL,IL,AM,Beyond,2003,Choi et al.,1.1,,0.007751937984496124,L2DF.L2V,298
Choi et al. (2003): Sample 1,132,L2DF,L2V,1,1,1,2,,Adolescent/Adult,FL,IL,AM,Beyond,2003,Choi et al.,1.2,,0.007751937984496124,L2DF.L2V,299
Choi et al. (2003): Sample 1,132,L2DF,L2G,1,1,1,1,,Adolescent/Adult,FL,IL,AM,Beyond,2003,Choi et al.,1.1,,0.007751937984496124,L2DF.L2G,300
Choi et al. (2003): Sample 1,132,L2DF,L2G,1,1,1,2,,Adolescent/Adult,FL,IL,AM,Beyond,2003,Choi et al.,1.2,,0.007751937984496124,L2DF.L2G,301
Choi et al. (2003): Sample 1,132,L2DF,L2P,1,1,1,1,,Adolescent/Adult,FL,IL,AM,Beyond,2003,Choi et al.,1.1,,0.007751937984496124,L2DF.L2P,302
Choi et al. (2003): Sample 1,132,L2DF,L2M,1,1,1,1,,Adolescent/Adult,FL,IL,AM,Beyond,2003,Choi et al.,1.1,,0.007751937984496124,L2DF.L2M,303
Choi et al. (2003): Sample 1,132,L2DF,L2L,1,1,1,1,,Adolescent/Adult,FL,IL,AM,Beyond,2003,Choi et al.,1.1,,0.007751937984496124,L2DF.L2L,304
Choi et al. (2003): Sample 1,132,L2DF,L2L,1,1,1,2,,Adolescent/Adult,FL,IL,AM,Beyond,2003,Choi et al.,1.2,,0.007751937984496124,L2DF.L2L,305
Choi et al. (2003): Sample 1,132,L2V,L2V,1,1,1,2,0.67,Adolescent/Adult,FL,IL,AM,Beyond,2003,Choi et al.,1.2,0.8107431254751375,0.007751937984496124,L2V.L2V,306
Choi et al. (2003): Sample 1,132,L2V,L2G,1,1,1,1,0.6,Adolescent/Adult,FL,IL,AM,Beyond,2003,Choi et al.,1.1,0.6931471805599453,0.007751937984496124,L2V.L2G,307
Choi et al. (2003): Sample 1,132,L2V,L2G,1,1,2,1,0.57,Adolescent/Adult,FL,IL,AM,Beyond,2003,Choi et al.,2.1,0.6475228448273728,0.007751937984496124,L2V.L2G,308
Choi et al. (2003): Sample 1,132,L2V,L2G,1,1,1,2,0.63,Adolescent/Adult,FL,IL,AM,Beyond,2003,Choi et al.,1.2,0.7414161440812689,0.007751937984496124,L2V.L2G,309
Choi et al. (2003): Sample 1,132,L2V,L2G,1,1,2,2,0.65,Adolescent/Adult,FL,IL,AM,Beyond,2003,Choi et al.,2.2,0.7752987062055836,0.007751937984496124,L2V.L2G,310
Choi et al. (2003): Sample 1,132,L2V,L2P,1,1,1,1,,Adolescent/Adult,FL,IL,AM,Beyond,2003,Choi et al.,1.1,,0.007751937984496124,L2V.L2P,311
Choi et al. (2003): Sample 1,132,L2V,L2P,1,1,2,1,,Adolescent/Adult,FL,IL,AM,Beyond,2003,Choi et al.,2.1,,0.007751937984496124,L2V.L2P,312
Choi et al. (2003): Sample 1,132,L2V,L2M,1,1,1,1,,Adolescent/Adult,FL,IL,AM,Beyond,2003,Choi et al.,1.1,,0.007751937984496124,L2V.L2M,313
Choi et al. (2003): Sample 1,132,L2V,L2M,1,1,2,1,,Adolescent/Adult,FL,IL,AM,Beyond,2003,Choi et al.,2.1,,0.007751937984496124,L2V.L2M,314
Choi et al. (2003): Sample 1,132,L2V,L2L,1,1,1,1,0.64,Adolescent/Adult,FL,IL,AM,Beyond,2003,Choi et al.,1.1,0.7581737446840442,0.007751937984496124,L2V.L2L,315
Choi et al. (2003): Sample 1,132,L2V,L2L,1,1,2,1,0.64,Adolescent/Adult,FL,IL,AM,Beyond,2003,Choi et al.,2.1,0.7581737446840442,0.007751937984496124,L2V.L2L,316
Choi et al. (2003): Sample 1,132,L2V,L2L,1,1,1,2,0.62,Adolescent/Adult,FL,IL,AM,Beyond,2003,Choi et al.,1.2,0.7250050877529992,0.007751937984496124,L2V.L2L,317
Choi et al. (2003): Sample 1,132,L2V,L2L,1,1,2,2,0.66,Adolescent/Adult,FL,IL,AM,Beyond,2003,Choi et al.,2.2,0.7928136318701909,0.007751937984496124,L2V.L2L,318
Choi et al. (2003): Sample 1,132,L2G,L2G,1,1,1,2,0.71,Adolescent/Adult,FL,IL,AM,Beyond,2003,Choi et al.,1.2,0.8871838632580928,0.007751937984496124,L2G.L2G,319
Choi et al. (2003): Sample 1,132,L2G,L2P,1,1,1,1,,Adolescent/Adult,FL,IL,AM,Beyond,2003,Choi et al.,1.1,,0.007751937984496124,L2G.L2P,320
Choi et al. (2003): Sample 1,132,L2G,L2P,1,1,2,1,,Adolescent/Adult,FL,IL,AM,Beyond,2003,Choi et al.,2.1,,0.007751937984496124,L2G.L2P,321
Choi et al. (2003): Sample 1,132,L2G,L2M,1,1,1,1,,Adolescent/Adult,FL,IL,AM,Beyond,2003,Choi et al.,1.1,,0.007751937984496124,L2G.L2M,322
Choi et al. (2003): Sample 1,132,L2G,L2M,1,1,2,1,,Adolescent/Adult,FL,IL,AM,Beyond,2003,Choi et al.,2.1,,0.007751937984496124,L2G.L2M,323
Choi et al. (2003): Sample 1,132,L2G,L2L,1,1,1,1,0.55,Adolescent/Adult,FL,IL,AM,Beyond,2003,Choi et al.,1.1,0.6183813135744636,0.007751937984496124,L2G.L2L,324
Choi et al. (2003): Sample 1,132,L2G,L2L,1,1,2,1,0.66,Adolescent/Adult,FL,IL,AM,Beyond,2003,Choi et al.,2.1,0.7928136318701909,0.007751937984496124,L2G.L2L,325
Choi et al. (2003): Sample 1,132,L2G,L2L,1,1,1,2,0.66,Adolescent/Adult,FL,IL,AM,Beyond,2003,Choi et al.,1.2,0.7928136318701909,0.007751937984496124,L2G.L2L,326
Choi et al. (2003): Sample 1,132,L2G,L2L,1,1,2,2,0.76,Adolescent/Adult,FL,IL,AM,Beyond,2003,Choi et al.,2.2,0.9962150823451031,0.007751937984496124,L2G.L2L,327
Choi et al. (2003): Sample 1,132,L2P,L2M,1,1,1,1,,Adolescent/Adult,FL,IL,AM,Beyond,2003,Choi et al.,1.1,,0.007751937984496124,L2P.L2M,328
Choi et al. (2003): Sample 1,132,L2P,L2L,1,1,1,1,,Adolescent/Adult,FL,IL,AM,Beyond,2003,Choi et al.,1.1,,0.007751937984496124,L2P.L2L,329
Choi et al. (2003): Sample 1,132,L2P,L2L,1,1,1,2,,Adolescent/Adult,FL,IL,AM,Beyond,2003,Choi et al.,1.2,,0.007751937984496124,L2P.L2L,330
Choi et al. (2003): Sample 1,132,L2M,L2L,1,1,1,1,,Adolescent/Adult,FL,IL,AM,Beyond,2003,Choi et al.,1.1,,0.007751937984496124,L2M.L2L,331
Choi et al. (2003): Sample 1,132,L2M,L2L,1,1,1,2,,Adolescent/Adult,FL,IL,AM,Beyond,2003,Choi et al.,1.2,,0.007751937984496124,L2M.L2L,332
Choi et al. (2003): Sample 1,132,L2L,L2L,1,1,1,2,0.76,Adolescent/Adult,FL,IL,AM,Beyond,2003,Choi et al.,1.2,0.9962150823451031,0.007751937984496124,L2L.L2L,333
Choi et al. (2003): Sample 2,132,L2R,L2R,2,1,1,2,0.63,Adolescent/Adult,FL,IL,AM,Beyond,2003,Choi et al.,1.2,0.7414161440812689,0.007751937984496124,L2R.L2R,334
Choi et al. (2003): Sample 2,132,L2R,L2DA,2,1,1,1,,Adolescent/Adult,FL,IL,AM,Beyond,2003,Choi et al.,1.1,,0.007751937984496124,L2R.L2DA,335
Choi et al. (2003): Sample 2,132,L2R,L2DA,2,1,2,1,,Adolescent/Adult,FL,IL,AM,Beyond,2003,Choi et al.,2.1,,0.007751937984496124,L2R.L2DA,336
Choi et al. (2003): Sample 2,132,L2R,L2DF,2,1,1,1,,Adolescent/Adult,FL,IL,AM,Beyond,2003,Choi et al.,1.1,,0.007751937984496124,L2R.L2DF,337
Choi et al. (2003): Sample 2,132,L2R,L2DF,2,1,2,1,,Adolescent/Adult,FL,IL,AM,Beyond,2003,Choi et al.,2.1,,0.007751937984496124,L2R.L2DF,338
Choi et al. (2003): Sample 2,132,L2R,L2V,2,1,1,1,0.7,Adolescent/Adult,FL,IL,AM,Beyond,2003,Choi et al.,1.1,0.8673005276940532,0.007751937984496124,L2R.L2V,339
Choi et al. (2003): Sample 2,132,L2R,L2V,2,1,2,1,0.55,Adolescent/Adult,FL,IL,AM,Beyond,2003,Choi et al.,2.1,0.6183813135744636,0.007751937984496124,L2R.L2V,340
Choi et al. (2003): Sample 2,132,L2R,L2V,2,1,1,2,0.68,Adolescent/Adult,FL,IL,AM,Beyond,2003,Choi et al.,1.2,0.8291140383017662,0.007751937984496124,L2R.L2V,341
Choi et al. (2003): Sample 2,132,L2R,L2V,2,1,2,2,0.63,Adolescent/Adult,FL,IL,AM,Beyond,2003,Choi et al.,2.2,0.7414161440812689,0.007751937984496124,L2R.L2V,342
Choi et al. (2003): Sample 2,132,L2R,L2G,2,1,1,1,0.7,Adolescent/Adult,FL,IL,AM,Beyond,2003,Choi et al.,1.1,0.8673005276940532,0.007751937984496124,L2R.L2G,343
Choi et al. (2003): Sample 2,132,L2R,L2G,2,1,2,1,0.58,Adolescent/Adult,FL,IL,AM,Beyond,2003,Choi et al.,2.1,0.6624627073717991,0.007751937984496124,L2R.L2G,344
Choi et al. (2003): Sample 2,132,L2R,L2G,2,1,1,2,0.7,Adolescent/Adult,FL,IL,AM,Beyond,2003,Choi et al.,1.2,0.8673005276940532,0.007751937984496124,L2R.L2G,345
Choi et al. (2003): Sample 2,132,L2R,L2G,2,1,2,2,0.6,Adolescent/Adult,FL,IL,AM,Beyond,2003,Choi et al.,2.2,0.6931471805599453,0.007751937984496124,L2R.L2G,346
Choi et al. (2003): Sample 2,132,L2R,L2P,2,1,1,1,,Adolescent/Adult,FL,IL,AM,Beyond,2003,Choi et al.,1.1,,0.007751937984496124,L2R.L2P,347
Choi et al. (2003): Sample 2,132,L2R,L2P,2,1,2,1,,Adolescent/Adult,FL,IL,AM,Beyond,2003,Choi et al.,2.1,,0.007751937984496124,L2R.L2P,348
Choi et al. (2003): Sample 2,132,L2R,L2M,2,1,1,1,,Adolescent/Adult,FL,IL,AM,Beyond,2003,Choi et al.,1.1,,0.007751937984496124,L2R.L2M,349
Choi et al. (2003): Sample 2,132,L2R,L2M,2,1,2,1,,Adolescent/Adult,FL,IL,AM,Beyond,2003,Choi et al.,2.1,,0.007751937984496124,L2R.L2M,350
Choi et al. (2003): Sample 2,132,L2R,L2L,2,1,1,1,0.6,Adolescent/Adult,FL,IL,AM,Beyond,2003,Choi et al.,1.1,0.6931471805599453,0.007751937984496124,L2R.L2L,351
Choi et al. (2003): Sample 2,132,L2R,L2L,2,1,2,1,0.47,Adolescent/Adult,FL,IL,AM,Beyond,2003,Choi et al.,2.1,0.5100703366133073,0.007751937984496124,L2R.L2L,352
Choi et al. (2003): Sample 2,132,L2R,L2L,2,1,1,2,0.74,Adolescent/Adult,FL,IL,AM,Beyond,2003,Choi et al.,1.2,0.9504793805965235,0.007751937984496124,L2R.L2L,353
Choi et al. (2003): Sample 2,132,L2R,L2L,2,1,2,2,0.59,Adolescent/Adult,FL,IL,AM,Beyond,2003,Choi et al.,2.2,0.6776660677579618,0.007751937984496124,L2R.L2L,354
Choi et al. (2003): Sample 2,132,L2DA,L2DF,2,1,1,1,,Adolescent/Adult,FL,IL,AM,Beyond,2003,Choi et al.,1.1,,0.007751937984496124,L2DA.L2DF,355
Choi et al. (2003): Sample 2,132,L2DA,L2V,2,1,1,1,,Adolescent/Adult,FL,IL,AM,Beyond,2003,Choi et al.,1.1,,0.007751937984496124,L2DA.L2V,356
Choi et al. (2003): Sample 2,132,L2DA,L2V,2,1,1,2,,Adolescent/Adult,FL,IL,AM,Beyond,2003,Choi et al.,1.2,,0.007751937984496124,L2DA.L2V,357
Choi et al. (2003): Sample 2,132,L2DA,L2G,2,1,1,1,,Adolescent/Adult,FL,IL,AM,Beyond,2003,Choi et al.,1.1,,0.007751937984496124,L2DA.L2G,358
Choi et al. (2003): Sample 2,132,L2DA,L2G,2,1,1,2,,Adolescent/Adult,FL,IL,AM,Beyond,2003,Choi et al.,1.2,,0.007751937984496124,L2DA.L2G,359
Choi et al. (2003): Sample 2,132,L2DA,L2P,2,1,1,1,,Adolescent/Adult,FL,IL,AM,Beyond,2003,Choi et al.,1.1,,0.007751937984496124,L2DA.L2P,360
Choi et al. (2003): Sample 2,132,L2DA,L2M,2,1,1,1,,Adolescent/Adult,FL,IL,AM,Beyond,2003,Choi et al.,1.1,,0.007751937984496124,L2DA.L2M,361
Choi et al. (2003): Sample 2,132,L2DA,L2L,2,1,1,1,,Adolescent/Adult,FL,IL,AM,Beyond,2003,Choi et al.,1.1,,0.007751937984496124,L2DA.L2L,362
Choi et al. (2003): Sample 2,132,L2DA,L2L,2,1,1,2,,Adolescent/Adult,FL,IL,AM,Beyond,2003,Choi et al.,1.2,,0.007751937984496124,L2DA.L2L,363
Choi et al. (2003): Sample 2,132,L2DF,L2V,2,1,1,1,,Adolescent/Adult,FL,IL,AM,Beyond,2003,Choi et al.,1.1,,0.007751937984496124,L2DF.L2V,364
Choi et al. (2003): Sample 2,132,L2DF,L2V,2,1,1,2,,Adolescent/Adult,FL,IL,AM,Beyond,2003,Choi et al.,1.2,,0.007751937984496124,L2DF.L2V,365
Choi et al. (2003): Sample 2,132,L2DF,L2G,2,1,1,1,,Adolescent/Adult,FL,IL,AM,Beyond,2003,Choi et al.,1.1,,0.007751937984496124,L2DF.L2G,366
Choi et al. (2003): Sample 2,132,L2DF,L2G,2,1,1,2,,Adolescent/Adult,FL,IL,AM,Beyond,2003,Choi et al.,1.2,,0.007751937984496124,L2DF.L2G,367
Choi et al. (2003): Sample 2,132,L2DF,L2P,2,1,1,1,,Adolescent/Adult,FL,IL,AM,Beyond,2003,Choi et al.,1.1,,0.007751937984496124,L2DF.L2P,368
Choi et al. (2003): Sample 2,132,L2DF,L2M,2,1,1,1,,Adolescent/Adult,FL,IL,AM,Beyond,2003,Choi et al.,1.1,,0.007751937984496124,L2DF.L2M,369
Choi et al. (2003): Sample 2,132,L2DF,L2L,2,1,1,1,,Adolescent/Adult,FL,IL,AM,Beyond,2003,Choi et al.,1.1,,0.007751937984496124,L2DF.L2L,370
Choi et al. (2003): Sample 2,132,L2DF,L2L,2,1,1,2,,Adolescent/Adult,FL,IL,AM,Beyond,2003,Choi et al.,1.2,,0.007751937984496124,L2DF.L2L,371
Choi et al. (2003): Sample 2,132,L2V,L2V,2,1,1,2,0.72,Adolescent/Adult,FL,IL,AM,Beyond,2003,Choi et al.,1.2,0.9076449833191245,0.007751937984496124,L2V.L2V,372
Choi et al. (2003): Sample 2,132,L2V,L2G,2,1,1,1,0.69,Adolescent/Adult,FL,IL,AM,Beyond,2003,Choi et al.,1.1,0.8479557552189635,0.007751937984496124,L2V.L2G,373
Choi et al. (2003): Sample 2,132,L2V,L2G,2,1,2,1,0.78,Adolescent/Adult,FL,IL,AM,Beyond,2003,Choi et al.,2.1,1.0453705484668847,0.007751937984496124,L2V.L2G,374
Choi et al. (2003): Sample 2,132,L2V,L2G,2,1,1,2,0.73,Adolescent/Adult,FL,IL,AM,Beyond,2003,Choi et al.,1.2,0.9287273642467249,0.007751937984496124,L2V.L2G,375
Choi et al. (2003): Sample 2,132,L2V,L2G,2,1,2,2,0.73,Adolescent/Adult,FL,IL,AM,Beyond,2003,Choi et al.,2.2,0.9287273642467249,0.007751937984496124,L2V.L2G,376
Choi et al. (2003): Sample 2,132,L2V,L2P,2,1,1,1,,Adolescent/Adult,FL,IL,AM,Beyond,2003,Choi et al.,1.1,,0.007751937984496124,L2V.L2P,377
Choi et al. (2003): Sample 2,132,L2V,L2P,2,1,2,1,,Adolescent/Adult,FL,IL,AM,Beyond,2003,Choi et al.,2.1,,0.007751937984496124,L2V.L2P,378
Choi et al. (2003): Sample 2,132,L2V,L2M,2,1,1,1,,Adolescent/Adult,FL,IL,AM,Beyond,2003,Choi et al.,1.1,,0.007751937984496124,L2V.L2M,379
Choi et al. (2003): Sample 2,132,L2V,L2M,2,1,2,1,,Adolescent/Adult,FL,IL,AM,Beyond,2003,Choi et al.,2.1,,0.007751937984496124,L2V.L2M,380
Choi et al. (2003): Sample 2,132,L2V,L2L,2,1,1,1,0.65,Adolescent/Adult,FL,IL,AM,Beyond,2003,Choi et al.,1.1,0.7752987062055836,0.007751937984496124,L2V.L2L,381
Choi et al. (2003): Sample 2,132,L2V,L2L,2,1,2,1,0.63,Adolescent/Adult,FL,IL,AM,Beyond,2003,Choi et al.,2.1,0.7414161440812689,0.007751937984496124,L2V.L2L,382
Choi et al. (2003): Sample 2,132,L2V,L2L,2,1,1,2,0.74,Adolescent/Adult,FL,IL,AM,Beyond,2003,Choi et al.,1.2,0.9504793805965235,0.007751937984496124,L2V.L2L,383
Choi et al. (2003): Sample 2,132,L2V,L2L,2,1,2,2,0.7,Adolescent/Adult,FL,IL,AM,Beyond,2003,Choi et al.,2.2,0.8673005276940532,0.007751937984496124,L2V.L2L,384
Choi et al. (2003): Sample 2,132,L2G,L2G,2,1,1,2,0.76,Adolescent/Adult,FL,IL,AM,Beyond,2003,Choi et al.,1.2,0.9962150823451031,0.007751937984496124,L2G.L2G,385
Choi et al. (2003): Sample 2,132,L2G,L2P,2,1,1,1,,Adolescent/Adult,FL,IL,AM,Beyond,2003,Choi et al.,1.1,,0.007751937984496124,L2G.L2P,386
Choi et al. (2003): Sample 2,132,L2G,L2P,2,1,2,1,,Adolescent/Adult,FL,IL,AM,Beyond,2003,Choi et al.,2.1,,0.007751937984496124,L2G.L2P,387
Choi et al. (2003): Sample 2,132,L2G,L2M,2,1,1,1,,Adolescent/Adult,FL,IL,AM,Beyond,2003,Choi et al.,1.1,,0.007751937984496124,L2G.L2M,388
Choi et al. (2003): Sample 2,132,L2G,L2M,2,1,2,1,,Adolescent/Adult,FL,IL,AM,Beyond,2003,Choi et al.,2.1,,0.007751937984496124,L2G.L2M,389
Choi et al. (2003): Sample 2,132,L2G,L2L,2,1,1,1,0.59,Adolescent/Adult,FL,IL,AM,Beyond,2003,Choi et al.,1.1,0.6776660677579618,0.007751937984496124,L2G.L2L,390
Choi et al. (2003): Sample 2,132,L2G,L2L,2,1,2,1,0.62,Adolescent/Adult,FL,IL,AM,Beyond,2003,Choi et al.,2.1,0.7250050877529992,0.007751937984496124,L2G.L2L,391
Choi et al. (2003): Sample 2,132,L2G,L2L,2,1,1,2,0.65,Adolescent/Adult,FL,IL,AM,Beyond,2003,Choi et al.,1.2,0.7752987062055836,0.007751937984496124,L2G.L2L,392
Choi et al. (2003): Sample 2,132,L2G,L2L,2,1,2,2,0.71,Adolescent/Adult,FL,IL,AM,Beyond,2003,Choi et al.,2.2,0.8871838632580928,0.007751937984496124,L2G.L2L,393
Choi et al. (2003): Sample 2,132,L2P,L2M,2,1,1,1,,Adolescent/Adult,FL,IL,AM,Beyond,2003,Choi et al.,1.1,,0.007751937984496124,L2P.L2M,394
Choi et al. (2003): Sample 2,132,L2P,L2L,2,1,1,1,,Adolescent/Adult,FL,IL,AM,Beyond,2003,Choi et al.,1.1,,0.007751937984496124,L2P.L2L,395
Choi et al. (2003): Sample 2,132,L2P,L2L,2,1,1,2,,Adolescent/Adult,FL,IL,AM,Beyond,2003,Choi et al.,1.2,,0.007751937984496124,L2P.L2L,396
Choi et al. (2003): Sample 2,132,L2M,L2L,2,1,1,1,,Adolescent/Adult,FL,IL,AM,Beyond,2003,Choi et al.,1.1,,0.007751937984496124,L2M.L2L,397
Choi et al. (2003): Sample 2,132,L2M,L2L,2,1,1,2,,Adolescent/Adult,FL,IL,AM,Beyond,2003,Choi et al.,1.2,,0.007751937984496124,L2M.L2L,398
Choi et al. (2003): Sample 2,132,L2L,L2L,2,1,1,2,0.72,Adolescent/Adult,FL,IL,AM,Beyond,2003,Choi et al.,1.2,0.9076449833191245,0.007751937984496124,L2L.L2L,399
Chun & Payne (2004),11,L2R,L2DA,1,1,1,1,,Adolescent/Adult,FL,II,AA,Beyond,2004,Chun & Payne,1.1,,0.125,L2R.L2DA,400
Chun & Payne (2004),11,L2R,L2DF,1,1,1,1,,Adolescent/Adult,FL,II,AA,Beyond,2004,Chun & Payne,1.1,,0.125,L2R.L2DF,401
Chun & Payne (2004),11,L2R,L2V,1,1,1,1,0.38,Adolescent/Adult,FL,II,AA,Beyond,2004,Chun & Payne,1.1,0.40005965005605654,0.125,L2R.L2V,402
Chun & Payne (2004),11,L2R,L2G,1,1,1,1,,Adolescent/Adult,FL,II,AA,Beyond,2004,Chun & Payne,1.1,,0.125,L2R.L2G,403
Chun & Payne (2004),11,L2R,L2P,1,1,1,1,,Adolescent/Adult,FL,II,AA,Beyond,2004,Chun & Payne,1.1,,0.125,L2R.L2P,404
Chun & Payne (2004),11,L2R,L2M,1,1,1,1,,Adolescent/Adult,FL,II,AA,Beyond,2004,Chun & Payne,1.1,,0.125,L2R.L2M,405
Chun & Payne (2004),11,L2R,L2L,1,1,1,1,,Adolescent/Adult,FL,II,AA,Beyond,2004,Chun & Payne,1.1,,0.125,L2R.L2L,406
Chun & Payne (2004),11,L2DA,L2DF,1,1,1,1,,Adolescent/Adult,FL,II,AA,Beyond,2004,Chun & Payne,1.1,,0.125,L2DA.L2DF,407
Chun & Payne (2004),11,L2DA,L2V,1,1,1,1,,Adolescent/Adult,FL,II,AA,Beyond,2004,Chun & Payne,1.1,,0.125,L2DA.L2V,408
Chun & Payne (2004),11,L2DA,L2G,1,1,1,1,,Adolescent/Adult,FL,II,AA,Beyond,2004,Chun & Payne,1.1,,0.125,L2DA.L2G,409
Chun & Payne (2004),11,L2DA,L2P,1,1,1,1,,Adolescent/Adult,FL,II,AA,Beyond,2004,Chun & Payne,1.1,,0.125,L2DA.L2P,410
Chun & Payne (2004),11,L2DA,L2M,1,1,1,1,,Adolescent/Adult,FL,II,AA,Beyond,2004,Chun & Payne,1.1,,0.125,L2DA.L2M,411
Chun & Payne (2004),11,L2DA,L2L,1,1,1,1,,Adolescent/Adult,FL,II,AA,Beyond,2004,Chun & Payne,1.1,,0.125,L2DA.L2L,412
Chun & Payne (2004),11,L2DF,L2V,1,1,1,1,,Adolescent/Adult,FL,II,AA,Beyond,2004,Chun & Payne,1.1,,0.125,L2DF.L2V,413
Chun & Payne (2004),11,L2DF,L2G,1,1,1,1,,Adolescent/Adult,FL,II,AA,Beyond,2004,Chun & Payne,1.1,,0.125,L2DF.L2G,414
Chun & Payne (2004),11,L2DF,L2P,1,1,1,1,,Adolescent/Adult,FL,II,AA,Beyond,2004,Chun & Payne,1.1,,0.125,L2DF.L2P,415
Chun & Payne (2004),11,L2DF,L2M,1,1,1,1,,Adolescent/Adult,FL,II,AA,Beyond,2004,Chun & Payne,1.1,,0.125,L2DF.L2M,416
Chun & Payne (2004),11,L2DF,L2L,1,1,1,1,,Adolescent/Adult,FL,II,AA,Beyond,2004,Chun & Payne,1.1,,0.125,L2DF.L2L,417
Chun & Payne (2004),11,L2V,L2G,1,1,1,1,,Adolescent/Adult,FL,II,AA,Beyond,2004,Chun & Payne,1.1,,0.125,L2V.L2G,418
Chun & Payne (2004),11,L2V,L2P,1,1,1,1,,Adolescent/Adult,FL,II,AA,Beyond,2004,Chun & Payne,1.1,,0.125,L2V.L2P,419
Chun & Payne (2004),11,L2V,L2M,1,1,1,1,,Adolescent/Adult,FL,II,AA,Beyond,2004,Chun & Payne,1.1,,0.125,L2V.L2M,420
Chun & Payne (2004),11,L2V,L2L,1,1,1,1,,Adolescent/Adult,FL,II,AA,Beyond,2004,Chun & Payne,1.1,,0.125,L2V.L2L,421
Chun & Payne (2004),11,L2G,L2P,1,1,1,1,,Adolescent/Adult,FL,II,AA,Beyond,2004,Chun & Payne,1.1,,0.125,L2G.L2P,422
Chun & Payne (2004),11,L2G,L2M,1,1,1,1,,Adolescent/Adult,FL,II,AA,Beyond,2004,Chun & Payne,1.1,,0.125,L2G.L2M,423
Chun & Payne (2004),11,L2G,L2L,1,1,1,1,,Adolescent/Adult,FL,II,AA,Beyond,2004,Chun & Payne,1.1,,0.125,L2G.L2L,424
Chun & Payne (2004),11,L2P,L2M,1,1,1,1,,Adolescent/Adult,FL,II,AA,Beyond,2004,Chun & Payne,1.1,,0.125,L2P.L2M,425
Chun & Payne (2004),11,L2P,L2L,1,1,1,1,,Adolescent/Adult,FL,II,AA,Beyond,2004,Chun & Payne,1.1,,0.125,L2P.L2L,426
Chun & Payne (2004),11,L2M,L2L,1,1,1,1,,Adolescent/Adult,FL,II,AA,Beyond,2004,Chun & Payne,1.1,,0.125,L2M.L2L,427
Edele & Stanat (2016): Sample 1,502,L2R,L2DA,1,1,1,1,,Adolescent/Adult,SL,II/IL,AA/AN,Beyond,2016,Edele & Stanat,1.1,,0.002004008016032064,L2R.L2DA,428
Edele & Stanat (2016): Sample 1,502,L2R,L2DF,1,1,1,1,0.27,Adolescent/Adult,SL,II/IL,AA/AN,Beyond,2016,Edele & Stanat,1.1,0.27686382265510007,0.002004008016032064,L2R.L2DF,429
Edele & Stanat (2016): Sample 1,502,L2R,L2V,1,1,1,1,0.48,Adolescent/Adult,SL,II/IL,AA/AN,Beyond,2016,Edele & Stanat,1.1,0.5229842775913438,0.002004008016032064,L2R.L2V,430
Edele & Stanat (2016): Sample 1,502,L2R,L2G,1,1,1,1,,Adolescent/Adult,SL,II/IL,AA/AN,Beyond,2016,Edele & Stanat,1.1,,0.002004008016032064,L2R.L2G,431
Edele & Stanat (2016): Sample 1,502,L2R,L2P,1,1,1,1,,Adolescent/Adult,SL,II/IL,AA/AN,Beyond,2016,Edele & Stanat,1.1,,0.002004008016032064,L2R.L2P,432
Edele & Stanat (2016): Sample 1,502,L2R,L2M,1,1,1,1,,Adolescent/Adult,SL,II/IL,AA/AN,Beyond,2016,Edele & Stanat,1.1,,0.002004008016032064,L2R.L2M,433
Edele & Stanat (2016): Sample 1,502,L2R,L2L,1,1,1,1,,Adolescent/Adult,SL,II/IL,AA/AN,Beyond,2016,Edele & Stanat,1.1,,0.002004008016032064,L2R.L2L,434
Edele & Stanat (2016): Sample 1,502,L2DA,L2DF,1,1,1,1,,Adolescent/Adult,SL,II/IL,AA/AN,Beyond,2016,Edele & Stanat,1.1,,0.002004008016032064,L2DA.L2DF,435
Edele & Stanat (2016): Sample 1,502,L2DA,L2V,1,1,1,1,,Adolescent/Adult,SL,II/IL,AA/AN,Beyond,2016,Edele & Stanat,1.1,,0.002004008016032064,L2DA.L2V,436
Edele & Stanat (2016): Sample 1,502,L2DA,L2G,1,1,1,1,,Adolescent/Adult,SL,II/IL,AA/AN,Beyond,2016,Edele & Stanat,1.1,,0.002004008016032064,L2DA.L2G,437
Edele & Stanat (2016): Sample 1,502,L2DA,L2P,1,1,1,1,,Adolescent/Adult,SL,II/IL,AA/AN,Beyond,2016,Edele & Stanat,1.1,,0.002004008016032064,L2DA.L2P,438
Edele & Stanat (2016): Sample 1,502,L2DA,L2M,1,1,1,1,,Adolescent/Adult,SL,II/IL,AA/AN,Beyond,2016,Edele & Stanat,1.1,,0.002004008016032064,L2DA.L2M,439
Edele & Stanat (2016): Sample 1,502,L2DA,L2L,1,1,1,1,,Adolescent/Adult,SL,II/IL,AA/AN,Beyond,2016,Edele & Stanat,1.1,,0.002004008016032064,L2DA.L2L,440
Edele & Stanat (2016): Sample 1,502,L2DF,L2V,1,1,1,1,,Adolescent/Adult,SL,II/IL,AA/AN,Beyond,2016,Edele & Stanat,1.1,,0.002004008016032064,L2DF.L2V,441
Edele & Stanat (2016): Sample 1,502,L2DF,L2G,1,1,1,1,0.35,Adolescent/Adult,SL,II/IL,AA/AN,Beyond,2016,Edele & Stanat,1.1,0.3654437542713961,0.002004008016032064,L2DF.L2G,442
Edele & Stanat (2016): Sample 1,502,L2DF,L2P,1,1,1,1,,Adolescent/Adult,SL,II/IL,AA/AN,Beyond,2016,Edele & Stanat,1.1,,0.002004008016032064,L2DF.L2P,443
Edele & Stanat (2016): Sample 1,502,L2DF,L2M,1,1,1,1,,Adolescent/Adult,SL,II/IL,AA/AN,Beyond,2016,Edele & Stanat,1.1,,0.002004008016032064,L2DF.L2M,444
Edele & Stanat (2016): Sample 1,502,L2DF,L2L,1,1,1,1,,Adolescent/Adult,SL,II/IL,AA/AN,Beyond,2016,Edele & Stanat,1.1,,0.002004008016032064,L2DF.L2L,445
Edele & Stanat (2016): Sample 1,502,L2V,L2G,1,1,1,1,,Adolescent/Adult,SL,II/IL,AA/AN,Beyond,2016,Edele & Stanat,1.1,,0.002004008016032064,L2V.L2G,446
Edele & Stanat (2016): Sample 1,502,L2V,L2P,1,1,1,1,,Adolescent/Adult,SL,II/IL,AA/AN,Beyond,2016,Edele & Stanat,1.1,,0.002004008016032064,L2V.L2P,447
Edele & Stanat (2016): Sample 1,502,L2V,L2M,1,1,1,1,,Adolescent/Adult,SL,II/IL,AA/AN,Beyond,2016,Edele & Stanat,1.1,,0.002004008016032064,L2V.L2M,448
Edele & Stanat (2016): Sample 1,502,L2V,L2L,1,1,1,1,,Adolescent/Adult,SL,II/IL,AA/AN,Beyond,2016,Edele & Stanat,1.1,,0.002004008016032064,L2V.L2L,449
Edele & Stanat (2016): Sample 1,502,L2G,L2P,1,1,1,1,,Adolescent/Adult,SL,II/IL,AA/AN,Beyond,2016,Edele & Stanat,1.1,,0.002004008016032064,L2G.L2P,450
Edele & Stanat (2016): Sample 1,502,L2G,L2M,1,1,1,1,,Adolescent/Adult,SL,II/IL,AA/AN,Beyond,2016,Edele & Stanat,1.1,,0.002004008016032064,L2G.L2M,451
Edele & Stanat (2016): Sample 1,502,L2G,L2L,1,1,1,1,,Adolescent/Adult,SL,II/IL,AA/AN,Beyond,2016,Edele & Stanat,1.1,,0.002004008016032064,L2G.L2L,452
Edele & Stanat (2016): Sample 1,502,L2P,L2M,1,1,1,1,,Adolescent/Adult,SL,II/IL,AA/AN,Beyond,2016,Edele & Stanat,1.1,,0.002004008016032064,L2P.L2M,453
Edele & Stanat (2016): Sample 1,502,L2P,L2L,1,1,1,1,,Adolescent/Adult,SL,II/IL,AA/AN,Beyond,2016,Edele & Stanat,1.1,,0.002004008016032064,L2P.L2L,454
Edele & Stanat (2016): Sample 1,502,L2M,L2L,1,1,1,1,,Adolescent/Adult,SL,II/IL,AA/AN,Beyond,2016,Edele & Stanat,1.1,,0.002004008016032064,L2M.L2L,455
Edele & Stanat (2016): Sample 2,662,L2R,L2DA,2,1,1,1,,Adolescent/Adult,SL,II/IL,AA/AN,Beyond,2016,Edele & Stanat,1.1,,0.0015174506828528073,L2R.L2DA,456
Edele & Stanat (2016): Sample 2,662,L2R,L2DF,2,1,1,1,0.2,Adolescent/Adult,SL,II/IL,AA/AN,Beyond,2016,Edele & Stanat,1.1,0.2027325540540822,0.0015174506828528073,L2R.L2DF,457
Edele & Stanat (2016): Sample 2,662,L2R,L2V,2,1,1,1,0.44,Adolescent/Adult,SL,II/IL,AA/AN,Beyond,2016,Edele & Stanat,1.1,0.47223080442042564,0.0015174506828528073,L2R.L2V,458
Edele & Stanat (2016): Sample 2,662,L2R,L2G,2,1,1,1,,Adolescent/Adult,SL,II/IL,AA/AN,Beyond,2016,Edele & Stanat,1.1,,0.0015174506828528073,L2R.L2G,459
Edele & Stanat (2016): Sample 2,662,L2R,L2P,2,1,1,1,,Adolescent/Adult,SL,II/IL,AA/AN,Beyond,2016,Edele & Stanat,1.1,,0.0015174506828528073,L2R.L2P,460
Edele & Stanat (2016): Sample 2,662,L2R,L2M,2,1,1,1,,Adolescent/Adult,SL,II/IL,AA/AN,Beyond,2016,Edele & Stanat,1.1,,0.0015174506828528073,L2R.L2M,461
Edele & Stanat (2016): Sample 2,662,L2R,L2L,2,1,1,1,,Adolescent/Adult,SL,II/IL,AA/AN,Beyond,2016,Edele & Stanat,1.1,,0.0015174506828528073,L2R.L2L,462
Edele & Stanat (2016): Sample 2,662,L2DA,L2DF,2,1,1,1,,Adolescent/Adult,SL,II/IL,AA/AN,Beyond,2016,Edele & Stanat,1.1,,0.0015174506828528073,L2DA.L2DF,463
Edele & Stanat (2016): Sample 2,662,L2DA,L2V,2,1,1,1,,Adolescent/Adult,SL,II/IL,AA/AN,Beyond,2016,Edele & Stanat,1.1,,0.0015174506828528073,L2DA.L2V,464
Edele & Stanat (2016): Sample 2,662,L2DA,L2G,2,1,1,1,,Adolescent/Adult,SL,II/IL,AA/AN,Beyond,2016,Edele & Stanat,1.1,,0.0015174506828528073,L2DA.L2G,465
Edele & Stanat (2016): Sample 2,662,L2DA,L2P,2,1,1,1,,Adolescent/Adult,SL,II/IL,AA/AN,Beyond,2016,Edele & Stanat,1.1,,0.0015174506828528073,L2DA.L2P,466
Edele & Stanat (2016): Sample 2,662,L2DA,L2M,2,1,1,1,,Adolescent/Adult,SL,II/IL,AA/AN,Beyond,2016,Edele & Stanat,1.1,,0.0015174506828528073,L2DA.L2M,467
Edele & Stanat (2016): Sample 2,662,L2DA,L2L,2,1,1,1,,Adolescent/Adult,SL,II/IL,AA/AN,Beyond,2016,Edele & Stanat,1.1,,0.0015174506828528073,L2DA.L2L,468
Edele & Stanat (2016): Sample 2,662,L2DF,L2V,2,1,1,1,,Adolescent/Adult,SL,II/IL,AA/AN,Beyond,2016,Edele & Stanat,1.1,,0.0015174506828528073,L2DF.L2V,469
Edele & Stanat (2016): Sample 2,662,L2DF,L2G,2,1,1,1,0.28,Adolescent/Adult,SL,II/IL,AA/AN,Beyond,2016,Edele & Stanat,1.1,0.28768207245178096,0.0015174506828528073,L2DF.L2G,470
Edele & Stanat (2016): Sample 2,662,L2DF,L2P,2,1,1,1,,Adolescent/Adult,SL,II/IL,AA/AN,Beyond,2016,Edele & Stanat,1.1,,0.0015174506828528073,L2DF.L2P,471
Edele & Stanat (2016): Sample 2,662,L2DF,L2M,2,1,1,1,,Adolescent/Adult,SL,II/IL,AA/AN,Beyond,2016,Edele & Stanat,1.1,,0.0015174506828528073,L2DF.L2M,472
Edele & Stanat (2016): Sample 2,662,L2DF,L2L,2,1,1,1,,Adolescent/Adult,SL,II/IL,AA/AN,Beyond,2016,Edele & Stanat,1.1,,0.0015174506828528073,L2DF.L2L,473
Edele & Stanat (2016): Sample 2,662,L2V,L2G,2,1,1,1,,Adolescent/Adult,SL,II/IL,AA/AN,Beyond,2016,Edele & Stanat,1.1,,0.0015174506828528073,L2V.L2G,474
Edele & Stanat (2016): Sample 2,662,L2V,L2P,2,1,1,1,,Adolescent/Adult,SL,II/IL,AA/AN,Beyond,2016,Edele & Stanat,1.1,,0.0015174506828528073,L2V.L2P,475
Edele & Stanat (2016): Sample 2,662,L2V,L2M,2,1,1,1,,Adolescent/Adult,SL,II/IL,AA/AN,Beyond,2016,Edele & Stanat,1.1,,0.0015174506828528073,L2V.L2M,476
Edele & Stanat (2016): Sample 2,662,L2V,L2L,2,1,1,1,,Adolescent/Adult,SL,II/IL,AA/AN,Beyond,2016,Edele & Stanat,1.1,,0.0015174506828528073,L2V.L2L,477
Edele & Stanat (2016): Sample 2,662,L2G,L2P,2,1,1,1,,Adolescent/Adult,SL,II/IL,AA/AN,Beyond,2016,Edele & Stanat,1.1,,0.0015174506828528073,L2G.L2P,478
Edele & Stanat (2016): Sample 2,662,L2G,L2M,2,1,1,1,,Adolescent/Adult,SL,II/IL,AA/AN,Beyond,2016,Edele & Stanat,1.1,,0.0015174506828528073,L2G.L2M,479
Edele & Stanat (2016): Sample 2,662,L2G,L2L,2,1,1,1,,Adolescent/Adult,SL,II/IL,AA/AN,Beyond,2016,Edele & Stanat,1.1,,0.0015174506828528073,L2G.L2L,480
Edele & Stanat (2016): Sample 2,662,L2P,L2M,2,1,1,1,,Adolescent/Adult,SL,II/IL,AA/AN,Beyond,2016,Edele & Stanat,1.1,,0.0015174506828528073,L2P.L2M,481
Edele & Stanat (2016): Sample 2,662,L2P,L2L,2,1,1,1,,Adolescent/Adult,SL,II/IL,AA/AN,Beyond,2016,Edele & Stanat,1.1,,0.0015174506828528073,L2P.L2L,482
Edele & Stanat (2016): Sample 2,662,L2M,L2L,2,1,1,1,,Adolescent/Adult,SL,II/IL,AA/AN,Beyond,2016,Edele & Stanat,1.1,,0.0015174506828528073,L2M.L2L,483
Erçetin & Alptekin (2013),51,L2R,L2DA,1,1,1,1,,Adolescent/Adult,FL,IL,AA,Beyond,2013,Erçetin & Alptekin,1.1,,0.020833333333333332,L2R.L2DA,484
Erçetin & Alptekin (2013),51,L2R,L2DF,1,1,1,1,,Adolescent/Adult,FL,IL,AA,Beyond,2013,Erçetin & Alptekin,1.1,,0.020833333333333332,L2R.L2DF,485
Erçetin & Alptekin (2013),51,L2R,L2V,1,1,1,1,,Adolescent/Adult,FL,IL,AA,Beyond,2013,Erçetin & Alptekin,1.1,,0.020833333333333332,L2R.L2V,486
Erçetin & Alptekin (2013),51,L2R,L2G,1,1,1,1,0.32,Adolescent/Adult,FL,IL,AA,Beyond,2013,Erçetin & Alptekin,1.1,0.33164710870513214,0.020833333333333332,L2R.L2G,487
Erçetin & Alptekin (2013),51,L2R,L2G,1,1,1,2,0.09,Adolescent/Adult,FL,IL,AA,Beyond,2013,Erçetin & Alptekin,1.2,0.09024418785614682,0.020833333333333332,L2R.L2G,488
Erçetin & Alptekin (2013),51,L2R,L2P,1,1,1,1,,Adolescent/Adult,FL,IL,AA,Beyond,2013,Erçetin & Alptekin,1.1,,0.020833333333333332,L2R.L2P,489
Erçetin & Alptekin (2013),51,L2R,L2M,1,1,1,1,,Adolescent/Adult,FL,IL,AA,Beyond,2013,Erçetin & Alptekin,1.1,,0.020833333333333332,L2R.L2M,490
Erçetin & Alptekin (2013),51,L2R,L2L,1,1,1,1,,Adolescent/Adult,FL,IL,AA,Beyond,2013,Erçetin & Alptekin,1.1,,0.020833333333333332,L2R.L2L,491
Erçetin & Alptekin (2013),51,L2DA,L2DF,1,1,1,1,,Adolescent/Adult,FL,IL,AA,Beyond,2013,Erçetin & Alptekin,1.1,,0.020833333333333332,L2DA.L2DF,492
Erçetin & Alptekin (2013),51,L2DA,L2V,1,1,1,1,,Adolescent/Adult,FL,IL,AA,Beyond,2013,Erçetin & Alptekin,1.1,,0.020833333333333332,L2DA.L2V,493
Erçetin & Alptekin (2013),51,L2DA,L2G,1,1,1,1,,Adolescent/Adult,FL,IL,AA,Beyond,2013,Erçetin & Alptekin,1.1,,0.020833333333333332,L2DA.L2G,494
Erçetin & Alptekin (2013),51,L2DA,L2G,1,1,1,2,,Adolescent/Adult,FL,IL,AA,Beyond,2013,Erçetin & Alptekin,1.2,,0.020833333333333332,L2DA.L2G,495
Erçetin & Alptekin (2013),51,L2DA,L2P,1,1,1,1,,Adolescent/Adult,FL,IL,AA,Beyond,2013,Erçetin & Alptekin,1.1,,0.020833333333333332,L2DA.L2P,496
Erçetin & Alptekin (2013),51,L2DA,L2M,1,1,1,1,,Adolescent/Adult,FL,IL,AA,Beyond,2013,Erçetin & Alptekin,1.1,,0.020833333333333332,L2DA.L2M,497
Erçetin & Alptekin (2013),51,L2DA,L2L,1,1,1,1,,Adolescent/Adult,FL,IL,AA,Beyond,2013,Erçetin & Alptekin,1.1,,0.020833333333333332,L2DA.L2L,498
Erçetin & Alptekin (2013),51,L2DF,L2V,1,1,1,1,,Adolescent/Adult,FL,IL,AA,Beyond,2013,Erçetin & Alptekin,1.1,,0.020833333333333332,L2DF.L2V,499
Erçetin & Alptekin (2013),51,L2DF,L2G,1,1,1,1,,Adolescent/Adult,FL,IL,AA,Beyond,2013,Erçetin & Alptekin,1.1,,0.020833333333333332,L2DF.L2G,500
Erçetin & Alptekin (2013),51,L2DF,L2G,1,1,1,2,,Adolescent/Adult,FL,IL,AA,Beyond,2013,Erçetin & Alptekin,1.2,,0.020833333333333332,L2DF.L2G,501
Erçetin & Alptekin (2013),51,L2DF,L2P,1,1,1,1,,Adolescent/Adult,FL,IL,AA,Beyond,2013,Erçetin & Alptekin,1.1,,0.020833333333333332,L2DF.L2P,502
Erçetin & Alptekin (2013),51,L2DF,L2M,1,1,1,1,,Adolescent/Adult,FL,IL,AA,Beyond,2013,Erçetin & Alptekin,1.1,,0.020833333333333332,L2DF.L2M,503
Erçetin & Alptekin (2013),51,L2DF,L2L,1,1,1,1,,Adolescent/Adult,FL,IL,AA,Beyond,2013,Erçetin & Alptekin,1.1,,0.020833333333333332,L2DF.L2L,504
Erçetin & Alptekin (2013),51,L2V,L2G,1,1,1,1,,Adolescent/Adult,FL,IL,AA,Beyond,2013,Erçetin & Alptekin,1.1,,0.020833333333333332,L2V.L2G,505
Erçetin & Alptekin (2013),51,L2V,L2G,1,1,1,2,,Adolescent/Adult,FL,IL,AA,Beyond,2013,Erçetin & Alptekin,1.2,,0.020833333333333332,L2V.L2G,506
Erçetin & Alptekin (2013),51,L2V,L2P,1,1,1,1,,Adolescent/Adult,FL,IL,AA,Beyond,2013,Erçetin & Alptekin,1.1,,0.020833333333333332,L2V.L2P,507
Erçetin & Alptekin (2013),51,L2V,L2M,1,1,1,1,,Adolescent/Adult,FL,IL,AA,Beyond,2013,Erçetin & Alptekin,1.1,,0.020833333333333332,L2V.L2M,508
Erçetin & Alptekin (2013),51,L2V,L2L,1,1,1,1,,Adolescent/Adult,FL,IL,AA,Beyond,2013,Erçetin & Alptekin,1.1,,0.020833333333333332,L2V.L2L,509
Erçetin & Alptekin (2013),51,L2G,L2G,1,1,1,2,0.24,Adolescent/Adult,FL,IL,AA,Beyond,2013,Erçetin & Alptekin,1.2,0.2447741126593529,0.020833333333333332,L2G.L2G,510
Erçetin & Alptekin (2013),51,L2G,L2P,1,1,1,1,,Adolescent/Adult,FL,IL,AA,Beyond,2013,Erçetin & Alptekin,1.1,,0.020833333333333332,L2G.L2P,511
Erçetin & Alptekin (2013),51,L2G,L2P,1,1,2,1,,Adolescent/Adult,FL,IL,AA,Beyond,2013,Erçetin & Alptekin,2.1,,0.020833333333333332,L2G.L2P,512
Erçetin & Alptekin (2013),51,L2G,L2M,1,1,1,1,,Adolescent/Adult,FL,IL,AA,Beyond,2013,Erçetin & Alptekin,1.1,,0.020833333333333332,L2G.L2M,513
Erçetin & Alptekin (2013),51,L2G,L2M,1,1,2,1,,Adolescent/Adult,FL,IL,AA,Beyond,2013,Erçetin & Alptekin,2.1,,0.020833333333333332,L2G.L2M,514
Erçetin & Alptekin (2013),51,L2G,L2L,1,1,1,1,,Adolescent/Adult,FL,IL,AA,Beyond,2013,Erçetin & Alptekin,1.1,,0.020833333333333332,L2G.L2L,515
Erçetin & Alptekin (2013),51,L2G,L2L,1,1,2,1,,Adolescent/Adult,FL,IL,AA,Beyond,2013,Erçetin & Alptekin,2.1,,0.020833333333333332,L2G.L2L,516
Erçetin & Alptekin (2013),51,L2P,L2M,1,1,1,1,,Adolescent/Adult,FL,IL,AA,Beyond,2013,Erçetin & Alptekin,1.1,,0.020833333333333332,L2P.L2M,517
Erçetin & Alptekin (2013),51,L2P,L2L,1,1,1,1,,Adolescent/Adult,FL,IL,AA,Beyond,2013,Erçetin & Alptekin,1.1,,0.020833333333333332,L2P.L2L,518
Erçetin & Alptekin (2013),51,L2M,L2L,1,1,1,1,,Adolescent/Adult,FL,IL,AA,Beyond,2013,Erçetin & Alptekin,1.1,,0.020833333333333332,L2M.L2L,519
Francis et al. (2006),192,L2R,L2DA,1,1,1,1,0.73,Young,SL,II,AA,Beyond,2006,Francis et al.,1.1,0.9287273642467249,0.005291005291005291,L2R.L2DA,520
Francis et al. (2006),192,L2R,L2DF,1,1,1,1,0.61,Young,SL,II,AA,Beyond,2006,Francis et al.,1.1,0.7089213594274082,0.005291005291005291,L2R.L2DF,521
Francis et al. (2006),192,L2R,L2V,1,1,1,1,,Young,SL,II,AA,Beyond,2006,Francis et al.,1.1,,0.005291005291005291,L2R.L2V,522
Francis et al. (2006),192,L2R,L2G,1,1,1,1,,Young,SL,II,AA,Beyond,2006,Francis et al.,1.1,,0.005291005291005291,L2R.L2G,523
Francis et al. (2006),192,L2R,L2P,1,1,1,1,0.66,Young,SL,II,AA,Beyond,2006,Francis et al.,1.1,0.7928136318701909,0.005291005291005291,L2R.L2P,524
Francis et al. (2006),192,L2R,L2M,1,1,1,1,,Young,SL,II,AA,Beyond,2006,Francis et al.,1.1,,0.005291005291005291,L2R.L2M,525
Francis et al. (2006),192,L2R,L2L,1,1,1,1,0.99,Young,SL,II,AA,Beyond,2006,Francis et al.,1.1,2.6466524123622457,0.005291005291005291,L2R.L2L,526
Francis et al. (2006),192,L2DA,L2DF,1,1,1,1,0.64,Young,SL,II,AA,Beyond,2006,Francis et al.,1.1,0.7581737446840442,0.005291005291005291,L2DA.L2DF,527
Francis et al. (2006),192,L2DA,L2V,1,1,1,1,,Young,SL,II,AA,Beyond,2006,Francis et al.,1.1,,0.005291005291005291,L2DA.L2V,528
Francis et al. (2006),192,L2DA,L2G,1,1,1,1,,Young,SL,II,AA,Beyond,2006,Francis et al.,1.1,,0.005291005291005291,L2DA.L2G,529
Francis et al. (2006),192,L2DA,L2P,1,1,1,1,0.54,Young,SL,II,AA,Beyond,2006,Francis et al.,1.1,0.6041556029622671,0.005291005291005291,L2DA.L2P,530
Francis et al. (2006),192,L2DA,L2M,1,1,1,1,,Young,SL,II,AA,Beyond,2006,Francis et al.,1.1,,0.005291005291005291,L2DA.L2M,531
Francis et al. (2006),192,L2DA,L2L,1,1,1,1,0.6,Young,SL,II,AA,Beyond,2006,Francis et al.,1.1,0.6931471805599453,0.005291005291005291,L2DA.L2L,532
Francis et al. (2006),192,L2DF,L2V,1,1,1,1,,Young,SL,II,AA,Beyond,2006,Francis et al.,1.1,,0.005291005291005291,L2DF.L2V,533
Francis et al. (2006),192,L2DF,L2G,1,1,1,1,,Young,SL,II,AA,Beyond,2006,Francis et al.,1.1,,0.005291005291005291,L2DF.L2G,534
Francis et al. (2006),192,L2DF,L2P,1,1,1,1,0.43,Young,SL,II,AA,Beyond,2006,Francis et al.,1.1,0.4598966812126785,0.005291005291005291,L2DF.L2P,535
Francis et al. (2006),192,L2DF,L2M,1,1,1,1,,Young,SL,II,AA,Beyond,2006,Francis et al.,1.1,,0.005291005291005291,L2DF.L2M,536
Francis et al. (2006),192,L2DF,L2L,1,1,1,1,0.49,Young,SL,II,AA,Beyond,2006,Francis et al.,1.1,0.5360603366105666,0.005291005291005291,L2DF.L2L,537
Francis et al. (2006),192,L2V,L2G,1,1,1,1,,Young,SL,II,AA,Beyond,2006,Francis et al.,1.1,,0.005291005291005291,L2V.L2G,538
Francis et al. (2006),192,L2V,L2P,1,1,1,1,,Young,SL,II,AA,Beyond,2006,Francis et al.,1.1,,0.005291005291005291,L2V.L2P,539
Francis et al. (2006),192,L2V,L2M,1,1,1,1,,Young,SL,II,AA,Beyond,2006,Francis et al.,1.1,,0.005291005291005291,L2V.L2M,540
Francis et al. (2006),192,L2V,L2L,1,1,1,1,,Young,SL,II,AA,Beyond,2006,Francis et al.,1.1,,0.005291005291005291,L2V.L2L,541
Francis et al. (2006),192,L2G,L2P,1,1,1,1,,Young,SL,II,AA,Beyond,2006,Francis et al.,1.1,,0.005291005291005291,L2G.L2P,542
Francis et al. (2006),192,L2G,L2M,1,1,1,1,,Young,SL,II,AA,Beyond,2006,Francis et al.,1.1,,0.005291005291005291,L2G.L2M,543
Francis et al. (2006),192,L2G,L2L,1,1,1,1,,Young,SL,II,AA,Beyond,2006,Francis et al.,1.1,,0.005291005291005291,L2G.L2L,544
Francis et al. (2006),192,L2P,L2M,1,1,1,1,,Young,SL,II,AA,Beyond,2006,Francis et al.,1.1,,0.005291005291005291,L2P.L2M,545
Francis et al. (2006),192,L2P,L2L,1,1,1,1,0.66,Young,SL,II,AA,Beyond,2006,Francis et al.,1.1,0.7928136318701909,0.005291005291005291,L2P.L2L,546
Francis et al. (2006),192,L2M,L2L,1,1,1,1,,Young,SL,II,AA,Beyond,2006,Francis et al.,1.1,,0.005291005291005291,L2M.L2L,547
Goodwin et al. (2015),113,L2R,L2DA,1,1,1,1,0.44,Young,SL,II,AA,Beyond,2015,Goodwin et al.,1.1,0.47223080442042564,0.00909090909090909,L2R.L2DA,548
Goodwin et al. (2015),113,L2R,L2DF,1,1,1,1,,Young,SL,II,AA,Beyond,2015,Goodwin et al.,1.1,,0.00909090909090909,L2R.L2DF,549
Goodwin et al. (2015),113,L2R,L2V,1,1,1,1,0.57,Young,SL,II,AA,Beyond,2015,Goodwin et al.,1.1,0.6475228448273728,0.00909090909090909,L2R.L2V,550
Goodwin et al. (2015),113,L2R,L2G,1,1,1,1,,Young,SL,II,AA,Beyond,2015,Goodwin et al.,1.1,,0.00909090909090909,L2R.L2G,551
Goodwin et al. (2015),113,L2R,L2P,1,1,1,1,,Young,SL,II,AA,Beyond,2015,Goodwin et al.,1.1,,0.00909090909090909,L2R.L2P,552
Goodwin et al. (2015),113,L2R,L2M,1,1,1,1,0.62,Young,SL,II,AA,Beyond,2015,Goodwin et al.,1.1,0.7250050877529992,0.00909090909090909,L2R.L2M,553
Goodwin et al. (2015),113,L2R,L2L,1,1,1,1,0.7,Young,SL,II,AA,Beyond,2015,Goodwin et al.,1.1,0.8673005276940532,0.00909090909090909,L2R.L2L,554
Goodwin et al. (2015),113,L2DA,L2DF,1,1,1,1,,Young,SL,II,AA,Beyond,2015,Goodwin et al.,1.1,,0.00909090909090909,L2DA.L2DF,555
Goodwin et al. (2015),113,L2DA,L2V,1,1,1,1,0.26,Young,SL,II,AA,Beyond,2015,Goodwin et al.,1.1,0.2661084068736541,0.00909090909090909,L2DA.L2V,556
Goodwin et al. (2015),113,L2DA,L2G,1,1,1,1,,Young,SL,II,AA,Beyond,2015,Goodwin et al.,1.1,,0.00909090909090909,L2DA.L2G,557
Goodwin et al. (2015),113,L2DA,L2P,1,1,1,1,,Young,SL,II,AA,Beyond,2015,Goodwin et al.,1.1,,0.00909090909090909,L2DA.L2P,558
Goodwin et al. (2015),113,L2DA,L2M,1,1,1,1,0.58,Young,SL,II,AA,Beyond,2015,Goodwin et al.,1.1,0.6624627073717991,0.00909090909090909,L2DA.L2M,559
Goodwin et al. (2015),113,L2DA,L2L,1,1,1,1,0.2,Young,SL,II,AA,Beyond,2015,Goodwin et al.,1.1,0.2027325540540822,0.00909090909090909,L2DA.L2L,560
Goodwin et al. (2015),113,L2DF,L2V,1,1,1,1,,Young,SL,II,AA,Beyond,2015,Goodwin et al.,1.1,,0.00909090909090909,L2DF.L2V,561
Goodwin et al. (2015),113,L2DF,L2G,1,1,1,1,,Young,SL,II,AA,Beyond,2015,Goodwin et al.,1.1,,0.00909090909090909,L2DF.L2G,562
Goodwin et al. (2015),113,L2DF,L2P,1,1,1,1,,Young,SL,II,AA,Beyond,2015,Goodwin et al.,1.1,,0.00909090909090909,L2DF.L2P,563
Goodwin et al. (2015),113,L2DF,L2M,1,1,1,1,,Young,SL,II,AA,Beyond,2015,Goodwin et al.,1.1,,0.00909090909090909,L2DF.L2M,564
Goodwin et al. (2015),113,L2DF,L2L,1,1,1,1,,Young,SL,II,AA,Beyond,2015,Goodwin et al.,1.1,,0.00909090909090909,L2DF.L2L,565
Goodwin et al. (2015),113,L2V,L2G,1,1,1,1,,Young,SL,II,AA,Beyond,2015,Goodwin et al.,1.1,,0.00909090909090909,L2V.L2G,566
Goodwin et al. (2015),113,L2V,L2P,1,1,1,1,,Young,SL,II,AA,Beyond,2015,Goodwin et al.,1.1,,0.00909090909090909,L2V.L2P,567
Goodwin et al. (2015),113,L2V,L2M,1,1,1,1,0.53,Young,SL,II,AA,Beyond,2015,Goodwin et al.,1.1,0.5901451598411885,0.00909090909090909,L2V.L2M,568
Goodwin et al. (2015),113,L2V,L2L,1,1,1,1,0.74,Young,SL,II,AA,Beyond,2015,Goodwin et al.,1.1,0.9504793805965235,0.00909090909090909,L2V.L2L,569
Goodwin et al. (2015),113,L2G,L2P,1,1,1,1,,Young,SL,II,AA,Beyond,2015,Goodwin et al.,1.1,,0.00909090909090909,L2G.L2P,570
Goodwin et al. (2015),113,L2G,L2M,1,1,1,1,,Young,SL,II,AA,Beyond,2015,Goodwin et al.,1.1,,0.00909090909090909,L2G.L2M,571
Goodwin et al. (2015),113,L2G,L2L,1,1,1,1,,Young,SL,II,AA,Beyond,2015,Goodwin et al.,1.1,,0.00909090909090909,L2G.L2L,572
Goodwin et al. (2015),113,L2P,L2M,1,1,1,1,,Young,SL,II,AA,Beyond,2015,Goodwin et al.,1.1,,0.00909090909090909,L2P.L2M,573
Goodwin et al. (2015),113,L2P,L2L,1,1,1,1,,Young,SL,II,AA,Beyond,2015,Goodwin et al.,1.1,,0.00909090909090909,L2P.L2L,574
Goodwin et al. (2015),113,L2M,L2L,1,1,1,1,0.49,Young,SL,II,AA,Beyond,2015,Goodwin et al.,1.1,0.5360603366105666,0.00909090909090909,L2M.L2L,575
Gottardo & Mueller (2009),79,L2R,L2DA,1,1,1,1,0.83,Young,SL,II,AA,Beyond,2009,Gottardo & Mueller,1.1,1.1881364043926024,0.013157894736842105,L2R.L2DA,576
Gottardo & Mueller (2009),79,L2R,L2DF,1,1,1,1,,Young,SL,II,AA,Beyond,2009,Gottardo & Mueller,1.1,,0.013157894736842105,L2R.L2DF,577
Gottardo & Mueller (2009),79,L2R,L2V,1,1,1,1,0.29,Young,SL,II,AA,Beyond,2009,Gottardo & Mueller,1.1,0.29856626366017835,0.013157894736842105,L2R.L2V,578
Gottardo & Mueller (2009),79,L2R,L2G,1,1,1,1,,Young,SL,II,AA,Beyond,2009,Gottardo & Mueller,1.1,,0.013157894736842105,L2R.L2G,579
Gottardo & Mueller (2009),79,L2R,L2P,1,1,1,1,0.5,Young,SL,II,AA,Beyond,2009,Gottardo & Mueller,1.1,0.5493061443340549,0.013157894736842105,L2R.L2P,580
Gottardo & Mueller (2009),79,L2R,L2M,1,1,1,1,,Young,SL,II,AA,Beyond,2009,Gottardo & Mueller,1.1,,0.013157894736842105,L2R.L2M,581
Gottardo & Mueller (2009),79,L2R,L2L,1,1,1,1,,Young,SL,II,AA,Beyond,2009,Gottardo & Mueller,1.1,,0.013157894736842105,L2R.L2L,582
Gottardo & Mueller (2009),79,L2DA,L2DF,1,1,1,1,,Young,SL,II,AA,Beyond,2009,Gottardo & Mueller,1.1,,0.013157894736842105,L2DA.L2DF,583
Gottardo & Mueller (2009),79,L2DA,L2V,1,1,1,1,0.27,Young,SL,II,AA,Beyond,2009,Gottardo & Mueller,1.1,0.27686382265510007,0.013157894736842105,L2DA.L2V,584
Gottardo & Mueller (2009),79,L2DA,L2G,1,1,1,1,,Young,SL,II,AA,Beyond,2009,Gottardo & Mueller,1.1,,0.013157894736842105,L2DA.L2G,585
Gottardo & Mueller (2009),79,L2DA,L2P,1,1,1,1,0.45,Young,SL,II,AA,Beyond,2009,Gottardo & Mueller,1.1,0.48470027859405174,0.013157894736842105,L2DA.L2P,586
Gottardo & Mueller (2009),79,L2DA,L2M,1,1,1,1,,Young,SL,II,AA,Beyond,2009,Gottardo & Mueller,1.1,,0.013157894736842105,L2DA.L2M,587
Gottardo & Mueller (2009),79,L2DA,L2L,1,1,1,1,,Young,SL,II,AA,Beyond,2009,Gottardo & Mueller,1.1,,0.013157894736842105,L2DA.L2L,588
Gottardo & Mueller (2009),79,L2DF,L2V,1,1,1,1,,Young,SL,II,AA,Beyond,2009,Gottardo & Mueller,1.1,,0.013157894736842105,L2DF.L2V,589
Gottardo & Mueller (2009),79,L2DF,L2G,1,1,1,1,,Young,SL,II,AA,Beyond,2009,Gottardo & Mueller,1.1,,0.013157894736842105,L2DF.L2G,590
Gottardo & Mueller (2009),79,L2DF,L2P,1,1,1,1,,Young,SL,II,AA,Beyond,2009,Gottardo & Mueller,1.1,,0.013157894736842105,L2DF.L2P,591
Gottardo & Mueller (2009),79,L2DF,L2M,1,1,1,1,,Young,SL,II,AA,Beyond,2009,Gottardo & Mueller,1.1,,0.013157894736842105,L2DF.L2M,592
Gottardo & Mueller (2009),79,L2DF,L2L,1,1,1,1,,Young,SL,II,AA,Beyond,2009,Gottardo & Mueller,1.1,,0.013157894736842105,L2DF.L2L,593
Gottardo & Mueller (2009),79,L2V,L2G,1,1,1,1,,Young,SL,II,AA,Beyond,2009,Gottardo & Mueller,1.1,,0.013157894736842105,L2V.L2G,594
Gottardo & Mueller (2009),79,L2V,L2P,1,1,1,1,0.41,Young,SL,II,AA,Beyond,2009,Gottardo & Mueller,1.1,0.43561122323622437,0.013157894736842105,L2V.L2P,595
Gottardo & Mueller (2009),79,L2V,L2M,1,1,1,1,,Young,SL,II,AA,Beyond,2009,Gottardo & Mueller,1.1,,0.013157894736842105,L2V.L2M,596
Gottardo & Mueller (2009),79,L2V,L2L,1,1,1,1,,Young,SL,II,AA,Beyond,2009,Gottardo & Mueller,1.1,,0.013157894736842105,L2V.L2L,597
Gottardo & Mueller (2009),79,L2G,L2P,1,1,1,1,,Young,SL,II,AA,Beyond,2009,Gottardo & Mueller,1.1,,0.013157894736842105,L2G.L2P,598
Gottardo & Mueller (2009),79,L2G,L2M,1,1,1,1,,Young,SL,II,AA,Beyond,2009,Gottardo & Mueller,1.1,,0.013157894736842105,L2G.L2M,599
Gottardo & Mueller (2009),79,L2G,L2L,1,1,1,1,,Young,SL,II,AA,Beyond,2009,Gottardo & Mueller,1.1,,0.013157894736842105,L2G.L2L,600
Gottardo & Mueller (2009),79,L2P,L2M,1,1,1,1,,Young,SL,II,AA,Beyond,2009,Gottardo & Mueller,1.1,,0.013157894736842105,L2P.L2M,601
Gottardo & Mueller (2009),79,L2P,L2L,1,1,1,1,,Young,SL,II,AA,Beyond,2009,Gottardo & Mueller,1.1,,0.013157894736842105,L2P.L2L,602
Gottardo & Mueller (2009),79,L2M,L2L,1,1,1,1,,Young,SL,II,AA,Beyond,2009,Gottardo & Mueller,1.1,,0.013157894736842105,L2M.L2L,603
Grant et al. (2012): Sample 1,64,L2R,L2DA,1,1,1,1,0.74,Young,SL,II,AA,Beyond,2012,Grant et al.,1.1,0.9504793805965235,0.01639344262295082,L2R.L2DA,604
Grant et al. (2012): Sample 1,64,L2R,L2DA,1,1,1,2,0.74,Young,SL,II,AA,Beyond,2012,Grant et al.,1.2,0.9504793805965235,0.01639344262295082,L2R.L2DA,605
Grant et al. (2012): Sample 1,64,L2R,L2DF,1,1,1,1,0.78,Young,SL,II,AA,Beyond,2012,Grant et al.,1.1,1.0453705484668847,0.01639344262295082,L2R.L2DF,606
Grant et al. (2012): Sample 1,64,L2R,L2DF,1,1,1,2,0.7,Young,SL,II,AA,Beyond,2012,Grant et al.,1.2,0.8673005276940532,0.01639344262295082,L2R.L2DF,607
Grant et al. (2012): Sample 1,64,L2R,L2V,1,1,1,1,0.49,Young,SL,II,AA,Beyond,2012,Grant et al.,1.1,0.5360603366105666,0.01639344262295082,L2R.L2V,608
Grant et al. (2012): Sample 1,64,L2R,L2G,1,1,1,1,,Young,SL,II,AA,Beyond,2012,Grant et al.,1.1,,0.01639344262295082,L2R.L2G,609
Grant et al. (2012): Sample 1,64,L2R,L2P,1,1,1,1,0.68,Young,SL,II,AA,Beyond,2012,Grant et al.,1.1,0.8291140383017662,0.01639344262295082,L2R.L2P,610
Grant et al. (2012): Sample 1,64,L2R,L2M,1,1,1,1,,Young,SL,II,AA,Beyond,2012,Grant et al.,1.1,,0.01639344262295082,L2R.L2M,611
Grant et al. (2012): Sample 1,64,L2R,L2L,1,1,1,1,,Young,SL,II,AA,Beyond,2012,Grant et al.,1.1,,0.01639344262295082,L2R.L2L,612
Grant et al. (2012): Sample 1,64,L2DA,L2DA,1,1,1,2,0.88,Young,SL,II,AA,Beyond,2012,Grant et al.,1.2,1.3757676565209744,0.01639344262295082,L2DA.L2DA,613
Grant et al. (2012): Sample 1,64,L2DA,L2DF,1,1,1,1,0.91,Young,SL,II,AA,Beyond,2012,Grant et al.,1.1,1.5275244253552054,0.01639344262295082,L2DA.L2DF,614
Grant et al. (2012): Sample 1,64,L2DA,L2DF,1,1,2,1,0.84,Young,SL,II,AA,Beyond,2012,Grant et al.,2.1,1.2211735176846021,0.01639344262295082,L2DA.L2DF,615
Grant et al. (2012): Sample 1,64,L2DA,L2DF,1,1,1,2,0.38,Young,SL,II,AA,Beyond,2012,Grant et al.,1.2,0.40005965005605654,0.01639344262295082,L2DA.L2DF,616
Grant et al. (2012): Sample 1,64,L2DA,L2DF,1,1,2,2,0.82,Young,SL,II,AA,Beyond,2012,Grant et al.,2.2,1.1568174645903153,0.01639344262295082,L2DA.L2DF,617
Grant et al. (2012): Sample 1,64,L2DA,L2V,1,1,1,1,0.56,Young,SL,II,AA,Beyond,2012,Grant et al.,1.1,0.632833186665638,0.01639344262295082,L2DA.L2V,618
Grant et al. (2012): Sample 1,64,L2DA,L2V,1,1,2,1,0.44,Young,SL,II,AA,Beyond,2012,Grant et al.,2.1,0.47223080442042564,0.01639344262295082,L2DA.L2V,619
Grant et al. (2012): Sample 1,64,L2DA,L2G,1,1,1,1,,Young,SL,II,AA,Beyond,2012,Grant et al.,1.1,,0.01639344262295082,L2DA.L2G,620
Grant et al. (2012): Sample 1,64,L2DA,L2G,1,1,2,1,,Young,SL,II,AA,Beyond,2012,Grant et al.,2.1,,0.01639344262295082,L2DA.L2G,621
Grant et al. (2012): Sample 1,64,L2DA,L2P,1,1,1,1,0.73,Young,SL,II,AA,Beyond,2012,Grant et al.,1.1,0.9287273642467249,0.01639344262295082,L2DA.L2P,622
Grant et al. (2012): Sample 1,64,L2DA,L2P,1,1,2,1,0.76,Young,SL,II,AA,Beyond,2012,Grant et al.,2.1,0.9962150823451031,0.01639344262295082,L2DA.L2P,623
Grant et al. (2012): Sample 1,64,L2DA,L2M,1,1,1,1,,Young,SL,II,AA,Beyond,2012,Grant et al.,1.1,,0.01639344262295082,L2DA.L2M,624
Grant et al. (2012): Sample 1,64,L2DA,L2M,1,1,2,1,,Young,SL,II,AA,Beyond,2012,Grant et al.,2.1,,0.01639344262295082,L2DA.L2M,625
Grant et al. (2012): Sample 1,64,L2DA,L2L,1,1,1,1,,Young,SL,II,AA,Beyond,2012,Grant et al.,1.1,,0.01639344262295082,L2DA.L2L,626
Grant et al. (2012): Sample 1,64,L2DA,L2L,1,1,2,1,,Young,SL,II,AA,Beyond,2012,Grant et al.,2.1,,0.01639344262295082,L2DA.L2L,627
Grant et al. (2012): Sample 1,64,L2DF,L2DF,1,1,1,2,0.83,Young,SL,II,AA,Beyond,2012,Grant et al.,1.2,1.1881364043926024,0.01639344262295082,L2DF.L2DF,628
Grant et al. (2012): Sample 1,64,L2DF,L2V,1,1,1,1,0.48,Young,SL,II,AA,Beyond,2012,Grant et al.,1.1,0.5229842775913438,0.01639344262295082,L2DF.L2V,629
Grant et al. (2012): Sample 1,64,L2DF,L2V,1,1,2,1,0.38,Young,SL,II,AA,Beyond,2012,Grant et al.,2.1,0.40005965005605654,0.01639344262295082,L2DF.L2V,630
Grant et al. (2012): Sample 1,64,L2DF,L2G,1,1,1,1,,Young,SL,II,AA,Beyond,2012,Grant et al.,1.1,,0.01639344262295082,L2DF.L2G,631
Grant et al. (2012): Sample 1,64,L2DF,L2G,1,1,2,1,,Young,SL,II,AA,Beyond,2012,Grant et al.,2.1,,0.01639344262295082,L2DF.L2G,632
Grant et al. (2012): Sample 1,64,L2DF,L2P,1,1,1,1,0.68,Young,SL,II,AA,Beyond,2012,Grant et al.,1.1,0.8291140383017662,0.01639344262295082,L2DF.L2P,633
Grant et al. (2012): Sample 1,64,L2DF,L2P,1,1,2,1,0.66,Young,SL,II,AA,Beyond,2012,Grant et al.,2.1,0.7928136318701909,0.01639344262295082,L2DF.L2P,634
Grant et al. (2012): Sample 1,64,L2DF,L2M,1,1,1,1,,Young,SL,II,AA,Beyond,2012,Grant et al.,1.1,,0.01639344262295082,L2DF.L2M,635
Grant et al. (2012): Sample 1,64,L2DF,L2M,1,1,2,1,,Young,SL,II,AA,Beyond,2012,Grant et al.,2.1,,0.01639344262295082,L2DF.L2M,636
Grant et al. (2012): Sample 1,64,L2DF,L2L,1,1,1,1,,Young,SL,II,AA,Beyond,2012,Grant et al.,1.1,,0.01639344262295082,L2DF.L2L,637
Grant et al. (2012): Sample 1,64,L2DF,L2L,1,1,2,1,,Young,SL,II,AA,Beyond,2012,Grant et al.,2.1,,0.01639344262295082,L2DF.L2L,638
Grant et al. (2012): Sample 1,64,L2V,L2G,1,1,1,1,,Young,SL,II,AA,Beyond,2012,Grant et al.,1.1,,0.01639344262295082,L2V.L2G,639
Grant et al. (2012): Sample 1,64,L2V,L2P,1,1,1,1,0.38,Young,SL,II,AA,Beyond,2012,Grant et al.,1.1,0.40005965005605654,0.01639344262295082,L2V.L2P,640
Grant et al. (2012): Sample 1,64,L2V,L2M,1,1,1,1,,Young,SL,II,AA,Beyond,2012,Grant et al.,1.1,,0.01639344262295082,L2V.L2M,641
Grant et al. (2012): Sample 1,64,L2V,L2L,1,1,1,1,,Young,SL,II,AA,Beyond,2012,Grant et al.,1.1,,0.01639344262295082,L2V.L2L,642
Grant et al. (2012): Sample 1,64,L2G,L2P,1,1,1,1,,Young,SL,II,AA,Beyond,2012,Grant et al.,1.1,,0.01639344262295082,L2G.L2P,643
Grant et al. (2012): Sample 1,64,L2G,L2M,1,1,1,1,,Young,SL,II,AA,Beyond,2012,Grant et al.,1.1,,0.01639344262295082,L2G.L2M,644
Grant et al. (2012): Sample 1,64,L2G,L2L,1,1,1,1,,Young,SL,II,AA,Beyond,2012,Grant et al.,1.1,,0.01639344262295082,L2G.L2L,645
Grant et al. (2012): Sample 1,64,L2P,L2M,1,1,1,1,,Young,SL,II,AA,Beyond,2012,Grant et al.,1.1,,0.01639344262295082,L2P.L2M,646
Grant et al. (2012): Sample 1,64,L2P,L2L,1,1,1,1,,Young,SL,II,AA,Beyond,2012,Grant et al.,1.1,,0.01639344262295082,L2P.L2L,647
Grant et al. (2012): Sample 1,64,L2M,L2L,1,1,1,1,,Young,SL,II,AA,Beyond,2012,Grant et al.,1.1,,0.01639344262295082,L2M.L2L,648
Grant et al. (2012): Sample 2,64,L2R,L2DA,2,1,1,1,0.83,Young,SL,II,AA,Beyond,2012,Grant et al.,1.1,1.1881364043926024,0.01639344262295082,L2R.L2DA,649
Grant et al. (2012): Sample 2,64,L2R,L2DA,2,1,1,2,0.7,Young,SL,II,AA,Beyond,2012,Grant et al.,1.2,0.8673005276940532,0.01639344262295082,L2R.L2DA,650
Grant et al. (2012): Sample 2,64,L2R,L2DF,2,1,1,1,0.81,Young,SL,II,AA,Beyond,2012,Grant et al.,1.1,1.1270290260496927,0.01639344262295082,L2R.L2DF,651
Grant et al. (2012): Sample 2,64,L2R,L2DF,2,1,1,2,0.4,Young,SL,II,AA,Beyond,2012,Grant et al.,1.2,0.42364893019360184,0.01639344262295082,L2R.L2DF,652
Grant et al. (2012): Sample 2,64,L2R,L2V,2,1,1,1,0.5,Young,SL,II,AA,Beyond,2012,Grant et al.,1.1,0.5493061443340549,0.01639344262295082,L2R.L2V,653
Grant et al. (2012): Sample 2,64,L2R,L2G,2,1,1,1,,Young,SL,II,AA,Beyond,2012,Grant et al.,1.1,,0.01639344262295082,L2R.L2G,654
Grant et al. (2012): Sample 2,64,L2R,L2P,2,1,1,1,0.65,Young,SL,II,AA,Beyond,2012,Grant et al.,1.1,0.7752987062055836,0.01639344262295082,L2R.L2P,655
Grant et al. (2012): Sample 2,64,L2R,L2M,2,1,1,1,,Young,SL,II,AA,Beyond,2012,Grant et al.,1.1,,0.01639344262295082,L2R.L2M,656
Grant et al. (2012): Sample 2,64,L2R,L2L,2,1,1,1,,Young,SL,II,AA,Beyond,2012,Grant et al.,1.1,,0.01639344262295082,L2R.L2L,657
Grant et al. (2012): Sample 2,64,L2DA,L2DA,2,1,1,2,0.86,Young,SL,II,AA,Beyond,2012,Grant et al.,1.2,1.2933446720489712,0.01639344262295082,L2DA.L2DA,658
Grant et al. (2012): Sample 2,64,L2DA,L2DF,2,1,1,1,0.83,Young,SL,II,AA,Beyond,2012,Grant et al.,1.1,1.1881364043926024,0.01639344262295082,L2DA.L2DF,659
Grant et al. (2012): Sample 2,64,L2DA,L2DF,2,1,2,1,0.73,Young,SL,II,AA,Beyond,2012,Grant et al.,2.1,0.9287273642467249,0.01639344262295082,L2DA.L2DF,660
Grant et al. (2012): Sample 2,64,L2DA,L2DF,2,1,1,2,0.81,Young,SL,II,AA,Beyond,2012,Grant et al.,1.2,1.1270290260496927,0.01639344262295082,L2DA.L2DF,661
Grant et al. (2012): Sample 2,64,L2DA,L2DF,2,1,2,2,0.86,Young,SL,II,AA,Beyond,2012,Grant et al.,2.2,1.2933446720489712,0.01639344262295082,L2DA.L2DF,662
Grant et al. (2012): Sample 2,64,L2DA,L2V,2,1,1,1,0.66,Young,SL,II,AA,Beyond,2012,Grant et al.,1.1,0.7928136318701909,0.01639344262295082,L2DA.L2V,663
Grant et al. (2012): Sample 2,64,L2DA,L2V,2,1,2,1,0.54,Young,SL,II,AA,Beyond,2012,Grant et al.,2.1,0.6041556029622671,0.01639344262295082,L2DA.L2V,664
Grant et al. (2012): Sample 2,64,L2DA,L2G,2,1,1,1,,Young,SL,II,AA,Beyond,2012,Grant et al.,1.1,,0.01639344262295082,L2DA.L2G,665
Grant et al. (2012): Sample 2,64,L2DA,L2G,2,1,2,1,,Young,SL,II,AA,Beyond,2012,Grant et al.,2.1,,0.01639344262295082,L2DA.L2G,666
Grant et al. (2012): Sample 2,64,L2DA,L2P,2,1,1,1,0.71,Young,SL,II,AA,Beyond,2012,Grant et al.,1.1,0.8871838632580928,0.01639344262295082,L2DA.L2P,667
Grant et al. (2012): Sample 2,64,L2DA,L2P,2,1,2,1,0.71,Young,SL,II,AA,Beyond,2012,Grant et al.,2.1,0.8871838632580928,0.01639344262295082,L2DA.L2P,668
Grant et al. (2012): Sample 2,64,L2DA,L2M,2,1,1,1,,Young,SL,II,AA,Beyond,2012,Grant et al.,1.1,,0.01639344262295082,L2DA.L2M,669
Grant et al. (2012): Sample 2,64,L2DA,L2M,2,1,2,1,,Young,SL,II,AA,Beyond,2012,Grant et al.,2.1,,0.01639344262295082,L2DA.L2M,670
Grant et al. (2012): Sample 2,64,L2DA,L2L,2,1,1,1,,Young,SL,II,AA,Beyond,2012,Grant et al.,1.1,,0.01639344262295082,L2DA.L2L,671
Grant et al. (2012): Sample 2,64,L2DA,L2L,2,1,2,1,,Young,SL,II,AA,Beyond,2012,Grant et al.,2.1,,0.01639344262295082,L2DA.L2L,672
Grant et al. (2012): Sample 2,64,L2DF,L2DF,2,1,1,2,0.8,Young,SL,II,AA,Beyond,2012,Grant et al.,1.2,1.0986122886681098,0.01639344262295082,L2DF.L2DF,673
Grant et al. (2012): Sample 2,64,L2DF,L2V,2,1,1,1,0.58,Young,SL,II,AA,Beyond,2012,Grant et al.,1.1,0.6624627073717991,0.01639344262295082,L2DF.L2V,674
Grant et al. (2012): Sample 2,64,L2DF,L2V,2,1,2,1,0.52,Young,SL,II,AA,Beyond,2012,Grant et al.,2.1,0.5763397549691928,0.01639344262295082,L2DF.L2V,675
Grant et al. (2012): Sample 2,64,L2DF,L2G,2,1,1,1,,Young,SL,II,AA,Beyond,2012,Grant et al.,1.1,,0.01639344262295082,L2DF.L2G,676
Grant et al. (2012): Sample 2,64,L2DF,L2G,2,1,2,1,,Young,SL,II,AA,Beyond,2012,Grant et al.,2.1,,0.01639344262295082,L2DF.L2G,677
Grant et al. (2012): Sample 2,64,L2DF,L2P,2,1,1,1,0.55,Young,SL,II,AA,Beyond,2012,Grant et al.,1.1,0.6183813135744636,0.01639344262295082,L2DF.L2P,678
Grant et al. (2012): Sample 2,64,L2DF,L2P,2,1,2,1,0.61,Young,SL,II,AA,Beyond,2012,Grant et al.,2.1,0.7089213594274082,0.01639344262295082,L2DF.L2P,679
Grant et al. (2012): Sample 2,64,L2DF,L2M,2,1,1,1,,Young,SL,II,AA,Beyond,2012,Grant et al.,1.1,,0.01639344262295082,L2DF.L2M,680
Grant et al. (2012): Sample 2,64,L2DF,L2M,2,1,2,1,,Young,SL,II,AA,Beyond,2012,Grant et al.,2.1,,0.01639344262295082,L2DF.L2M,681
Grant et al. (2012): Sample 2,64,L2DF,L2L,2,1,1,1,,Young,SL,II,AA,Beyond,2012,Grant et al.,1.1,,0.01639344262295082,L2DF.L2L,682
Grant et al. (2012): Sample 2,64,L2DF,L2L,2,1,2,1,,Young,SL,II,AA,Beyond,2012,Grant et al.,2.1,,0.01639344262295082,L2DF.L2L,683
Grant et al. (2012): Sample 2,64,L2V,L2G,2,1,1,1,,Young,SL,II,AA,Beyond,2012,Grant et al.,1.1,,0.01639344262295082,L2V.L2G,684
Grant et al. (2012): Sample 2,64,L2V,L2P,2,1,1,1,0.61,Young,SL,II,AA,Beyond,2012,Grant et al.,1.1,0.7089213594274082,0.01639344262295082,L2V.L2P,685
Grant et al. (2012): Sample 2,64,L2V,L2M,2,1,1,1,,Young,SL,II,AA,Beyond,2012,Grant et al.,1.1,,0.01639344262295082,L2V.L2M,686
Grant et al. (2012): Sample 2,64,L2V,L2L,2,1,1,1,,Young,SL,II,AA,Beyond,2012,Grant et al.,1.1,,0.01639344262295082,L2V.L2L,687
Grant et al. (2012): Sample 2,64,L2G,L2P,2,1,1,1,,Young,SL,II,AA,Beyond,2012,Grant et al.,1.1,,0.01639344262295082,L2G.L2P,688
Grant et al. (2012): Sample 2,64,L2G,L2M,2,1,1,1,,Young,SL,II,AA,Beyond,2012,Grant et al.,1.1,,0.01639344262295082,L2G.L2M,689
Grant et al. (2012): Sample 2,64,L2G,L2L,2,1,1,1,,Young,SL,II,AA,Beyond,2012,Grant et al.,1.1,,0.01639344262295082,L2G.L2L,690
Grant et al. (2012): Sample 2,64,L2P,L2M,2,1,1,1,,Young,SL,II,AA,Beyond,2012,Grant et al.,1.1,,0.01639344262295082,L2P.L2M,691
Grant et al. (2012): Sample 2,64,L2P,L2L,2,1,1,1,,Young,SL,II,AA,Beyond,2012,Grant et al.,1.1,,0.01639344262295082,L2P.L2L,692
Grant et al. (2012): Sample 2,64,L2M,L2L,2,1,1,1,,Young,SL,II,AA,Beyond,2012,Grant et al.,1.1,,0.01639344262295082,L2M.L2L,693
Grant et al. (2012): Sample 3,64,L2R,L2DA,3,1,1,1,0.85,Young,SL,IL,AL,Beyond,2012,Grant et al.,1.1,1.2561528119880574,0.01639344262295082,L2R.L2DA,694
Grant et al. (2012): Sample 3,64,L2R,L2DA,3,1,1,2,0.81,Young,SL,IL,AL,Beyond,2012,Grant et al.,1.2,1.1270290260496927,0.01639344262295082,L2R.L2DA,695
Grant et al. (2012): Sample 3,64,L2R,L2DF,3,1,1,1,0.83,Young,SL,IL,AL,Beyond,2012,Grant et al.,1.1,1.1881364043926024,0.01639344262295082,L2R.L2DF,696
Grant et al. (2012): Sample 3,64,L2R,L2DF,3,1,1,2,0.75,Young,SL,IL,AL,Beyond,2012,Grant et al.,1.2,0.9729550745276566,0.01639344262295082,L2R.L2DF,697
Grant et al. (2012): Sample 3,64,L2R,L2V,3,1,1,1,0.68,Young,SL,IL,AL,Beyond,2012,Grant et al.,1.1,0.8291140383017662,0.01639344262295082,L2R.L2V,698
Grant et al. (2012): Sample 3,64,L2R,L2G,3,1,1,1,,Young,SL,IL,AL,Beyond,2012,Grant et al.,1.1,,0.01639344262295082,L2R.L2G,699
Grant et al. (2012): Sample 3,64,L2R,L2P,3,1,1,1,0.65,Young,SL,IL,AL,Beyond,2012,Grant et al.,1.1,0.7752987062055836,0.01639344262295082,L2R.L2P,700
Grant et al. (2012): Sample 3,64,L2R,L2M,3,1,1,1,,Young,SL,IL,AL,Beyond,2012,Grant et al.,1.1,,0.01639344262295082,L2R.L2M,701
Grant et al. (2012): Sample 3,64,L2R,L2L,3,1,1,1,,Young,SL,IL,AL,Beyond,2012,Grant et al.,1.1,,0.01639344262295082,L2R.L2L,702
Grant et al. (2012): Sample 3,64,L2DA,L2DA,3,1,1,2,0.86,Young,SL,IL,AL,Beyond,2012,Grant et al.,1.2,1.2933446720489712,0.01639344262295082,L2DA.L2DA,703
Grant et al. (2012): Sample 3,64,L2DA,L2DF,3,1,1,1,0.83,Young,SL,IL,AL,Beyond,2012,Grant et al.,1.1,1.1881364043926024,0.01639344262295082,L2DA.L2DF,704
Grant et al. (2012): Sample 3,64,L2DA,L2DF,3,1,2,1,0.73,Young,SL,IL,AL,Beyond,2012,Grant et al.,2.1,0.9287273642467249,0.01639344262295082,L2DA.L2DF,705
Grant et al. (2012): Sample 3,64,L2DA,L2DF,3,1,1,2,0.81,Young,SL,IL,AL,Beyond,2012,Grant et al.,1.2,1.1270290260496927,0.01639344262295082,L2DA.L2DF,706
Grant et al. (2012): Sample 3,64,L2DA,L2DF,3,1,2,2,0.86,Young,SL,IL,AL,Beyond,2012,Grant et al.,2.2,1.2933446720489712,0.01639344262295082,L2DA.L2DF,707
Grant et al. (2012): Sample 3,64,L2DA,L2V,3,1,1,1,0.66,Young,SL,IL,AL,Beyond,2012,Grant et al.,1.1,0.7928136318701909,0.01639344262295082,L2DA.L2V,708
Grant et al. (2012): Sample 3,64,L2DA,L2V,3,1,2,1,0.54,Young,SL,IL,AL,Beyond,2012,Grant et al.,2.1,0.6041556029622671,0.01639344262295082,L2DA.L2V,709
Grant et al. (2012): Sample 3,64,L2DA,L2G,3,1,1,1,,Young,SL,IL,AL,Beyond,2012,Grant et al.,1.1,,0.01639344262295082,L2DA.L2G,710
Grant et al. (2012): Sample 3,64,L2DA,L2G,3,1,2,1,,Young,SL,IL,AL,Beyond,2012,Grant et al.,2.1,,0.01639344262295082,L2DA.L2G,711
Grant et al. (2012): Sample 3,64,L2DA,L2P,3,1,1,1,0.71,Young,SL,IL,AL,Beyond,2012,Grant et al.,1.1,0.8871838632580928,0.01639344262295082,L2DA.L2P,712
Grant et al. (2012): Sample 3,64,L2DA,L2P,3,1,2,1,0.71,Young,SL,IL,AL,Beyond,2012,Grant et al.,2.1,0.8871838632580928,0.01639344262295082,L2DA.L2P,713
Grant et al. (2012): Sample 3,64,L2DA,L2M,3,1,1,1,,Young,SL,IL,AL,Beyond,2012,Grant et al.,1.1,,0.01639344262295082,L2DA.L2M,714
Grant et al. (2012): Sample 3,64,L2DA,L2M,3,1,2,1,,Young,SL,IL,AL,Beyond,2012,Grant et al.,2.1,,0.01639344262295082,L2DA.L2M,715
Grant et al. (2012): Sample 3,64,L2DA,L2L,3,1,1,1,,Young,SL,IL,AL,Beyond,2012,Grant et al.,1.1,,0.01639344262295082,L2DA.L2L,716
Grant et al. (2012): Sample 3,64,L2DA,L2L,3,1,2,1,,Young,SL,IL,AL,Beyond,2012,Grant et al.,2.1,,0.01639344262295082,L2DA.L2L,717
Grant et al. (2012): Sample 3,64,L2DF,L2DF,3,1,1,2,0.8,Young,SL,IL,AL,Beyond,2012,Grant et al.,1.2,1.0986122886681098,0.01639344262295082,L2DF.L2DF,718
Grant et al. (2012): Sample 3,64,L2DF,L2V,3,1,1,1,0.58,Young,SL,IL,AL,Beyond,2012,Grant et al.,1.1,0.6624627073717991,0.01639344262295082,L2DF.L2V,719
Grant et al. (2012): Sample 3,64,L2DF,L2V,3,1,2,1,0.52,Young,SL,IL,AL,Beyond,2012,Grant et al.,2.1,0.5763397549691928,0.01639344262295082,L2DF.L2V,720
Grant et al. (2012): Sample 3,64,L2DF,L2G,3,1,1,1,,Young,SL,IL,AL,Beyond,2012,Grant et al.,1.1,,0.01639344262295082,L2DF.L2G,721
Grant et al. (2012): Sample 3,64,L2DF,L2G,3,1,2,1,,Young,SL,IL,AL,Beyond,2012,Grant et al.,2.1,,0.01639344262295082,L2DF.L2G,722
Grant et al. (2012): Sample 3,64,L2DF,L2P,3,1,1,1,0.55,Young,SL,IL,AL,Beyond,2012,Grant et al.,1.1,0.6183813135744636,0.01639344262295082,L2DF.L2P,723
Grant et al. (2012): Sample 3,64,L2DF,L2P,3,1,2,1,0.61,Young,SL,IL,AL,Beyond,2012,Grant et al.,2.1,0.7089213594274082,0.01639344262295082,L2DF.L2P,724
Grant et al. (2012): Sample 3,64,L2DF,L2M,3,1,1,1,,Young,SL,IL,AL,Beyond,2012,Grant et al.,1.1,,0.01639344262295082,L2DF.L2M,725
Grant et al. (2012): Sample 3,64,L2DF,L2M,3,1,2,1,,Young,SL,IL,AL,Beyond,2012,Grant et al.,2.1,,0.01639344262295082,L2DF.L2M,726
Grant et al. (2012): Sample 3,64,L2DF,L2L,3,1,1,1,,Young,SL,IL,AL,Beyond,2012,Grant et al.,1.1,,0.01639344262295082,L2DF.L2L,727
Grant et al. (2012): Sample 3,64,L2DF,L2L,3,1,2,1,,Young,SL,IL,AL,Beyond,2012,Grant et al.,2.1,,0.01639344262295082,L2DF.L2L,728
Grant et al. (2012): Sample 3,64,L2V,L2G,3,1,1,1,,Young,SL,IL,AL,Beyond,2012,Grant et al.,1.1,,0.01639344262295082,L2V.L2G,729
Grant et al. (2012): Sample 3,64,L2V,L2P,3,1,1,1,0.61,Young,SL,IL,AL,Beyond,2012,Grant et al.,1.1,0.7089213594274082,0.01639344262295082,L2V.L2P,730
Grant et al. (2012): Sample 3,64,L2V,L2M,3,1,1,1,,Young,SL,IL,AL,Beyond,2012,Grant et al.,1.1,,0.01639344262295082,L2V.L2M,731
Grant et al. (2012): Sample 3,64,L2V,L2L,3,1,1,1,,Young,SL,IL,AL,Beyond,2012,Grant et al.,1.1,,0.01639344262295082,L2V.L2L,732
Grant et al. (2012): Sample 3,64,L2G,L2P,3,1,1,1,,Young,SL,IL,AL,Beyond,2012,Grant et al.,1.1,,0.01639344262295082,L2G.L2P,733
Grant et al. (2012): Sample 3,64,L2G,L2M,3,1,1,1,,Young,SL,IL,AL,Beyond,2012,Grant et al.,1.1,,0.01639344262295082,L2G.L2M,734
Grant et al. (2012): Sample 3,64,L2G,L2L,3,1,1,1,,Young,SL,IL,AL,Beyond,2012,Grant et al.,1.1,,0.01639344262295082,L2G.L2L,735
Grant et al. (2012): Sample 3,64,L2P,L2M,3,1,1,1,,Young,SL,IL,AL,Beyond,2012,Grant et al.,1.1,,0.01639344262295082,L2P.L2M,736
Grant et al. (2012): Sample 3,64,L2P,L2L,3,1,1,1,,Young,SL,IL,AL,Beyond,2012,Grant et al.,1.1,,0.01639344262295082,L2P.L2L,737
Grant et al. (2012): Sample 3,64,L2M,L2L,3,1,1,1,,Young,SL,IL,AL,Beyond,2012,Grant et al.,1.1,,0.01639344262295082,L2M.L2L,738
Guo & Roehrig (2011),278,L2R,L2R,1,1,1,2,0.39,Adolescent/Adult,FL,IL,AL,Beyond,2011,Guo & Roehrig,1.2,0.4118000344786903,0.0036363636363636364,L2R.L2R,739
Guo & Roehrig (2011),278,L2R,L2DA,1,1,1,1,,Adolescent/Adult,FL,IL,AL,Beyond,2011,Guo & Roehrig,1.1,,0.0036363636363636364,L2R.L2DA,740
Guo & Roehrig (2011),278,L2R,L2DA,1,1,2,1,,Adolescent/Adult,FL,IL,AL,Beyond,2011,Guo & Roehrig,2.1,,0.0036363636363636364,L2R.L2DA,741
Guo & Roehrig (2011),278,L2R,L2DF,1,1,1,1,,Adolescent/Adult,FL,IL,AL,Beyond,2011,Guo & Roehrig,1.1,,0.0036363636363636364,L2R.L2DF,742
Guo & Roehrig (2011),278,L2R,L2DF,1,1,2,1,,Adolescent/Adult,FL,IL,AL,Beyond,2011,Guo & Roehrig,2.1,,0.0036363636363636364,L2R.L2DF,743
Guo & Roehrig (2011),278,L2R,L2V,1,1,1,1,0.43,Adolescent/Adult,FL,IL,AL,Beyond,2011,Guo & Roehrig,1.1,0.4598966812126785,0.0036363636363636364,L2R.L2V,744
Guo & Roehrig (2011),278,L2R,L2V,1,1,2,1,0.35,Adolescent/Adult,FL,IL,AL,Beyond,2011,Guo & Roehrig,2.1,0.3654437542713961,0.0036363636363636364,L2R.L2V,745
Guo & Roehrig (2011),278,L2R,L2V,1,1,1,2,0.43,Adolescent/Adult,FL,IL,AL,Beyond,2011,Guo & Roehrig,1.2,0.4598966812126785,0.0036363636363636364,L2R.L2V,746
Guo & Roehrig (2011),278,L2R,L2V,1,1,2,2,0.37,Adolescent/Adult,FL,IL,AL,Beyond,2011,Guo & Roehrig,2.2,0.3884230997182962,0.0036363636363636364,L2R.L2V,747
Guo & Roehrig (2011),278,L2R,L2G,1,1,1,1,0.13,Adolescent/Adult,FL,IL,AL,Beyond,2011,Guo & Roehrig,1.1,0.13073985002887845,0.0036363636363636364,L2R.L2G,748
Guo & Roehrig (2011),278,L2R,L2G,1,1,2,1,0.27,Adolescent/Adult,FL,IL,AL,Beyond,2011,Guo & Roehrig,2.1,0.27686382265510007,0.0036363636363636364,L2R.L2G,749
Guo & Roehrig (2011),278,L2R,L2G,1,1,1,2,0.13,Adolescent/Adult,FL,IL,AL,Beyond,2011,Guo & Roehrig,1.2,0.13073985002887845,0.0036363636363636364,L2R.L2G,750
Guo & Roehrig (2011),278,L2R,L2G,1,1,2,2,0.13,Adolescent/Adult,FL,IL,AL,Beyond,2011,Guo & Roehrig,2.2,0.13073985002887845,0.0036363636363636364,L2R.L2G,751
Guo & Roehrig (2011),278,L2R,L2P,1,1,1,1,,Adolescent/Adult,FL,IL,AL,Beyond,2011,Guo & Roehrig,1.1,,0.0036363636363636364,L2R.L2P,752
Guo & Roehrig (2011),278,L2R,L2P,1,1,2,1,,Adolescent/Adult,FL,IL,AL,Beyond,2011,Guo & Roehrig,2.1,,0.0036363636363636364,L2R.L2P,753
Guo & Roehrig (2011),278,L2R,L2M,1,1,1,1,,Adolescent/Adult,FL,IL,AL,Beyond,2011,Guo & Roehrig,1.1,,0.0036363636363636364,L2R.L2M,754
Guo & Roehrig (2011),278,L2R,L2M,1,1,2,1,,Adolescent/Adult,FL,IL,AL,Beyond,2011,Guo & Roehrig,2.1,,0.0036363636363636364,L2R.L2M,755
Guo & Roehrig (2011),278,L2R,L2L,1,1,1,1,,Adolescent/Adult,FL,IL,AL,Beyond,2011,Guo & Roehrig,1.1,,0.0036363636363636364,L2R.L2L,756
Guo & Roehrig (2011),278,L2R,L2L,1,1,2,1,,Adolescent/Adult,FL,IL,AL,Beyond,2011,Guo & Roehrig,2.1,,0.0036363636363636364,L2R.L2L,757
Guo & Roehrig (2011),278,L2DA,L2DF,1,1,1,1,,Adolescent/Adult,FL,IL,AL,Beyond,2011,Guo & Roehrig,1.1,,0.0036363636363636364,L2DA.L2DF,758
Guo & Roehrig (2011),278,L2DA,L2V,1,1,1,1,,Adolescent/Adult,FL,IL,AL,Beyond,2011,Guo & Roehrig,1.1,,0.0036363636363636364,L2DA.L2V,759
Guo & Roehrig (2011),278,L2DA,L2V,1,1,1,2,,Adolescent/Adult,FL,IL,AL,Beyond,2011,Guo & Roehrig,1.2,,0.0036363636363636364,L2DA.L2V,760
Guo & Roehrig (2011),278,L2DA,L2G,1,1,1,1,,Adolescent/Adult,FL,IL,AL,Beyond,2011,Guo & Roehrig,1.1,,0.0036363636363636364,L2DA.L2G,761
Guo & Roehrig (2011),278,L2DA,L2G,1,1,1,2,,Adolescent/Adult,FL,IL,AL,Beyond,2011,Guo & Roehrig,1.2,,0.0036363636363636364,L2DA.L2G,762
Guo & Roehrig (2011),278,L2DA,L2P,1,1,1,1,,Adolescent/Adult,FL,IL,AL,Beyond,2011,Guo & Roehrig,1.1,,0.0036363636363636364,L2DA.L2P,763
Guo & Roehrig (2011),278,L2DA,L2M,1,1,1,1,,Adolescent/Adult,FL,IL,AL,Beyond,2011,Guo & Roehrig,1.1,,0.0036363636363636364,L2DA.L2M,764
Guo & Roehrig (2011),278,L2DA,L2L,1,1,1,1,,Adolescent/Adult,FL,IL,AL,Beyond,2011,Guo & Roehrig,1.1,,0.0036363636363636364,L2DA.L2L,765
Guo & Roehrig (2011),278,L2DF,L2V,1,1,1,1,,Adolescent/Adult,FL,IL,AL,Beyond,2011,Guo & Roehrig,1.1,,0.0036363636363636364,L2DF.L2V,766
Guo & Roehrig (2011),278,L2DF,L2V,1,1,1,2,,Adolescent/Adult,FL,IL,AL,Beyond,2011,Guo & Roehrig,1.2,,0.0036363636363636364,L2DF.L2V,767
Guo & Roehrig (2011),278,L2DF,L2G,1,1,1,1,,Adolescent/Adult,FL,IL,AL,Beyond,2011,Guo & Roehrig,1.1,,0.0036363636363636364,L2DF.L2G,768
Guo & Roehrig (2011),278,L2DF,L2G,1,1,1,2,,Adolescent/Adult,FL,IL,AL,Beyond,2011,Guo & Roehrig,1.2,,0.0036363636363636364,L2DF.L2G,769
Guo & Roehrig (2011),278,L2DF,L2P,1,1,1,1,,Adolescent/Adult,FL,IL,AL,Beyond,2011,Guo & Roehrig,1.1,,0.0036363636363636364,L2DF.L2P,770
Guo & Roehrig (2011),278,L2DF,L2M,1,1,1,1,,Adolescent/Adult,FL,IL,AL,Beyond,2011,Guo & Roehrig,1.1,,0.0036363636363636364,L2DF.L2M,771
Guo & Roehrig (2011),278,L2DF,L2L,1,1,1,1,,Adolescent/Adult,FL,IL,AL,Beyond,2011,Guo & Roehrig,1.1,,0.0036363636363636364,L2DF.L2L,772
Guo & Roehrig (2011),278,L2V,L2V,1,1,1,2,0.48,Adolescent/Adult,FL,IL,AL,Beyond,2011,Guo & Roehrig,1.2,0.5229842775913438,0.0036363636363636364,L2V.L2V,773
Guo & Roehrig (2011),278,L2V,L2G,1,1,1,1,0.17,Adolescent/Adult,FL,IL,AL,Beyond,2011,Guo & Roehrig,1.1,0.1716666635005791,0.0036363636363636364,L2V.L2G,774
Guo & Roehrig (2011),278,L2V,L2G,1,1,2,1,0.22,Adolescent/Adult,FL,IL,AL,Beyond,2011,Guo & Roehrig,2.1,0.22365610902183242,0.0036363636363636364,L2V.L2G,775
Guo & Roehrig (2011),278,L2V,L2G,1,1,1,2,0.25,Adolescent/Adult,FL,IL,AL,Beyond,2011,Guo & Roehrig,1.2,0.2554128118829953,0.0036363636363636364,L2V.L2G,776
Guo & Roehrig (2011),278,L2V,L2G,1,1,2,2,0.3,Adolescent/Adult,FL,IL,AL,Beyond,2011,Guo & Roehrig,2.2,0.30951960420311175,0.0036363636363636364,L2V.L2G,777
Guo & Roehrig (2011),278,L2V,L2P,1,1,1,1,,Adolescent/Adult,FL,IL,AL,Beyond,2011,Guo & Roehrig,1.1,,0.0036363636363636364,L2V.L2P,778
Guo & Roehrig (2011),278,L2V,L2P,1,1,2,1,,Adolescent/Adult,FL,IL,AL,Beyond,2011,Guo & Roehrig,2.1,,0.0036363636363636364,L2V.L2P,779
Guo & Roehrig (2011),278,L2V,L2M,1,1,1,1,,Adolescent/Adult,FL,IL,AL,Beyond,2011,Guo & Roehrig,1.1,,0.0036363636363636364,L2V.L2M,780
Guo & Roehrig (2011),278,L2V,L2M,1,1,2,1,,Adolescent/Adult,FL,IL,AL,Beyond,2011,Guo & Roehrig,2.1,,0.0036363636363636364,L2V.L2M,781
Guo & Roehrig (2011),278,L2V,L2L,1,1,1,1,,Adolescent/Adult,FL,IL,AL,Beyond,2011,Guo & Roehrig,1.1,,0.0036363636363636364,L2V.L2L,782
Guo & Roehrig (2011),278,L2V,L2L,1,1,2,1,,Adolescent/Adult,FL,IL,AL,Beyond,2011,Guo & Roehrig,2.1,,0.0036363636363636364,L2V.L2L,783
Guo & Roehrig (2011),278,L2G,L2G,1,1,1,2,0.13,Adolescent/Adult,FL,IL,AL,Beyond,2011,Guo & Roehrig,1.2,0.13073985002887845,0.0036363636363636364,L2G.L2G,784
Guo & Roehrig (2011),278,L2G,L2P,1,1,1,1,,Adolescent/Adult,FL,IL,AL,Beyond,2011,Guo & Roehrig,1.1,,0.0036363636363636364,L2G.L2P,785
Guo & Roehrig (2011),278,L2G,L2P,1,1,2,1,,Adolescent/Adult,FL,IL,AL,Beyond,2011,Guo & Roehrig,2.1,,0.0036363636363636364,L2G.L2P,786
Guo & Roehrig (2011),278,L2G,L2M,1,1,1,1,,Adolescent/Adult,FL,IL,AL,Beyond,2011,Guo & Roehrig,1.1,,0.0036363636363636364,L2G.L2M,787
Guo & Roehrig (2011),278,L2G,L2M,1,1,2,1,,Adolescent/Adult,FL,IL,AL,Beyond,2011,Guo & Roehrig,2.1,,0.0036363636363636364,L2G.L2M,788
Guo & Roehrig (2011),278,L2G,L2L,1,1,1,1,,Adolescent/Adult,FL,IL,AL,Beyond,2011,Guo & Roehrig,1.1,,0.0036363636363636364,L2G.L2L,789
Guo & Roehrig (2011),278,L2G,L2L,1,1,2,1,,Adolescent/Adult,FL,IL,AL,Beyond,2011,Guo & Roehrig,2.1,,0.0036363636363636364,L2G.L2L,790
Guo & Roehrig (2011),278,L2P,L2M,1,1,1,1,,Adolescent/Adult,FL,IL,AL,Beyond,2011,Guo & Roehrig,1.1,,0.0036363636363636364,L2P.L2M,791
Guo & Roehrig (2011),278,L2P,L2L,1,1,1,1,,Adolescent/Adult,FL,IL,AL,Beyond,2011,Guo & Roehrig,1.1,,0.0036363636363636364,L2P.L2L,792
Guo & Roehrig (2011),278,L2M,L2L,1,1,1,1,,Adolescent/Adult,FL,IL,AL,Beyond,2011,Guo & Roehrig,1.1,,0.0036363636363636364,L2M.L2L,793
Harsch & Hartig (2016),559,L2R,L2DA,1,1,1,1,,Adolescent/Adult,FL,II,AA,Beyond,2016,Harsch & Hartig,1.1,,0.0017985611510791368,L2R.L2DA,794
Harsch & Hartig (2016),559,L2R,L2DF,1,1,1,1,,Adolescent/Adult,FL,II,AA,Beyond,2016,Harsch & Hartig,1.1,,0.0017985611510791368,L2R.L2DF,795
Harsch & Hartig (2016),559,L2R,L2V,1,1,1,1,0.39,Adolescent/Adult,FL,II,AA,Beyond,2016,Harsch & Hartig,1.1,0.4118000344786903,0.0017985611510791368,L2R.L2V,796
Harsch & Hartig (2016),559,L2R,L2V,1,1,1,2,-0.16,Adolescent/Adult,FL,II,AA,Beyond,2016,Harsch & Hartig,1.2,-0.1613866961315255,0.0017985611510791368,L2R.L2V,797
Harsch & Hartig (2016),559,L2R,L2G,1,1,1,1,,Adolescent/Adult,FL,II,AA,Beyond,2016,Harsch & Hartig,1.1,,0.0017985611510791368,L2R.L2G,798
Harsch & Hartig (2016),559,L2R,L2P,1,1,1,1,,Adolescent/Adult,FL,II,AA,Beyond,2016,Harsch & Hartig,1.1,,0.0017985611510791368,L2R.L2P,799
Harsch & Hartig (2016),559,L2R,L2M,1,1,1,1,,Adolescent/Adult,FL,II,AA,Beyond,2016,Harsch & Hartig,1.1,,0.0017985611510791368,L2R.L2M,800
Harsch & Hartig (2016),559,L2R,L2L,1,1,1,1,0.68,Adolescent/Adult,FL,II,AA,Beyond,2016,Harsch & Hartig,1.1,0.8291140383017662,0.0017985611510791368,L2R.L2L,801
Harsch & Hartig (2016),559,L2DA,L2DF,1,1,1,1,,Adolescent/Adult,FL,II,AA,Beyond,2016,Harsch & Hartig,1.1,,0.0017985611510791368,L2DA.L2DF,802
Harsch & Hartig (2016),559,L2DA,L2V,1,1,1,1,,Adolescent/Adult,FL,II,AA,Beyond,2016,Harsch & Hartig,1.1,,0.0017985611510791368,L2DA.L2V,803
Harsch & Hartig (2016),559,L2DA,L2V,1,1,1,2,,Adolescent/Adult,FL,II,AA,Beyond,2016,Harsch & Hartig,1.2,,0.0017985611510791368,L2DA.L2V,804
Harsch & Hartig (2016),559,L2DA,L2G,1,1,1,1,,Adolescent/Adult,FL,II,AA,Beyond,2016,Harsch & Hartig,1.1,,0.0017985611510791368,L2DA.L2G,805
Harsch & Hartig (2016),559,L2DA,L2P,1,1,1,1,,Adolescent/Adult,FL,II,AA,Beyond,2016,Harsch & Hartig,1.1,,0.0017985611510791368,L2DA.L2P,806
Harsch & Hartig (2016),559,L2DA,L2M,1,1,1,1,,Adolescent/Adult,FL,II,AA,Beyond,2016,Harsch & Hartig,1.1,,0.0017985611510791368,L2DA.L2M,807
Harsch & Hartig (2016),559,L2DA,L2L,1,1,1,1,,Adolescent/Adult,FL,II,AA,Beyond,2016,Harsch & Hartig,1.1,,0.0017985611510791368,L2DA.L2L,808
Harsch & Hartig (2016),559,L2DF,L2V,1,1,1,1,,Adolescent/Adult,FL,II,AA,Beyond,2016,Harsch & Hartig,1.1,,0.0017985611510791368,L2DF.L2V,809
Harsch & Hartig (2016),559,L2DF,L2V,1,1,1,2,,Adolescent/Adult,FL,II,AA,Beyond,2016,Harsch & Hartig,1.2,,0.0017985611510791368,L2DF.L2V,810
Harsch & Hartig (2016),559,L2DF,L2G,1,1,1,1,,Adolescent/Adult,FL,II,AA,Beyond,2016,Harsch & Hartig,1.1,,0.0017985611510791368,L2DF.L2G,811
Harsch & Hartig (2016),559,L2DF,L2P,1,1,1,1,,Adolescent/Adult,FL,II,AA,Beyond,2016,Harsch & Hartig,1.1,,0.0017985611510791368,L2DF.L2P,812
Harsch & Hartig (2016),559,L2DF,L2M,1,1,1,1,,Adolescent/Adult,FL,II,AA,Beyond,2016,Harsch & Hartig,1.1,,0.0017985611510791368,L2DF.L2M,813
Harsch & Hartig (2016),559,L2DF,L2L,1,1,1,1,,Adolescent/Adult,FL,II,AA,Beyond,2016,Harsch & Hartig,1.1,,0.0017985611510791368,L2DF.L2L,814
Harsch & Hartig (2016),559,L2V,L2V,1,1,1,2,0.33,Adolescent/Adult,FL,II,AA,Beyond,2016,Harsch & Hartig,1.2,0.3428282544153939,0.0017985611510791368,L2V.L2V,815
Harsch & Hartig (2016),559,L2V,L2G,1,1,1,1,,Adolescent/Adult,FL,II,AA,Beyond,2016,Harsch & Hartig,1.1,,0.0017985611510791368,L2V.L2G,816
Harsch & Hartig (2016),559,L2V,L2G,1,1,2,1,,Adolescent/Adult,FL,II,AA,Beyond,2016,Harsch & Hartig,2.1,,0.0017985611510791368,L2V.L2G,817
Harsch & Hartig (2016),559,L2V,L2P,1,1,1,1,,Adolescent/Adult,FL,II,AA,Beyond,2016,Harsch & Hartig,1.1,,0.0017985611510791368,L2V.L2P,818
Harsch & Hartig (2016),559,L2V,L2P,1,1,2,1,,Adolescent/Adult,FL,II,AA,Beyond,2016,Harsch & Hartig,2.1,,0.0017985611510791368,L2V.L2P,819
Harsch & Hartig (2016),559,L2V,L2M,1,1,1,1,,Adolescent/Adult,FL,II,AA,Beyond,2016,Harsch & Hartig,1.1,,0.0017985611510791368,L2V.L2M,820
Harsch & Hartig (2016),559,L2V,L2M,1,1,2,1,,Adolescent/Adult,FL,II,AA,Beyond,2016,Harsch & Hartig,2.1,,0.0017985611510791368,L2V.L2M,821
Harsch & Hartig (2016),559,L2V,L2L,1,1,1,1,0.49,Adolescent/Adult,FL,II,AA,Beyond,2016,Harsch & Hartig,1.1,0.5360603366105666,0.0017985611510791368,L2V.L2L,822
Harsch & Hartig (2016),559,L2V,L2L,1,1,2,1,-0.1,Adolescent/Adult,FL,II,AA,Beyond,2016,Harsch & Hartig,2.1,-0.10033534773107558,0.0017985611510791368,L2V.L2L,823
Harsch & Hartig (2016),559,L2G,L2P,1,1,1,1,,Adolescent/Adult,FL,II,AA,Beyond,2016,Harsch & Hartig,1.1,,0.0017985611510791368,L2G.L2P,824
Harsch & Hartig (2016),559,L2G,L2M,1,1,1,1,,Adolescent/Adult,FL,II,AA,Beyond,2016,Harsch & Hartig,1.1,,0.0017985611510791368,L2G.L2M,825
Harsch & Hartig (2016),559,L2G,L2L,1,1,1,1,,Adolescent/Adult,FL,II,AA,Beyond,2016,Harsch & Hartig,1.1,,0.0017985611510791368,L2G.L2L,826
Harsch & Hartig (2016),559,L2P,L2M,1,1,1,1,,Adolescent/Adult,FL,II,AA,Beyond,2016,Harsch & Hartig,1.1,,0.0017985611510791368,L2P.L2M,827
Harsch & Hartig (2016),559,L2P,L2L,1,1,1,1,,Adolescent/Adult,FL,II,AA,Beyond,2016,Harsch & Hartig,1.1,,0.0017985611510791368,L2P.L2L,828
Harsch & Hartig (2016),559,L2M,L2L,1,1,1,1,,Adolescent/Adult,FL,II,AA,Beyond,2016,Harsch & Hartig,1.1,,0.0017985611510791368,L2M.L2L,829
Hawas (1990),88,L2R,L2DA,1,1,1,1,,Adolescent/Adult,FL,IL,AL,Beyond,1990,Hawas,1.1,,0.011764705882352941,L2R.L2DA,830
Hawas (1990),88,L2R,L2DF,1,1,1,1,,Adolescent/Adult,FL,IL,AL,Beyond,1990,Hawas,1.1,,0.011764705882352941,L2R.L2DF,831
Hawas (1990),88,L2R,L2V,1,1,1,1,0.68,Adolescent/Adult,FL,IL,AL,Beyond,1990,Hawas,1.1,0.8291140383017662,0.011764705882352941,L2R.L2V,832
Hawas (1990),88,L2R,L2G,1,1,1,1,,Adolescent/Adult,FL,IL,AL,Beyond,1990,Hawas,1.1,,0.011764705882352941,L2R.L2G,833
Hawas (1990),88,L2R,L2P,1,1,1,1,,Adolescent/Adult,FL,IL,AL,Beyond,1990,Hawas,1.1,,0.011764705882352941,L2R.L2P,834
Hawas (1990),88,L2R,L2M,1,1,1,1,,Adolescent/Adult,FL,IL,AL,Beyond,1990,Hawas,1.1,,0.011764705882352941,L2R.L2M,835
Hawas (1990),88,L2R,L2L,1,1,1,1,,Adolescent/Adult,FL,IL,AL,Beyond,1990,Hawas,1.1,,0.011764705882352941,L2R.L2L,836
Hawas (1990),88,L2DA,L2DF,1,1,1,1,,Adolescent/Adult,FL,IL,AL,Beyond,1990,Hawas,1.1,,0.011764705882352941,L2DA.L2DF,837
Hawas (1990),88,L2DA,L2V,1,1,1,1,,Adolescent/Adult,FL,IL,AL,Beyond,1990,Hawas,1.1,,0.011764705882352941,L2DA.L2V,838
Hawas (1990),88,L2DA,L2G,1,1,1,1,,Adolescent/Adult,FL,IL,AL,Beyond,1990,Hawas,1.1,,0.011764705882352941,L2DA.L2G,839
Hawas (1990),88,L2DA,L2P,1,1,1,1,,Adolescent/Adult,FL,IL,AL,Beyond,1990,Hawas,1.1,,0.011764705882352941,L2DA.L2P,840
Hawas (1990),88,L2DA,L2M,1,1,1,1,,Adolescent/Adult,FL,IL,AL,Beyond,1990,Hawas,1.1,,0.011764705882352941,L2DA.L2M,841
Hawas (1990),88,L2DA,L2L,1,1,1,1,,Adolescent/Adult,FL,IL,AL,Beyond,1990,Hawas,1.1,,0.011764705882352941,L2DA.L2L,842
Hawas (1990),88,L2DF,L2V,1,1,1,1,,Adolescent/Adult,FL,IL,AL,Beyond,1990,Hawas,1.1,,0.011764705882352941,L2DF.L2V,843
Hawas (1990),88,L2DF,L2G,1,1,1,1,,Adolescent/Adult,FL,IL,AL,Beyond,1990,Hawas,1.1,,0.011764705882352941,L2DF.L2G,844
Hawas (1990),88,L2DF,L2P,1,1,1,1,,Adolescent/Adult,FL,IL,AL,Beyond,1990,Hawas,1.1,,0.011764705882352941,L2DF.L2P,845
Hawas (1990),88,L2DF,L2M,1,1,1,1,,Adolescent/Adult,FL,IL,AL,Beyond,1990,Hawas,1.1,,0.011764705882352941,L2DF.L2M,846
Hawas (1990),88,L2DF,L2L,1,1,1,1,,Adolescent/Adult,FL,IL,AL,Beyond,1990,Hawas,1.1,,0.011764705882352941,L2DF.L2L,847
Hawas (1990),88,L2V,L2G,1,1,1,1,,Adolescent/Adult,FL,IL,AL,Beyond,1990,Hawas,1.1,,0.011764705882352941,L2V.L2G,848
Hawas (1990),88,L2V,L2P,1,1,1,1,,Adolescent/Adult,FL,IL,AL,Beyond,1990,Hawas,1.1,,0.011764705882352941,L2V.L2P,849
Hawas (1990),88,L2V,L2M,1,1,1,1,,Adolescent/Adult,FL,IL,AL,Beyond,1990,Hawas,1.1,,0.011764705882352941,L2V.L2M,850
Hawas (1990),88,L2V,L2L,1,1,1,1,,Adolescent/Adult,FL,IL,AL,Beyond,1990,Hawas,1.1,,0.011764705882352941,L2V.L2L,851
Hawas (1990),88,L2G,L2P,1,1,1,1,,Adolescent/Adult,FL,IL,AL,Beyond,1990,Hawas,1.1,,0.011764705882352941,L2G.L2P,852
Hawas (1990),88,L2G,L2M,1,1,1,1,,Adolescent/Adult,FL,IL,AL,Beyond,1990,Hawas,1.1,,0.011764705882352941,L2G.L2M,853
Hawas (1990),88,L2G,L2L,1,1,1,1,,Adolescent/Adult,FL,IL,AL,Beyond,1990,Hawas,1.1,,0.011764705882352941,L2G.L2L,854
Hawas (1990),88,L2P,L2M,1,1,1,1,,Adolescent/Adult,FL,IL,AL,Beyond,1990,Hawas,1.1,,0.011764705882352941,L2P.L2M,855
Hawas (1990),88,L2P,L2L,1,1,1,1,,Adolescent/Adult,FL,IL,AL,Beyond,1990,Hawas,1.1,,0.011764705882352941,L2P.L2L,856
Hawas (1990),88,L2M,L2L,1,1,1,1,,Adolescent/Adult,FL,IL,AL,Beyond,1990,Hawas,1.1,,0.011764705882352941,L2M.L2L,857
Haynes & Carr (1990),60,L2R,L2DA,1,1,1,1,,Adolescent/Adult,FL,IL,AL,Beyond,1990,Haynes & Carr,1.1,,0.017543859649122806,L2R.L2DA,858
Haynes & Carr (1990),60,L2R,L2DF,1,1,1,1,,Adolescent/Adult,FL,IL,AL,Beyond,1990,Haynes & Carr,1.1,,0.017543859649122806,L2R.L2DF,859
Haynes & Carr (1990),60,L2R,L2V,1,1,1,1,0.37,Adolescent/Adult,FL,IL,AL,Beyond,1990,Haynes & Carr,1.1,0.3884230997182962,0.017543859649122806,L2R.L2V,860
Haynes & Carr (1990),60,L2R,L2G,1,1,1,1,0.29,Adolescent/Adult,FL,IL,AL,Beyond,1990,Haynes & Carr,1.1,0.29856626366017835,0.017543859649122806,L2R.L2G,861
Haynes & Carr (1990),60,L2R,L2P,1,1,1,1,,Adolescent/Adult,FL,IL,AL,Beyond,1990,Haynes & Carr,1.1,,0.017543859649122806,L2R.L2P,862
Haynes & Carr (1990),60,L2R,L2M,1,1,1,1,,Adolescent/Adult,FL,IL,AL,Beyond,1990,Haynes & Carr,1.1,,0.017543859649122806,L2R.L2M,863
Haynes & Carr (1990),60,L2R,L2L,1,1,1,1,0.39,Adolescent/Adult,FL,IL,AL,Beyond,1990,Haynes & Carr,1.1,0.4118000344786903,0.017543859649122806,L2R.L2L,864
Haynes & Carr (1990),60,L2DA,L2DF,1,1,1,1,,Adolescent/Adult,FL,IL,AL,Beyond,1990,Haynes & Carr,1.1,,0.017543859649122806,L2DA.L2DF,865
Haynes & Carr (1990),60,L2DA,L2V,1,1,1,1,,Adolescent/Adult,FL,IL,AL,Beyond,1990,Haynes & Carr,1.1,,0.017543859649122806,L2DA.L2V,866
Haynes & Carr (1990),60,L2DA,L2G,1,1,1,1,,Adolescent/Adult,FL,IL,AL,Beyond,1990,Haynes & Carr,1.1,,0.017543859649122806,L2DA.L2G,867
Haynes & Carr (1990),60,L2DA,L2P,1,1,1,1,,Adolescent/Adult,FL,IL,AL,Beyond,1990,Haynes & Carr,1.1,,0.017543859649122806,L2DA.L2P,868
Haynes & Carr (1990),60,L2DA,L2M,1,1,1,1,,Adolescent/Adult,FL,IL,AL,Beyond,1990,Haynes & Carr,1.1,,0.017543859649122806,L2DA.L2M,869
Haynes & Carr (1990),60,L2DA,L2L,1,1,1,1,,Adolescent/Adult,FL,IL,AL,Beyond,1990,Haynes & Carr,1.1,,0.017543859649122806,L2DA.L2L,870
Haynes & Carr (1990),60,L2DF,L2V,1,1,1,1,,Adolescent/Adult,FL,IL,AL,Beyond,1990,Haynes & Carr,1.1,,0.017543859649122806,L2DF.L2V,871
Haynes & Carr (1990),60,L2DF,L2G,1,1,1,1,,Adolescent/Adult,FL,IL,AL,Beyond,1990,Haynes & Carr,1.1,,0.017543859649122806,L2DF.L2G,872
Haynes & Carr (1990),60,L2DF,L2P,1,1,1,1,,Adolescent/Adult,FL,IL,AL,Beyond,1990,Haynes & Carr,1.1,,0.017543859649122806,L2DF.L2P,873
Haynes & Carr (1990),60,L2DF,L2M,1,1,1,1,,Adolescent/Adult,FL,IL,AL,Beyond,1990,Haynes & Carr,1.1,,0.017543859649122806,L2DF.L2M,874
Haynes & Carr (1990),60,L2DF,L2L,1,1,1,1,,Adolescent/Adult,FL,IL,AL,Beyond,1990,Haynes & Carr,1.1,,0.017543859649122806,L2DF.L2L,875
Haynes & Carr (1990),60,L2V,L2G,1,1,1,1,0.57,Adolescent/Adult,FL,IL,AL,Beyond,1990,Haynes & Carr,1.1,0.6475228448273728,0.017543859649122806,L2V.L2G,876
Haynes & Carr (1990),60,L2V,L2P,1,1,1,1,,Adolescent/Adult,FL,IL,AL,Beyond,1990,Haynes & Carr,1.1,,0.017543859649122806,L2V.L2P,877
Haynes & Carr (1990),60,L2V,L2M,1,1,1,1,,Adolescent/Adult,FL,IL,AL,Beyond,1990,Haynes & Carr,1.1,,0.017543859649122806,L2V.L2M,878
Haynes & Carr (1990),60,L2V,L2L,1,1,1,1,0.45,Adolescent/Adult,FL,IL,AL,Beyond,1990,Haynes & Carr,1.1,0.48470027859405174,0.017543859649122806,L2V.L2L,879
Haynes & Carr (1990),60,L2G,L2P,1,1,1,1,,Adolescent/Adult,FL,IL,AL,Beyond,1990,Haynes & Carr,1.1,,0.017543859649122806,L2G.L2P,880
Haynes & Carr (1990),60,L2G,L2M,1,1,1,1,,Adolescent/Adult,FL,IL,AL,Beyond,1990,Haynes & Carr,1.1,,0.017543859649122806,L2G.L2M,881
Haynes & Carr (1990),60,L2G,L2L,1,1,1,1,0.47,Adolescent/Adult,FL,IL,AL,Beyond,1990,Haynes & Carr,1.1,0.5100703366133073,0.017543859649122806,L2G.L2L,882
Haynes & Carr (1990),60,L2P,L2M,1,1,1,1,,Adolescent/Adult,FL,IL,AL,Beyond,1990,Haynes & Carr,1.1,,0.017543859649122806,L2P.L2M,883
Haynes & Carr (1990),60,L2P,L2L,1,1,1,1,,Adolescent/Adult,FL,IL,AL,Beyond,1990,Haynes & Carr,1.1,,0.017543859649122806,L2P.L2L,884
Haynes & Carr (1990),60,L2M,L2L,1,1,1,1,,Adolescent/Adult,FL,IL,AL,Beyond,1990,Haynes & Carr,1.1,,0.017543859649122806,L2M.L2L,885
Henning et al. (1981),184,L2R,L2DA,1,1,1,1,,Adolescent/Adult,FL,IL,AL,Beyond,1981,Henning et al.,1.1,,0.0055248618784530384,L2R.L2DA,886
Henning et al. (1981),184,L2R,L2DF,1,1,1,1,,Adolescent/Adult,FL,IL,AL,Beyond,1981,Henning et al.,1.1,,0.0055248618784530384,L2R.L2DF,887
Henning et al. (1981),184,L2R,L2V,1,1,1,1,0.5,Adolescent/Adult,FL,IL,AL,Beyond,1981,Henning et al.,1.1,0.5493061443340549,0.0055248618784530384,L2R.L2V,888
Henning et al. (1981),184,L2R,L2G,1,1,1,1,0.52,Adolescent/Adult,FL,IL,AL,Beyond,1981,Henning et al.,1.1,0.5763397549691928,0.0055248618784530384,L2R.L2G,889
Henning et al. (1981),184,L2R,L2P,1,1,1,1,,Adolescent/Adult,FL,IL,AL,Beyond,1981,Henning et al.,1.1,,0.0055248618784530384,L2R.L2P,890
Henning et al. (1981),184,L2R,L2M,1,1,1,1,,Adolescent/Adult,FL,IL,AL,Beyond,1981,Henning et al.,1.1,,0.0055248618784530384,L2R.L2M,891
Henning et al. (1981),184,L2R,L2L,1,1,1,1,0.29,Adolescent/Adult,FL,IL,AL,Beyond,1981,Henning et al.,1.1,0.29856626366017835,0.0055248618784530384,L2R.L2L,892
Henning et al. (1981),184,L2DA,L2DF,1,1,1,1,,Adolescent/Adult,FL,IL,AL,Beyond,1981,Henning et al.,1.1,,0.0055248618784530384,L2DA.L2DF,893
Henning et al. (1981),184,L2DA,L2V,1,1,1,1,,Adolescent/Adult,FL,IL,AL,Beyond,1981,Henning et al.,1.1,,0.0055248618784530384,L2DA.L2V,894
Henning et al. (1981),184,L2DA,L2G,1,1,1,1,,Adolescent/Adult,FL,IL,AL,Beyond,1981,Henning et al.,1.1,,0.0055248618784530384,L2DA.L2G,895
Henning et al. (1981),184,L2DA,L2P,1,1,1,1,,Adolescent/Adult,FL,IL,AL,Beyond,1981,Henning et al.,1.1,,0.0055248618784530384,L2DA.L2P,896
Henning et al. (1981),184,L2DA,L2M,1,1,1,1,,Adolescent/Adult,FL,IL,AL,Beyond,1981,Henning et al.,1.1,,0.0055248618784530384,L2DA.L2M,897
Henning et al. (1981),184,L2DA,L2L,1,1,1,1,,Adolescent/Adult,FL,IL,AL,Beyond,1981,Henning et al.,1.1,,0.0055248618784530384,L2DA.L2L,898
Henning et al. (1981),184,L2DF,L2V,1,1,1,1,,Adolescent/Adult,FL,IL,AL,Beyond,1981,Henning et al.,1.1,,0.0055248618784530384,L2DF.L2V,899
Henning et al. (1981),184,L2DF,L2G,1,1,1,1,,Adolescent/Adult,FL,IL,AL,Beyond,1981,Henning et al.,1.1,,0.0055248618784530384,L2DF.L2G,900
Henning et al. (1981),184,L2DF,L2P,1,1,1,1,,Adolescent/Adult,FL,IL,AL,Beyond,1981,Henning et al.,1.1,,0.0055248618784530384,L2DF.L2P,901
Henning et al. (1981),184,L2DF,L2M,1,1,1,1,,Adolescent/Adult,FL,IL,AL,Beyond,1981,Henning et al.,1.1,,0.0055248618784530384,L2DF.L2M,902
Henning et al. (1981),184,L2DF,L2L,1,1,1,1,,Adolescent/Adult,FL,IL,AL,Beyond,1981,Henning et al.,1.1,,0.0055248618784530384,L2DF.L2L,903
Henning et al. (1981),184,L2V,L2G,1,1,1,1,0.41,Adolescent/Adult,FL,IL,AL,Beyond,1981,Henning et al.,1.1,0.43561122323622437,0.0055248618784530384,L2V.L2G,904
Henning et al. (1981),184,L2V,L2P,1,1,1,1,,Adolescent/Adult,FL,IL,AL,Beyond,1981,Henning et al.,1.1,,0.0055248618784530384,L2V.L2P,905
Henning et al. (1981),184,L2V,L2M,1,1,1,1,,Adolescent/Adult,FL,IL,AL,Beyond,1981,Henning et al.,1.1,,0.0055248618784530384,L2V.L2M,906
Henning et al. (1981),184,L2V,L2L,1,1,1,1,0.41,Adolescent/Adult,FL,IL,AL,Beyond,1981,Henning et al.,1.1,0.43561122323622437,0.0055248618784530384,L2V.L2L,907
Henning et al. (1981),184,L2G,L2P,1,1,1,1,,Adolescent/Adult,FL,IL,AL,Beyond,1981,Henning et al.,1.1,,0.0055248618784530384,L2G.L2P,908
Henning et al. (1981),184,L2G,L2M,1,1,1,1,,Adolescent/Adult,FL,IL,AL,Beyond,1981,Henning et al.,1.1,,0.0055248618784530384,L2G.L2M,909
Henning et al. (1981),184,L2G,L2L,1,1,1,1,0.37,Adolescent/Adult,FL,IL,AL,Beyond,1981,Henning et al.,1.1,0.3884230997182962,0.0055248618784530384,L2G.L2L,910
Henning et al. (1981),184,L2P,L2M,1,1,1,1,,Adolescent/Adult,FL,IL,AL,Beyond,1981,Henning et al.,1.1,,0.0055248618784530384,L2P.L2M,911
Henning et al. (1981),184,L2P,L2L,1,1,1,1,,Adolescent/Adult,FL,IL,AL,Beyond,1981,Henning et al.,1.1,,0.0055248618784530384,L2P.L2L,912
Henning et al. (1981),184,L2M,L2L,1,1,1,1,,Adolescent/Adult,FL,IL,AL,Beyond,1981,Henning et al.,1.1,,0.0055248618784530384,L2M.L2L,913
Hoover & Gough (1990): Grade 1,210,L2R,L2DA,1,1,1,1,0.84,Young,SL,II,AA,Basic,1990,Hoover & Gough,1.1,1.2211735176846021,0.004830917874396135,L2R.L2DA,914
Hoover & Gough (1990): Grade 1,210,L2R,L2DF,1,1,1,1,,Young,SL,II,AA,Basic,1990,Hoover & Gough,1.1,,0.004830917874396135,L2R.L2DF,915
Hoover & Gough (1990): Grade 1,210,L2R,L2V,1,1,1,1,,Young,SL,II,AA,Basic,1990,Hoover & Gough,1.1,,0.004830917874396135,L2R.L2V,916
Hoover & Gough (1990): Grade 1,210,L2R,L2G,1,1,1,1,,Young,SL,II,AA,Basic,1990,Hoover & Gough,1.1,,0.004830917874396135,L2R.L2G,917
Hoover & Gough (1990): Grade 1,210,L2R,L2P,1,1,1,1,,Young,SL,II,AA,Basic,1990,Hoover & Gough,1.1,,0.004830917874396135,L2R.L2P,918
Hoover & Gough (1990): Grade 1,210,L2R,L2M,1,1,1,1,,Young,SL,II,AA,Basic,1990,Hoover & Gough,1.1,,0.004830917874396135,L2R.L2M,919
Hoover & Gough (1990): Grade 1,210,L2R,L2L,1,1,1,1,0.46,Young,SL,II,AA,Basic,1990,Hoover & Gough,1.1,0.497311287572031,0.004830917874396135,L2R.L2L,920
Hoover & Gough (1990): Grade 1,210,L2DA,L2DF,1,1,1,1,,Young,SL,II,AA,Basic,1990,Hoover & Gough,1.1,,0.004830917874396135,L2DA.L2DF,921
Hoover & Gough (1990): Grade 1,210,L2DA,L2V,1,1,1,1,,Young,SL,II,AA,Basic,1990,Hoover & Gough,1.1,,0.004830917874396135,L2DA.L2V,922
Hoover & Gough (1990): Grade 1,210,L2DA,L2G,1,1,1,1,,Young,SL,II,AA,Basic,1990,Hoover & Gough,1.1,,0.004830917874396135,L2DA.L2G,923
Hoover & Gough (1990): Grade 1,210,L2DA,L2P,1,1,1,1,,Young,SL,II,AA,Basic,1990,Hoover & Gough,1.1,,0.004830917874396135,L2DA.L2P,924
Hoover & Gough (1990): Grade 1,210,L2DA,L2M,1,1,1,1,,Young,SL,II,AA,Basic,1990,Hoover & Gough,1.1,,0.004830917874396135,L2DA.L2M,925
Hoover & Gough (1990): Grade 1,210,L2DA,L2L,1,1,1,1,0.42,Young,SL,II,AA,Basic,1990,Hoover & Gough,1.1,0.44769202352742066,0.004830917874396135,L2DA.L2L,926
Hoover & Gough (1990): Grade 1,210,L2DF,L2V,1,1,1,1,,Young,SL,II,AA,Basic,1990,Hoover & Gough,1.1,,0.004830917874396135,L2DF.L2V,927
Hoover & Gough (1990): Grade 1,210,L2DF,L2G,1,1,1,1,,Young,SL,II,AA,Basic,1990,Hoover & Gough,1.1,,0.004830917874396135,L2DF.L2G,928
Hoover & Gough (1990): Grade 1,210,L2DF,L2P,1,1,1,1,,Young,SL,II,AA,Basic,1990,Hoover & Gough,1.1,,0.004830917874396135,L2DF.L2P,929
Hoover & Gough (1990): Grade 1,210,L2DF,L2M,1,1,1,1,,Young,SL,II,AA,Basic,1990,Hoover & Gough,1.1,,0.004830917874396135,L2DF.L2M,930
Hoover & Gough (1990): Grade 1,210,L2DF,L2L,1,1,1,1,,Young,SL,II,AA,Basic,1990,Hoover & Gough,1.1,,0.004830917874396135,L2DF.L2L,931
Hoover & Gough (1990): Grade 1,210,L2V,L2G,1,1,1,1,,Young,SL,II,AA,Basic,1990,Hoover & Gough,1.1,,0.004830917874396135,L2V.L2G,932
Hoover & Gough (1990): Grade 1,210,L2V,L2P,1,1,1,1,,Young,SL,II,AA,Basic,1990,Hoover & Gough,1.1,,0.004830917874396135,L2V.L2P,933
Hoover & Gough (1990): Grade 1,210,L2V,L2M,1,1,1,1,,Young,SL,II,AA,Basic,1990,Hoover & Gough,1.1,,0.004830917874396135,L2V.L2M,934
Hoover & Gough (1990): Grade 1,210,L2V,L2L,1,1,1,1,,Young,SL,II,AA,Basic,1990,Hoover & Gough,1.1,,0.004830917874396135,L2V.L2L,935
Hoover & Gough (1990): Grade 1,210,L2G,L2P,1,1,1,1,,Young,SL,II,AA,Basic,1990,Hoover & Gough,1.1,,0.004830917874396135,L2G.L2P,936
Hoover & Gough (1990): Grade 1,210,L2G,L2M,1,1,1,1,,Young,SL,II,AA,Basic,1990,Hoover & Gough,1.1,,0.004830917874396135,L2G.L2M,937
Hoover & Gough (1990): Grade 1,210,L2G,L2L,1,1,1,1,,Young,SL,II,AA,Basic,1990,Hoover & Gough,1.1,,0.004830917874396135,L2G.L2L,938
Hoover & Gough (1990): Grade 1,210,L2P,L2M,1,1,1,1,,Young,SL,II,AA,Basic,1990,Hoover & Gough,1.1,,0.004830917874396135,L2P.L2M,939
Hoover & Gough (1990): Grade 1,210,L2P,L2L,1,1,1,1,,Young,SL,II,AA,Basic,1990,Hoover & Gough,1.1,,0.004830917874396135,L2P.L2L,940
Hoover & Gough (1990): Grade 1,210,L2M,L2L,1,1,1,1,,Young,SL,II,AA,Basic,1990,Hoover & Gough,1.1,,0.004830917874396135,L2M.L2L,941
Hoover & Gough (1990): Grade 2,206,L2R,L2DA,1,2,1,1,0.8,Young,SL,II,AA,Basic,1990,Hoover & Gough,1.1,1.0986122886681098,0.0049261083743842365,L2R.L2DA,942
Hoover & Gough (1990): Grade 2,206,L2R,L2DF,1,2,1,1,,Young,SL,II,AA,Basic,1990,Hoover & Gough,1.1,,0.0049261083743842365,L2R.L2DF,943
Hoover & Gough (1990): Grade 2,206,L2R,L2V,1,2,1,1,,Young,SL,II,AA,Basic,1990,Hoover & Gough,1.1,,0.0049261083743842365,L2R.L2V,944
Hoover & Gough (1990): Grade 2,206,L2R,L2G,1,2,1,1,,Young,SL,II,AA,Basic,1990,Hoover & Gough,1.1,,0.0049261083743842365,L2R.L2G,945
Hoover & Gough (1990): Grade 2,206,L2R,L2P,1,2,1,1,,Young,SL,II,AA,Basic,1990,Hoover & Gough,1.1,,0.0049261083743842365,L2R.L2P,946
Hoover & Gough (1990): Grade 2,206,L2R,L2M,1,2,1,1,,Young,SL,II,AA,Basic,1990,Hoover & Gough,1.1,,0.0049261083743842365,L2R.L2M,947
Hoover & Gough (1990): Grade 2,206,L2R,L2L,1,2,1,1,0.71,Young,SL,II,AA,Basic,1990,Hoover & Gough,1.1,0.8871838632580928,0.0049261083743842365,L2R.L2L,948
Hoover & Gough (1990): Grade 2,206,L2DA,L2DF,1,2,1,1,,Young,SL,II,AA,Basic,1990,Hoover & Gough,1.1,,0.0049261083743842365,L2DA.L2DF,949
Hoover & Gough (1990): Grade 2,206,L2DA,L2V,1,2,1,1,,Young,SL,II,AA,Basic,1990,Hoover & Gough,1.1,,0.0049261083743842365,L2DA.L2V,950
Hoover & Gough (1990): Grade 2,206,L2DA,L2G,1,2,1,1,,Young,SL,II,AA,Basic,1990,Hoover & Gough,1.1,,0.0049261083743842365,L2DA.L2G,951
Hoover & Gough (1990): Grade 2,206,L2DA,L2P,1,2,1,1,,Young,SL,II,AA,Basic,1990,Hoover & Gough,1.1,,0.0049261083743842365,L2DA.L2P,952
Hoover & Gough (1990): Grade 2,206,L2DA,L2M,1,2,1,1,,Young,SL,II,AA,Basic,1990,Hoover & Gough,1.1,,0.0049261083743842365,L2DA.L2M,953
Hoover & Gough (1990): Grade 2,206,L2DA,L2L,1,2,1,1,0.59,Young,SL,II,AA,Basic,1990,Hoover & Gough,1.1,0.6776660677579618,0.0049261083743842365,L2DA.L2L,954
Hoover & Gough (1990): Grade 2,206,L2DF,L2V,1,2,1,1,,Young,SL,II,AA,Basic,1990,Hoover & Gough,1.1,,0.0049261083743842365,L2DF.L2V,955
Hoover & Gough (1990): Grade 2,206,L2DF,L2G,1,2,1,1,,Young,SL,II,AA,Basic,1990,Hoover & Gough,1.1,,0.0049261083743842365,L2DF.L2G,956
Hoover & Gough (1990): Grade 2,206,L2DF,L2P,1,2,1,1,,Young,SL,II,AA,Basic,1990,Hoover & Gough,1.1,,0.0049261083743842365,L2DF.L2P,957
Hoover & Gough (1990): Grade 2,206,L2DF,L2M,1,2,1,1,,Young,SL,II,AA,Basic,1990,Hoover & Gough,1.1,,0.0049261083743842365,L2DF.L2M,958
Hoover & Gough (1990): Grade 2,206,L2DF,L2L,1,2,1,1,,Young,SL,II,AA,Basic,1990,Hoover & Gough,1.1,,0.0049261083743842365,L2DF.L2L,959
Hoover & Gough (1990): Grade 2,206,L2V,L2G,1,2,1,1,,Young,SL,II,AA,Basic,1990,Hoover & Gough,1.1,,0.0049261083743842365,L2V.L2G,960
Hoover & Gough (1990): Grade 2,206,L2V,L2P,1,2,1,1,,Young,SL,II,AA,Basic,1990,Hoover & Gough,1.1,,0.0049261083743842365,L2V.L2P,961
Hoover & Gough (1990): Grade 2,206,L2V,L2M,1,2,1,1,,Young,SL,II,AA,Basic,1990,Hoover & Gough,1.1,,0.0049261083743842365,L2V.L2M,962
Hoover & Gough (1990): Grade 2,206,L2V,L2L,1,2,1,1,,Young,SL,II,AA,Basic,1990,Hoover & Gough,1.1,,0.0049261083743842365,L2V.L2L,963
Hoover & Gough (1990): Grade 2,206,L2G,L2P,1,2,1,1,,Young,SL,II,AA,Basic,1990,Hoover & Gough,1.1,,0.0049261083743842365,L2G.L2P,964
Hoover & Gough (1990): Grade 2,206,L2G,L2M,1,2,1,1,,Young,SL,II,AA,Basic,1990,Hoover & Gough,1.1,,0.0049261083743842365,L2G.L2M,965
Hoover & Gough (1990): Grade 2,206,L2G,L2L,1,2,1,1,,Young,SL,II,AA,Basic,1990,Hoover & Gough,1.1,,0.0049261083743842365,L2G.L2L,966
Hoover & Gough (1990): Grade 2,206,L2P,L2M,1,2,1,1,,Young,SL,II,AA,Basic,1990,Hoover & Gough,1.1,,0.0049261083743842365,L2P.L2M,967
Hoover & Gough (1990): Grade 2,206,L2P,L2L,1,2,1,1,,Young,SL,II,AA,Basic,1990,Hoover & Gough,1.1,,0.0049261083743842365,L2P.L2L,968
Hoover & Gough (1990): Grade 2,206,L2M,L2L,1,2,1,1,,Young,SL,II,AA,Basic,1990,Hoover & Gough,1.1,,0.0049261083743842365,L2M.L2L,969
Hoover & Gough (1990): Grade 3,86,L2R,L2DA,1,3,1,1,0.75,Young,SL,II,AA,Basic,1990,Hoover & Gough,1.1,0.9729550745276566,0.012048192771084338,L2R.L2DA,970
Hoover & Gough (1990): Grade 3,86,L2R,L2DF,1,3,1,1,,Young,SL,II,AA,Basic,1990,Hoover & Gough,1.1,,0.012048192771084338,L2R.L2DF,971
Hoover & Gough (1990): Grade 3,86,L2R,L2V,1,3,1,1,,Young,SL,II,AA,Basic,1990,Hoover & Gough,1.1,,0.012048192771084338,L2R.L2V,972
Hoover & Gough (1990): Grade 3,86,L2R,L2G,1,3,1,1,,Young,SL,II,AA,Basic,1990,Hoover & Gough,1.1,,0.012048192771084338,L2R.L2G,973
Hoover & Gough (1990): Grade 3,86,L2R,L2P,1,3,1,1,,Young,SL,II,AA,Basic,1990,Hoover & Gough,1.1,,0.012048192771084338,L2R.L2P,974
Hoover & Gough (1990): Grade 3,86,L2R,L2M,1,3,1,1,,Young,SL,II,AA,Basic,1990,Hoover & Gough,1.1,,0.012048192771084338,L2R.L2M,975
Hoover & Gough (1990): Grade 3,86,L2R,L2L,1,3,1,1,0.8,Young,SL,II,AA,Basic,1990,Hoover & Gough,1.1,1.0986122886681098,0.012048192771084338,L2R.L2L,976
Hoover & Gough (1990): Grade 3,86,L2DA,L2DF,1,3,1,1,,Young,SL,II,AA,Basic,1990,Hoover & Gough,1.1,,0.012048192771084338,L2DA.L2DF,977
Hoover & Gough (1990): Grade 3,86,L2DA,L2V,1,3,1,1,,Young,SL,II,AA,Basic,1990,Hoover & Gough,1.1,,0.012048192771084338,L2DA.L2V,978
Hoover & Gough (1990): Grade 3,86,L2DA,L2G,1,3,1,1,,Young,SL,II,AA,Basic,1990,Hoover & Gough,1.1,,0.012048192771084338,L2DA.L2G,979
Hoover & Gough (1990): Grade 3,86,L2DA,L2P,1,3,1,1,,Young,SL,II,AA,Basic,1990,Hoover & Gough,1.1,,0.012048192771084338,L2DA.L2P,980
Hoover & Gough (1990): Grade 3,86,L2DA,L2M,1,3,1,1,,Young,SL,II,AA,Basic,1990,Hoover & Gough,1.1,,0.012048192771084338,L2DA.L2M,981
Hoover & Gough (1990): Grade 3,86,L2DA,L2L,1,3,1,1,0.54,Young,SL,II,AA,Basic,1990,Hoover & Gough,1.1,0.6041556029622671,0.012048192771084338,L2DA.L2L,982
Hoover & Gough (1990): Grade 3,86,L2DF,L2V,1,3,1,1,,Young,SL,II,AA,Basic,1990,Hoover & Gough,1.1,,0.012048192771084338,L2DF.L2V,983
Hoover & Gough (1990): Grade 3,86,L2DF,L2G,1,3,1,1,,Young,SL,II,AA,Basic,1990,Hoover & Gough,1.1,,0.012048192771084338,L2DF.L2G,984
Hoover & Gough (1990): Grade 3,86,L2DF,L2P,1,3,1,1,,Young,SL,II,AA,Basic,1990,Hoover & Gough,1.1,,0.012048192771084338,L2DF.L2P,985
Hoover & Gough (1990): Grade 3,86,L2DF,L2M,1,3,1,1,,Young,SL,II,AA,Basic,1990,Hoover & Gough,1.1,,0.012048192771084338,L2DF.L2M,986
Hoover & Gough (1990): Grade 3,86,L2DF,L2L,1,3,1,1,,Young,SL,II,AA,Basic,1990,Hoover & Gough,1.1,,0.012048192771084338,L2DF.L2L,987
Hoover & Gough (1990): Grade 3,86,L2V,L2G,1,3,1,1,,Young,SL,II,AA,Basic,1990,Hoover & Gough,1.1,,0.012048192771084338,L2V.L2G,988
Hoover & Gough (1990): Grade 3,86,L2V,L2P,1,3,1,1,,Young,SL,II,AA,Basic,1990,Hoover & Gough,1.1,,0.012048192771084338,L2V.L2P,989
Hoover & Gough (1990): Grade 3,86,L2V,L2M,1,3,1,1,,Young,SL,II,AA,Basic,1990,Hoover & Gough,1.1,,0.012048192771084338,L2V.L2M,990
Hoover & Gough (1990): Grade 3,86,L2V,L2L,1,3,1,1,,Young,SL,II,AA,Basic,1990,Hoover & Gough,1.1,,0.012048192771084338,L2V.L2L,991
Hoover & Gough (1990): Grade 3,86,L2G,L2P,1,3,1,1,,Young,SL,II,AA,Basic,1990,Hoover & Gough,1.1,,0.012048192771084338,L2G.L2P,992
Hoover & Gough (1990): Grade 3,86,L2G,L2M,1,3,1,1,,Young,SL,II,AA,Basic,1990,Hoover & Gough,1.1,,0.012048192771084338,L2G.L2M,993
Hoover & Gough (1990): Grade 3,86,L2G,L2L,1,3,1,1,,Young,SL,II,AA,Basic,1990,Hoover & Gough,1.1,,0.012048192771084338,L2G.L2L,994
Hoover & Gough (1990): Grade 3,86,L2P,L2M,1,3,1,1,,Young,SL,II,AA,Basic,1990,Hoover & Gough,1.1,,0.012048192771084338,L2P.L2M,995
Hoover & Gough (1990): Grade 3,86,L2P,L2L,1,3,1,1,,Young,SL,II,AA,Basic,1990,Hoover & Gough,1.1,,0.012048192771084338,L2P.L2L,996
Hoover & Gough (1990): Grade 3,86,L2M,L2L,1,3,1,1,,Young,SL,II,AA,Basic,1990,Hoover & Gough,1.1,,0.012048192771084338,L2M.L2L,997
Hoover & Gough (1990): Grade 4,55,L2R,L2DA,1,4,1,1,0.84,Young,SL,II,AA,Basic,1990,Hoover & Gough,1.1,1.2211735176846021,0.019230769230769232,L2R.L2DA,998
Hoover & Gough (1990): Grade 4,55,L2R,L2DF,1,4,1,1,,Young,SL,II,AA,Basic,1990,Hoover & Gough,1.1,,0.019230769230769232,L2R.L2DF,999
Hoover & Gough (1990): Grade 4,55,L2R,L2V,1,4,1,1,,Young,SL,II,AA,Basic,1990,Hoover & Gough,1.1,,0.019230769230769232,L2R.L2V,1000
Hoover & Gough (1990): Grade 4,55,L2R,L2G,1,4,1,1,,Young,SL,II,AA,Basic,1990,Hoover & Gough,1.1,,0.019230769230769232,L2R.L2G,1001
Hoover & Gough (1990): Grade 4,55,L2R,L2P,1,4,1,1,,Young,SL,II,AA,Basic,1990,Hoover & Gough,1.1,,0.019230769230769232,L2R.L2P,1002
Hoover & Gough (1990): Grade 4,55,L2R,L2M,1,4,1,1,,Young,SL,II,AA,Basic,1990,Hoover & Gough,1.1,,0.019230769230769232,L2R.L2M,1003
Hoover & Gough (1990): Grade 4,55,L2R,L2L,1,4,1,1,0.87,Young,SL,II,AA,Basic,1990,Hoover & Gough,1.1,1.3330796296965248,0.019230769230769232,L2R.L2L,1004
Hoover & Gough (1990): Grade 4,55,L2DA,L2DF,1,4,1,1,,Young,SL,II,AA,Basic,1990,Hoover & Gough,1.1,,0.019230769230769232,L2DA.L2DF,1005
Hoover & Gough (1990): Grade 4,55,L2DA,L2V,1,4,1,1,,Young,SL,II,AA,Basic,1990,Hoover & Gough,1.1,,0.019230769230769232,L2DA.L2V,1006
Hoover & Gough (1990): Grade 4,55,L2DA,L2G,1,4,1,1,,Young,SL,II,AA,Basic,1990,Hoover & Gough,1.1,,0.019230769230769232,L2DA.L2G,1007
Hoover & Gough (1990): Grade 4,55,L2DA,L2P,1,4,1,1,,Young,SL,II,AA,Basic,1990,Hoover & Gough,1.1,,0.019230769230769232,L2DA.L2P,1008
Hoover & Gough (1990): Grade 4,55,L2DA,L2M,1,4,1,1,,Young,SL,II,AA,Basic,1990,Hoover & Gough,1.1,,0.019230769230769232,L2DA.L2M,1009
Hoover & Gough (1990): Grade 4,55,L2DA,L2L,1,4,1,1,0.72,Young,SL,II,AA,Basic,1990,Hoover & Gough,1.1,0.9076449833191245,0.019230769230769232,L2DA.L2L,1010
Hoover & Gough (1990): Grade 4,55,L2DF,L2V,1,4,1,1,,Young,SL,II,AA,Basic,1990,Hoover & Gough,1.1,,0.019230769230769232,L2DF.L2V,1011
Hoover & Gough (1990): Grade 4,55,L2DF,L2G,1,4,1,1,,Young,SL,II,AA,Basic,1990,Hoover & Gough,1.1,,0.019230769230769232,L2DF.L2G,1012
Hoover & Gough (1990): Grade 4,55,L2DF,L2P,1,4,1,1,,Young,SL,II,AA,Basic,1990,Hoover & Gough,1.1,,0.019230769230769232,L2DF.L2P,1013
Hoover & Gough (1990): Grade 4,55,L2DF,L2M,1,4,1,1,,Young,SL,II,AA,Basic,1990,Hoover & Gough,1.1,,0.019230769230769232,L2DF.L2M,1014
Hoover & Gough (1990): Grade 4,55,L2DF,L2L,1,4,1,1,,Young,SL,II,AA,Basic,1990,Hoover & Gough,1.1,,0.019230769230769232,L2DF.L2L,1015
Hoover & Gough (1990): Grade 4,55,L2V,L2G,1,4,1,1,,Young,SL,II,AA,Basic,1990,Hoover & Gough,1.1,,0.019230769230769232,L2V.L2G,1016
Hoover & Gough (1990): Grade 4,55,L2V,L2P,1,4,1,1,,Young,SL,II,AA,Basic,1990,Hoover & Gough,1.1,,0.019230769230769232,L2V.L2P,1017
Hoover & Gough (1990): Grade 4,55,L2V,L2M,1,4,1,1,,Young,SL,II,AA,Basic,1990,Hoover & Gough,1.1,,0.019230769230769232,L2V.L2M,1018
Hoover & Gough (1990): Grade 4,55,L2V,L2L,1,4,1,1,,Young,SL,II,AA,Basic,1990,Hoover & Gough,1.1,,0.019230769230769232,L2V.L2L,1019
Hoover & Gough (1990): Grade 4,55,L2G,L2P,1,4,1,1,,Young,SL,II,AA,Basic,1990,Hoover & Gough,1.1,,0.019230769230769232,L2G.L2P,1020
Hoover & Gough (1990): Grade 4,55,L2G,L2M,1,4,1,1,,Young,SL,II,AA,Basic,1990,Hoover & Gough,1.1,,0.019230769230769232,L2G.L2M,1021
Hoover & Gough (1990): Grade 4,55,L2G,L2L,1,4,1,1,,Young,SL,II,AA,Basic,1990,Hoover & Gough,1.1,,0.019230769230769232,L2G.L2L,1022
Hoover & Gough (1990): Grade 4,55,L2P,L2M,1,4,1,1,,Young,SL,II,AA,Basic,1990,Hoover & Gough,1.1,,0.019230769230769232,L2P.L2M,1023
Hoover & Gough (1990): Grade 4,55,L2P,L2L,1,4,1,1,,Young,SL,II,AA,Basic,1990,Hoover & Gough,1.1,,0.019230769230769232,L2P.L2L,1024
Hoover & Gough (1990): Grade 4,55,L2M,L2L,1,4,1,1,,Young,SL,II,AA,Basic,1990,Hoover & Gough,1.1,,0.019230769230769232,L2M.L2L,1025
Horiba (2012): Sample 1,50,L2R,L2DA,1,1,1,1,,Adolescent/Adult,SL,,,Beyond,2012,Horiba,1.1,,0.02127659574468085,L2R.L2DA,1026
Horiba (2012): Sample 1,50,L2R,L2DF,1,1,1,1,,Adolescent/Adult,SL,,,Beyond,2012,Horiba,1.1,,0.02127659574468085,L2R.L2DF,1027
Horiba (2012): Sample 1,50,L2R,L2V,1,1,1,1,0.45,Adolescent/Adult,SL,,,Beyond,2012,Horiba,1.1,0.48470027859405174,0.02127659574468085,L2R.L2V,1028
Horiba (2012): Sample 1,50,L2R,L2V,1,1,1,2,0.33,Adolescent/Adult,SL,,,Beyond,2012,Horiba,1.2,0.3428282544153939,0.02127659574468085,L2R.L2V,1029
Horiba (2012): Sample 1,50,L2R,L2V,1,1,1,3,0.12,Adolescent/Adult,SL,,,Beyond,2012,Horiba,1.3,0.12058102840844402,0.02127659574468085,L2R.L2V,1030
Horiba (2012): Sample 1,50,L2R,L2V,1,1,1,4,0.49,Adolescent/Adult,SL,,,Beyond,2012,Horiba,1.4,0.5360603366105666,0.02127659574468085,L2R.L2V,1031
Horiba (2012): Sample 1,50,L2R,L2V,1,1,1,5,0.13,Adolescent/Adult,SL,,,Beyond,2012,Horiba,1.5,0.13073985002887845,0.02127659574468085,L2R.L2V,1032
Horiba (2012): Sample 1,50,L2R,L2G,1,1,1,1,,Adolescent/Adult,SL,,,Beyond,2012,Horiba,1.1,,0.02127659574468085,L2R.L2G,1033
Horiba (2012): Sample 1,50,L2R,L2P,1,1,1,1,,Adolescent/Adult,SL,,,Beyond,2012,Horiba,1.1,,0.02127659574468085,L2R.L2P,1034
Horiba (2012): Sample 1,50,L2R,L2M,1,1,1,1,,Adolescent/Adult,SL,,,Beyond,2012,Horiba,1.1,,0.02127659574468085,L2R.L2M,1035
Horiba (2012): Sample 1,50,L2R,L2L,1,1,1,1,,Adolescent/Adult,SL,,,Beyond,2012,Horiba,1.1,,0.02127659574468085,L2R.L2L,1036
Horiba (2012): Sample 1,50,L2DA,L2DF,1,1,1,1,,Adolescent/Adult,SL,,,Beyond,2012,Horiba,1.1,,0.02127659574468085,L2DA.L2DF,1037
Horiba (2012): Sample 1,50,L2DA,L2V,1,1,1,1,,Adolescent/Adult,SL,,,Beyond,2012,Horiba,1.1,,0.02127659574468085,L2DA.L2V,1038
Horiba (2012): Sample 1,50,L2DA,L2V,1,1,1,2,,Adolescent/Adult,SL,,,Beyond,2012,Horiba,1.2,,0.02127659574468085,L2DA.L2V,1039
Horiba (2012): Sample 1,50,L2DA,L2V,1,1,1,3,,Adolescent/Adult,SL,,,Beyond,2012,Horiba,1.3,,0.02127659574468085,L2DA.L2V,1040
Horiba (2012): Sample 1,50,L2DA,L2V,1,1,1,4,,Adolescent/Adult,SL,,,Beyond,2012,Horiba,1.4,,0.02127659574468085,L2DA.L2V,1041
Horiba (2012): Sample 1,50,L2DA,L2V,1,1,1,5,,Adolescent/Adult,SL,,,Beyond,2012,Horiba,1.5,,0.02127659574468085,L2DA.L2V,1042
Horiba (2012): Sample 1,50,L2DA,L2G,1,1,1,1,,Adolescent/Adult,SL,,,Beyond,2012,Horiba,1.1,,0.02127659574468085,L2DA.L2G,1043
Horiba (2012): Sample 1,50,L2DA,L2P,1,1,1,1,,Adolescent/Adult,SL,,,Beyond,2012,Horiba,1.1,,0.02127659574468085,L2DA.L2P,1044
Horiba (2012): Sample 1,50,L2DA,L2M,1,1,1,1,,Adolescent/Adult,SL,,,Beyond,2012,Horiba,1.1,,0.02127659574468085,L2DA.L2M,1045
Horiba (2012): Sample 1,50,L2DA,L2L,1,1,1,1,,Adolescent/Adult,SL,,,Beyond,2012,Horiba,1.1,,0.02127659574468085,L2DA.L2L,1046
Horiba (2012): Sample 1,50,L2DF,L2V,1,1,1,1,,Adolescent/Adult,SL,,,Beyond,2012,Horiba,1.1,,0.02127659574468085,L2DF.L2V,1047
Horiba (2012): Sample 1,50,L2DF,L2V,1,1,1,2,,Adolescent/Adult,SL,,,Beyond,2012,Horiba,1.2,,0.02127659574468085,L2DF.L2V,1048
Horiba (2012): Sample 1,50,L2DF,L2V,1,1,1,3,,Adolescent/Adult,SL,,,Beyond,2012,Horiba,1.3,,0.02127659574468085,L2DF.L2V,1049
Horiba (2012): Sample 1,50,L2DF,L2V,1,1,1,4,,Adolescent/Adult,SL,,,Beyond,2012,Horiba,1.4,,0.02127659574468085,L2DF.L2V,1050
Horiba (2012): Sample 1,50,L2DF,L2V,1,1,1,5,,Adolescent/Adult,SL,,,Beyond,2012,Horiba,1.5,,0.02127659574468085,L2DF.L2V,1051
Horiba (2012): Sample 1,50,L2DF,L2G,1,1,1,1,,Adolescent/Adult,SL,,,Beyond,2012,Horiba,1.1,,0.02127659574468085,L2DF.L2G,1052
Horiba (2012): Sample 1,50,L2DF,L2P,1,1,1,1,,Adolescent/Adult,SL,,,Beyond,2012,Horiba,1.1,,0.02127659574468085,L2DF.L2P,1053
Horiba (2012): Sample 1,50,L2DF,L2M,1,1,1,1,,Adolescent/Adult,SL,,,Beyond,2012,Horiba,1.1,,0.02127659574468085,L2DF.L2M,1054
Horiba (2012): Sample 1,50,L2DF,L2L,1,1,1,1,,Adolescent/Adult,SL,,,Beyond,2012,Horiba,1.1,,0.02127659574468085,L2DF.L2L,1055
Horiba (2012): Sample 1,50,L2V,L2V,1,1,1,2,0.51,Adolescent/Adult,SL,,,Beyond,2012,Horiba,1.2,0.5627297693521489,0.02127659574468085,L2V.L2V,1056
Horiba (2012): Sample 1,50,L2V,L2V,1,1,1,3,0.34,Adolescent/Adult,SL,,,Beyond,2012,Horiba,1.3,0.3540925289622429,0.02127659574468085,L2V.L2V,1057
Horiba (2012): Sample 1,50,L2V,L2V,1,1,1,4,0.6,Adolescent/Adult,SL,,,Beyond,2012,Horiba,1.4,0.6931471805599453,0.02127659574468085,L2V.L2V,1058
Horiba (2012): Sample 1,50,L2V,L2V,1,1,1,5,0.19,Adolescent/Adult,SL,,,Beyond,2012,Horiba,1.5,0.19233716921954527,0.02127659574468085,L2V.L2V,1059
Horiba (2012): Sample 1,50,L2V,L2V,1,1,2,3,0.79,Adolescent/Adult,SL,,,Beyond,2012,Horiba,2.3,1.0714316840586662,0.02127659574468085,L2V.L2V,1060
Horiba (2012): Sample 1,50,L2V,L2V,1,1,2,4,0.76,Adolescent/Adult,SL,,,Beyond,2012,Horiba,2.4,0.9962150823451031,0.02127659574468085,L2V.L2V,1061
Horiba (2012): Sample 1,50,L2V,L2V,1,1,2,5,0.73,Adolescent/Adult,SL,,,Beyond,2012,Horiba,2.5,0.9287273642467249,0.02127659574468085,L2V.L2V,1062
Horiba (2012): Sample 1,50,L2V,L2V,1,1,3,4,0.36,Adolescent/Adult,SL,,,Beyond,2012,Horiba,3.4,0.3768859011881901,0.02127659574468085,L2V.L2V,1063
Horiba (2012): Sample 1,50,L2V,L2V,1,1,3,5,0.41,Adolescent/Adult,SL,,,Beyond,2012,Horiba,3.5,0.43561122323622437,0.02127659574468085,L2V.L2V,1064
Horiba (2012): Sample 1,50,L2V,L2V,1,1,4,5,0.29,Adolescent/Adult,SL,,,Beyond,2012,Horiba,4.5,0.29856626366017835,0.02127659574468085,L2V.L2V,1065
Horiba (2012): Sample 1,50,L2V,L2G,1,1,1,1,,Adolescent/Adult,SL,,,Beyond,2012,Horiba,1.1,,0.02127659574468085,L2V.L2G,1066
Horiba (2012): Sample 1,50,L2V,L2G,1,1,2,1,,Adolescent/Adult,SL,,,Beyond,2012,Horiba,2.1,,0.02127659574468085,L2V.L2G,1067
Horiba (2012): Sample 1,50,L2V,L2G,1,1,3,1,,Adolescent/Adult,SL,,,Beyond,2012,Horiba,3.1,,0.02127659574468085,L2V.L2G,1068
Horiba (2012): Sample 1,50,L2V,L2G,1,1,4,1,,Adolescent/Adult,SL,,,Beyond,2012,Horiba,4.1,,0.02127659574468085,L2V.L2G,1069
Horiba (2012): Sample 1,50,L2V,L2G,1,1,5,1,,Adolescent/Adult,SL,,,Beyond,2012,Horiba,5.1,,0.02127659574468085,L2V.L2G,1070
Horiba (2012): Sample 1,50,L2V,L2P,1,1,1,1,,Adolescent/Adult,SL,,,Beyond,2012,Horiba,1.1,,0.02127659574468085,L2V.L2P,1071
Horiba (2012): Sample 1,50,L2V,L2P,1,1,2,1,,Adolescent/Adult,SL,,,Beyond,2012,Horiba,2.1,,0.02127659574468085,L2V.L2P,1072
Horiba (2012): Sample 1,50,L2V,L2P,1,1,3,1,,Adolescent/Adult,SL,,,Beyond,2012,Horiba,3.1,,0.02127659574468085,L2V.L2P,1073
Horiba (2012): Sample 1,50,L2V,L2P,1,1,4,1,,Adolescent/Adult,SL,,,Beyond,2012,Horiba,4.1,,0.02127659574468085,L2V.L2P,1074
Horiba (2012): Sample 1,50,L2V,L2P,1,1,5,1,,Adolescent/Adult,SL,,,Beyond,2012,Horiba,5.1,,0.02127659574468085,L2V.L2P,1075
Horiba (2012): Sample 1,50,L2V,L2M,1,1,1,1,,Adolescent/Adult,SL,,,Beyond,2012,Horiba,1.1,,0.02127659574468085,L2V.L2M,1076
Horiba (2012): Sample 1,50,L2V,L2M,1,1,2,1,,Adolescent/Adult,SL,,,Beyond,2012,Horiba,2.1,,0.02127659574468085,L2V.L2M,1077
Horiba (2012): Sample 1,50,L2V,L2M,1,1,3,1,,Adolescent/Adult,SL,,,Beyond,2012,Horiba,3.1,,0.02127659574468085,L2V.L2M,1078
Horiba (2012): Sample 1,50,L2V,L2M,1,1,4,1,,Adolescent/Adult,SL,,,Beyond,2012,Horiba,4.1,,0.02127659574468085,L2V.L2M,1079
Horiba (2012): Sample 1,50,L2V,L2M,1,1,5,1,,Adolescent/Adult,SL,,,Beyond,2012,Horiba,5.1,,0.02127659574468085,L2V.L2M,1080
Horiba (2012): Sample 1,50,L2V,L2L,1,1,1,1,,Adolescent/Adult,SL,,,Beyond,2012,Horiba,1.1,,0.02127659574468085,L2V.L2L,1081
Horiba (2012): Sample 1,50,L2V,L2L,1,1,2,1,,Adolescent/Adult,SL,,,Beyond,2012,Horiba,2.1,,0.02127659574468085,L2V.L2L,1082
Horiba (2012): Sample 1,50,L2V,L2L,1,1,3,1,,Adolescent/Adult,SL,,,Beyond,2012,Horiba,3.1,,0.02127659574468085,L2V.L2L,1083
Horiba (2012): Sample 1,50,L2V,L2L,1,1,4,1,,Adolescent/Adult,SL,,,Beyond,2012,Horiba,4.1,,0.02127659574468085,L2V.L2L,1084
Horiba (2012): Sample 1,50,L2V,L2L,1,1,5,1,,Adolescent/Adult,SL,,,Beyond,2012,Horiba,5.1,,0.02127659574468085,L2V.L2L,1085
Horiba (2012): Sample 1,50,L2G,L2P,1,1,1,1,,Adolescent/Adult,SL,,,Beyond,2012,Horiba,1.1,,0.02127659574468085,L2G.L2P,1086
Horiba (2012): Sample 1,50,L2G,L2M,1,1,1,1,,Adolescent/Adult,SL,,,Beyond,2012,Horiba,1.1,,0.02127659574468085,L2G.L2M,1087
Horiba (2012): Sample 1,50,L2G,L2L,1,1,1,1,,Adolescent/Adult,SL,,,Beyond,2012,Horiba,1.1,,0.02127659574468085,L2G.L2L,1088
Horiba (2012): Sample 1,50,L2P,L2M,1,1,1,1,,Adolescent/Adult,SL,,,Beyond,2012,Horiba,1.1,,0.02127659574468085,L2P.L2M,1089
Horiba (2012): Sample 1,50,L2P,L2L,1,1,1,1,,Adolescent/Adult,SL,,,Beyond,2012,Horiba,1.1,,0.02127659574468085,L2P.L2L,1090
Horiba (2012): Sample 1,50,L2M,L2L,1,1,1,1,,Adolescent/Adult,SL,,,Beyond,2012,Horiba,1.1,,0.02127659574468085,L2M.L2L,1091
Horiba (2012): Sample 2,50,L2R,L2DA,2,1,1,1,,Adolescent/Adult,SL,,,Beyond,2012,Horiba,1.1,,0.02127659574468085,L2R.L2DA,1092
Horiba (2012): Sample 2,50,L2R,L2DF,2,1,1,1,,Adolescent/Adult,SL,,,Beyond,2012,Horiba,1.1,,0.02127659574468085,L2R.L2DF,1093
Horiba (2012): Sample 2,50,L2R,L2V,2,1,1,1,0.6,Adolescent/Adult,SL,,,Beyond,2012,Horiba,1.1,0.6931471805599453,0.02127659574468085,L2R.L2V,1094
Horiba (2012): Sample 2,50,L2R,L2V,2,1,1,2,0.49,Adolescent/Adult,SL,,,Beyond,2012,Horiba,1.2,0.5360603366105666,0.02127659574468085,L2R.L2V,1095
Horiba (2012): Sample 2,50,L2R,L2V,2,1,1,3,0.5,Adolescent/Adult,SL,,,Beyond,2012,Horiba,1.3,0.5493061443340549,0.02127659574468085,L2R.L2V,1096
Horiba (2012): Sample 2,50,L2R,L2V,2,1,1,4,0.43,Adolescent/Adult,SL,,,Beyond,2012,Horiba,1.4,0.4598966812126785,0.02127659574468085,L2R.L2V,1097
Horiba (2012): Sample 2,50,L2R,L2V,2,1,1,5,0.46,Adolescent/Adult,SL,,,Beyond,2012,Horiba,1.5,0.497311287572031,0.02127659574468085,L2R.L2V,1098
Horiba (2012): Sample 2,50,L2R,L2G,2,1,1,1,,Adolescent/Adult,SL,,,Beyond,2012,Horiba,1.1,,0.02127659574468085,L2R.L2G,1099
Horiba (2012): Sample 2,50,L2R,L2P,2,1,1,1,,Adolescent/Adult,SL,,,Beyond,2012,Horiba,1.1,,0.02127659574468085,L2R.L2P,1100
Horiba (2012): Sample 2,50,L2R,L2M,2,1,1,1,,Adolescent/Adult,SL,,,Beyond,2012,Horiba,1.1,,0.02127659574468085,L2R.L2M,1101
Horiba (2012): Sample 2,50,L2R,L2L,2,1,1,1,,Adolescent/Adult,SL,,,Beyond,2012,Horiba,1.1,,0.02127659574468085,L2R.L2L,1102
Horiba (2012): Sample 2,50,L2DA,L2DF,2,1,1,1,,Adolescent/Adult,SL,,,Beyond,2012,Horiba,1.1,,0.02127659574468085,L2DA.L2DF,1103
Horiba (2012): Sample 2,50,L2DA,L2V,2,1,1,1,,Adolescent/Adult,SL,,,Beyond,2012,Horiba,1.1,,0.02127659574468085,L2DA.L2V,1104
Horiba (2012): Sample 2,50,L2DA,L2V,2,1,1,2,,Adolescent/Adult,SL,,,Beyond,2012,Horiba,1.2,,0.02127659574468085,L2DA.L2V,1105
Horiba (2012): Sample 2,50,L2DA,L2V,2,1,1,3,,Adolescent/Adult,SL,,,Beyond,2012,Horiba,1.3,,0.02127659574468085,L2DA.L2V,1106
Horiba (2012): Sample 2,50,L2DA,L2V,2,1,1,4,,Adolescent/Adult,SL,,,Beyond,2012,Horiba,1.4,,0.02127659574468085,L2DA.L2V,1107
Horiba (2012): Sample 2,50,L2DA,L2V,2,1,1,5,,Adolescent/Adult,SL,,,Beyond,2012,Horiba,1.5,,0.02127659574468085,L2DA.L2V,1108
Horiba (2012): Sample 2,50,L2DA,L2G,2,1,1,1,,Adolescent/Adult,SL,,,Beyond,2012,Horiba,1.1,,0.02127659574468085,L2DA.L2G,1109
Horiba (2012): Sample 2,50,L2DA,L2P,2,1,1,1,,Adolescent/Adult,SL,,,Beyond,2012,Horiba,1.1,,0.02127659574468085,L2DA.L2P,1110
Horiba (2012): Sample 2,50,L2DA,L2M,2,1,1,1,,Adolescent/Adult,SL,,,Beyond,2012,Horiba,1.1,,0.02127659574468085,L2DA.L2M,1111
Horiba (2012): Sample 2,50,L2DA,L2L,2,1,1,1,,Adolescent/Adult,SL,,,Beyond,2012,Horiba,1.1,,0.02127659574468085,L2DA.L2L,1112
Horiba (2012): Sample 2,50,L2DF,L2V,2,1,1,1,,Adolescent/Adult,SL,,,Beyond,2012,Horiba,1.1,,0.02127659574468085,L2DF.L2V,1113
Horiba (2012): Sample 2,50,L2DF,L2V,2,1,1,2,,Adolescent/Adult,SL,,,Beyond,2012,Horiba,1.2,,0.02127659574468085,L2DF.L2V,1114
Horiba (2012): Sample 2,50,L2DF,L2V,2,1,1,3,,Adolescent/Adult,SL,,,Beyond,2012,Horiba,1.3,,0.02127659574468085,L2DF.L2V,1115
Horiba (2012): Sample 2,50,L2DF,L2V,2,1,1,4,,Adolescent/Adult,SL,,,Beyond,2012,Horiba,1.4,,0.02127659574468085,L2DF.L2V,1116
Horiba (2012): Sample 2,50,L2DF,L2V,2,1,1,5,,Adolescent/Adult,SL,,,Beyond,2012,Horiba,1.5,,0.02127659574468085,L2DF.L2V,1117
Horiba (2012): Sample 2,50,L2DF,L2G,2,1,1,1,,Adolescent/Adult,SL,,,Beyond,2012,Horiba,1.1,,0.02127659574468085,L2DF.L2G,1118
Horiba (2012): Sample 2,50,L2DF,L2P,2,1,1,1,,Adolescent/Adult,SL,,,Beyond,2012,Horiba,1.1,,0.02127659574468085,L2DF.L2P,1119
Horiba (2012): Sample 2,50,L2DF,L2M,2,1,1,1,,Adolescent/Adult,SL,,,Beyond,2012,Horiba,1.1,,0.02127659574468085,L2DF.L2M,1120
Horiba (2012): Sample 2,50,L2DF,L2L,2,1,1,1,,Adolescent/Adult,SL,,,Beyond,2012,Horiba,1.1,,0.02127659574468085,L2DF.L2L,1121
Horiba (2012): Sample 2,50,L2V,L2V,2,1,1,2,0.9,Adolescent/Adult,SL,,,Beyond,2012,Horiba,1.2,1.4722194895832204,0.02127659574468085,L2V.L2V,1122
Horiba (2012): Sample 2,50,L2V,L2V,2,1,1,3,0.91,Adolescent/Adult,SL,,,Beyond,2012,Horiba,1.3,1.5275244253552054,0.02127659574468085,L2V.L2V,1123
Horiba (2012): Sample 2,50,L2V,L2V,2,1,1,4,0.77,Adolescent/Adult,SL,,,Beyond,2012,Horiba,1.4,1.0203277583223398,0.02127659574468085,L2V.L2V,1124
Horiba (2012): Sample 2,50,L2V,L2V,2,1,1,5,0.86,Adolescent/Adult,SL,,,Beyond,2012,Horiba,1.5,1.2933446720489712,0.02127659574468085,L2V.L2V,1125
Horiba (2012): Sample 2,50,L2V,L2V,2,1,2,3,0.93,Adolescent/Adult,SL,,,Beyond,2012,Horiba,2.3,1.6583900199247865,0.02127659574468085,L2V.L2V,1126
Horiba (2012): Sample 2,50,L2V,L2V,2,1,2,4,0.93,Adolescent/Adult,SL,,,Beyond,2012,Horiba,2.4,1.6583900199247865,0.02127659574468085,L2V.L2V,1127
Horiba (2012): Sample 2,50,L2V,L2V,2,1,2,5,0.96,Adolescent/Adult,SL,,,Beyond,2012,Horiba,2.5,1.9459101490553128,0.02127659574468085,L2V.L2V,1128
Horiba (2012): Sample 2,50,L2V,L2V,2,1,3,4,0.79,Adolescent/Adult,SL,,,Beyond,2012,Horiba,3.4,1.0714316840586662,0.02127659574468085,L2V.L2V,1129
Horiba (2012): Sample 2,50,L2V,L2V,2,1,3,5,0.85,Adolescent/Adult,SL,,,Beyond,2012,Horiba,3.5,1.2561528119880574,0.02127659574468085,L2V.L2V,1130
Horiba (2012): Sample 2,50,L2V,L2V,2,1,4,5,0.85,Adolescent/Adult,SL,,,Beyond,2012,Horiba,4.5,1.2561528119880574,0.02127659574468085,L2V.L2V,1131
Horiba (2012): Sample 2,50,L2V,L2G,2,1,1,1,,Adolescent/Adult,SL,,,Beyond,2012,Horiba,1.1,,0.02127659574468085,L2V.L2G,1132
Horiba (2012): Sample 2,50,L2V,L2G,2,1,2,1,,Adolescent/Adult,SL,,,Beyond,2012,Horiba,2.1,,0.02127659574468085,L2V.L2G,1133
Horiba (2012): Sample 2,50,L2V,L2G,2,1,3,1,,Adolescent/Adult,SL,,,Beyond,2012,Horiba,3.1,,0.02127659574468085,L2V.L2G,1134
Horiba (2012): Sample 2,50,L2V,L2G,2,1,4,1,,Adolescent/Adult,SL,,,Beyond,2012,Horiba,4.1,,0.02127659574468085,L2V.L2G,1135
Horiba (2012): Sample 2,50,L2V,L2G,2,1,5,1,,Adolescent/Adult,SL,,,Beyond,2012,Horiba,5.1,,0.02127659574468085,L2V.L2G,1136
Horiba (2012): Sample 2,50,L2V,L2P,2,1,1,1,,Adolescent/Adult,SL,,,Beyond,2012,Horiba,1.1,,0.02127659574468085,L2V.L2P,1137
Horiba (2012): Sample 2,50,L2V,L2P,2,1,2,1,,Adolescent/Adult,SL,,,Beyond,2012,Horiba,2.1,,0.02127659574468085,L2V.L2P,1138
Horiba (2012): Sample 2,50,L2V,L2P,2,1,3,1,,Adolescent/Adult,SL,,,Beyond,2012,Horiba,3.1,,0.02127659574468085,L2V.L2P,1139
Horiba (2012): Sample 2,50,L2V,L2P,2,1,4,1,,Adolescent/Adult,SL,,,Beyond,2012,Horiba,4.1,,0.02127659574468085,L2V.L2P,1140
Horiba (2012): Sample 2,50,L2V,L2P,2,1,5,1,,Adolescent/Adult,SL,,,Beyond,2012,Horiba,5.1,,0.02127659574468085,L2V.L2P,1141
Horiba (2012): Sample 2,50,L2V,L2M,2,1,1,1,,Adolescent/Adult,SL,,,Beyond,2012,Horiba,1.1,,0.02127659574468085,L2V.L2M,1142
Horiba (2012): Sample 2,50,L2V,L2M,2,1,2,1,,Adolescent/Adult,SL,,,Beyond,2012,Horiba,2.1,,0.02127659574468085,L2V.L2M,1143
Horiba (2012): Sample 2,50,L2V,L2M,2,1,3,1,,Adolescent/Adult,SL,,,Beyond,2012,Horiba,3.1,,0.02127659574468085,L2V.L2M,1144
Horiba (2012): Sample 2,50,L2V,L2M,2,1,4,1,,Adolescent/Adult,SL,,,Beyond,2012,Horiba,4.1,,0.02127659574468085,L2V.L2M,1145
Horiba (2012): Sample 2,50,L2V,L2M,2,1,5,1,,Adolescent/Adult,SL,,,Beyond,2012,Horiba,5.1,,0.02127659574468085,L2V.L2M,1146
Horiba (2012): Sample 2,50,L2V,L2L,2,1,1,1,,Adolescent/Adult,SL,,,Beyond,2012,Horiba,1.1,,0.02127659574468085,L2V.L2L,1147
Horiba (2012): Sample 2,50,L2V,L2L,2,1,2,1,,Adolescent/Adult,SL,,,Beyond,2012,Horiba,2.1,,0.02127659574468085,L2V.L2L,1148
Horiba (2012): Sample 2,50,L2V,L2L,2,1,3,1,,Adolescent/Adult,SL,,,Beyond,2012,Horiba,3.1,,0.02127659574468085,L2V.L2L,1149
Horiba (2012): Sample 2,50,L2V,L2L,2,1,4,1,,Adolescent/Adult,SL,,,Beyond,2012,Horiba,4.1,,0.02127659574468085,L2V.L2L,1150
Horiba (2012): Sample 2,50,L2V,L2L,2,1,5,1,,Adolescent/Adult,SL,,,Beyond,2012,Horiba,5.1,,0.02127659574468085,L2V.L2L,1151
Horiba (2012): Sample 2,50,L2G,L2P,2,1,1,1,,Adolescent/Adult,SL,,,Beyond,2012,Horiba,1.1,,0.02127659574468085,L2G.L2P,1152
Horiba (2012): Sample 2,50,L2G,L2M,2,1,1,1,,Adolescent/Adult,SL,,,Beyond,2012,Horiba,1.1,,0.02127659574468085,L2G.L2M,1153
Horiba (2012): Sample 2,50,L2G,L2L,2,1,1,1,,Adolescent/Adult,SL,,,Beyond,2012,Horiba,1.1,,0.02127659574468085,L2G.L2L,1154
Horiba (2012): Sample 2,50,L2P,L2M,2,1,1,1,,Adolescent/Adult,SL,,,Beyond,2012,Horiba,1.1,,0.02127659574468085,L2P.L2M,1155
Horiba (2012): Sample 2,50,L2P,L2L,2,1,1,1,,Adolescent/Adult,SL,,,Beyond,2012,Horiba,1.1,,0.02127659574468085,L2P.L2L,1156
Horiba (2012): Sample 2,50,L2M,L2L,2,1,1,1,,Adolescent/Adult,SL,,,Beyond,2012,Horiba,1.1,,0.02127659574468085,L2M.L2L,1157
Irvine et al. (1974),159,L2R,L2R,1,1,1,2,0.65,Adolescent/Adult,FL,II,AA,Beyond,1974,Irvine et al.,1.2,0.7752987062055836,0.00641025641025641,L2R.L2R,1158
Irvine et al. (1974),159,L2R,L2R,1,1,1,3,0.67,Adolescent/Adult,FL,II,AA,Beyond,1974,Irvine et al.,1.3,0.8107431254751375,0.00641025641025641,L2R.L2R,1159
Irvine et al. (1974),159,L2R,L2R,1,1,2,3,0.94,Adolescent/Adult,FL,II,AA,Beyond,1974,Irvine et al.,2.3,1.738049344917636,0.00641025641025641,L2R.L2R,1160
Irvine et al. (1974),159,L2R,L2DA,1,1,1,1,,Adolescent/Adult,FL,II,AA,Beyond,1974,Irvine et al.,1.1,,0.00641025641025641,L2R.L2DA,1161
Irvine et al. (1974),159,L2R,L2DA,1,1,2,1,,Adolescent/Adult,FL,II,AA,Beyond,1974,Irvine et al.,2.1,,0.00641025641025641,L2R.L2DA,1162
Irvine et al. (1974),159,L2R,L2DA,1,1,3,1,,Adolescent/Adult,FL,II,AA,Beyond,1974,Irvine et al.,3.1,,0.00641025641025641,L2R.L2DA,1163
Irvine et al. (1974),159,L2R,L2DF,\,1,1,1,,Adolescent/Adult,FL,II,AA,Beyond,1974,Irvine et al.,1.1,,0.00641025641025641,L2R.L2DF,1164
Irvine et al. (1974),159,L2R,L2DF,1,1,2,1,,Adolescent/Adult,FL,II,AA,Beyond,1974,Irvine et al.,2.1,,0.00641025641025641,L2R.L2DF,1165
Irvine et al. (1974),159,L2R,L2DF,1,1,3,1,,Adolescent/Adult,FL,II,AA,Beyond,1974,Irvine et al.,3.1,,0.00641025641025641,L2R.L2DF,1166
Irvine et al. (1974),159,L2R,L2V,1,1,1,1,0.49,Adolescent/Adult,FL,II,AA,Beyond,1974,Irvine et al.,1.1,0.5360603366105666,0.00641025641025641,L2R.L2V,1167
Irvine et al. (1974),159,L2R,L2V,1,1,2,1,0.51,Adolescent/Adult,FL,II,AA,Beyond,1974,Irvine et al.,2.1,0.5627297693521489,0.00641025641025641,L2R.L2V,1168
Irvine et al. (1974),159,L2R,L2V,1,1,3,1,0.49,Adolescent/Adult,FL,II,AA,Beyond,1974,Irvine et al.,3.1,0.5360603366105666,0.00641025641025641,L2R.L2V,1169
Irvine et al. (1974),159,L2R,L2G,1,1,1,1,0.57,Adolescent/Adult,FL,II,AA,Beyond,1974,Irvine et al.,1.1,0.6475228448273728,0.00641025641025641,L2R.L2G,1170
Irvine et al. (1974),159,L2R,L2G,1,1,2,1,0.68,Adolescent/Adult,FL,II,AA,Beyond,1974,Irvine et al.,2.1,0.8291140383017662,0.00641025641025641,L2R.L2G,1171
Irvine et al. (1974),159,L2R,L2G,1,1,3,1,0.66,Adolescent/Adult,FL,II,AA,Beyond,1974,Irvine et al.,3.1,0.7928136318701909,0.00641025641025641,L2R.L2G,1172
Irvine et al. (1974),159,L2R,L2P,1,1,1,1,,Adolescent/Adult,FL,II,AA,Beyond,1974,Irvine et al.,1.1,,0.00641025641025641,L2R.L2P,1173
Irvine et al. (1974),159,L2R,L2P,1,1,2,1,,Adolescent/Adult,FL,II,AA,Beyond,1974,Irvine et al.,2.1,,0.00641025641025641,L2R.L2P,1174
Irvine et al. (1974),159,L2R,L2P,1,1,3,1,,Adolescent/Adult,FL,II,AA,Beyond,1974,Irvine et al.,3.1,,0.00641025641025641,L2R.L2P,1175
Irvine et al. (1974),159,L2R,L2M,1,1,1,1,,Adolescent/Adult,FL,II,AA,Beyond,1974,Irvine et al.,1.1,,0.00641025641025641,L2R.L2M,1176
Irvine et al. (1974),159,L2R,L2M,1,1,2,1,,Adolescent/Adult,FL,II,AA,Beyond,1974,Irvine et al.,2.1,,0.00641025641025641,L2R.L2M,1177
Irvine et al. (1974),159,L2R,L2M,1,1,3,1,,Adolescent/Adult,FL,II,AA,Beyond,1974,Irvine et al.,3.1,,0.00641025641025641,L2R.L2M,1178
Irvine et al. (1974),159,L2R,L2L,1,1,1,1,0.63,Adolescent/Adult,FL,II,AA,Beyond,1974,Irvine et al.,1.1,0.7414161440812689,0.00641025641025641,L2R.L2L,1179
Irvine et al. (1974),159,L2R,L2L,1,1,2,1,0.76,Adolescent/Adult,FL,II,AA,Beyond,1974,Irvine et al.,2.1,0.9962150823451031,0.00641025641025641,L2R.L2L,1180
Irvine et al. (1974),159,L2R,L2L,1,1,3,1,0.76,Adolescent/Adult,FL,II,AA,Beyond,1974,Irvine et al.,3.1,0.9962150823451031,0.00641025641025641,L2R.L2L,1181
Irvine et al. (1974),159,L2R,L2L,1,1,1,2,0.53,Adolescent/Adult,FL,II,AA,Beyond,1974,Irvine et al.,1.2,0.5901451598411885,0.00641025641025641,L2R.L2L,1182
Irvine et al. (1974),159,L2R,L2L,1,1,2,2,0.75,Adolescent/Adult,FL,II,AA,Beyond,1974,Irvine et al.,2.2,0.9729550745276566,0.00641025641025641,L2R.L2L,1183
Irvine et al. (1974),159,L2R,L2L,1,1,3,2,0.69,Adolescent/Adult,FL,II,AA,Beyond,1974,Irvine et al.,3.2,0.8479557552189635,0.00641025641025641,L2R.L2L,1184
Irvine et al. (1974),159,L2R,L2L,1,1,1,2,0.53,Adolescent/Adult,FL,II,AA,Beyond,1974,Irvine et al.,1.2,0.5901451598411885,0.00641025641025641,L2R.L2L,1185
Irvine et al. (1974),159,L2R,L2L,1,1,2,2,0.76,Adolescent/Adult,FL,II,AA,Beyond,1974,Irvine et al.,2.2,0.9962150823451031,0.00641025641025641,L2R.L2L,1186
Irvine et al. (1974),159,L2R,L2L,1,1,3,2,0.7,Adolescent/Adult,FL,II,AA,Beyond,1974,Irvine et al.,3.2,0.8673005276940532,0.00641025641025641,L2R.L2L,1187
Irvine et al. (1974),159,L2R,L2L,1,1,1,3,0.56,Adolescent/Adult,FL,II,AA,Beyond,1974,Irvine et al.,1.3,0.632833186665638,0.00641025641025641,L2R.L2L,1188
Irvine et al. (1974),159,L2R,L2L,1,1,2,3,0.72,Adolescent/Adult,FL,II,AA,Beyond,1974,Irvine et al.,2.3,0.9076449833191245,0.00641025641025641,L2R.L2L,1189
Irvine et al. (1974),159,L2R,L2L,1,1,3,3,0.69,Adolescent/Adult,FL,II,AA,Beyond,1974,Irvine et al.,3.3,0.8479557552189635,0.00641025641025641,L2R.L2L,1190
Irvine et al. (1974),159,L2R,L2L,1,1,1,4,0.56,Adolescent/Adult,FL,II,AA,Beyond,1974,Irvine et al.,1.4,0.632833186665638,0.00641025641025641,L2R.L2L,1191
Irvine et al. (1974),159,L2R,L2L,1,1,2,4,0.72,Adolescent/Adult,FL,II,AA,Beyond,1974,Irvine et al.,2.4,0.9076449833191245,0.00641025641025641,L2R.L2L,1192
Irvine et al. (1974),159,L2R,L2L,1,1,3,4,0.69,Adolescent/Adult,FL,II,AA,Beyond,1974,Irvine et al.,3.4,0.8479557552189635,0.00641025641025641,L2R.L2L,1193
Irvine et al. (1974),159,L2DA,L2DF,1,1,1,1,,Adolescent/Adult,FL,II,AA,Beyond,1974,Irvine et al.,1.1,,0.00641025641025641,L2DA.L2DF,1194
Irvine et al. (1974),159,L2DA,L2V,1,1,1,1,,Adolescent/Adult,FL,II,AA,Beyond,1974,Irvine et al.,1.1,,0.00641025641025641,L2DA.L2V,1195
Irvine et al. (1974),159,L2DA,L2G,1,1,1,1,,Adolescent/Adult,FL,II,AA,Beyond,1974,Irvine et al.,1.1,,0.00641025641025641,L2DA.L2G,1196
Irvine et al. (1974),159,L2DA,L2P,1,1,1,1,,Adolescent/Adult,FL,II,AA,Beyond,1974,Irvine et al.,1.1,,0.00641025641025641,L2DA.L2P,1197
Irvine et al. (1974),159,L2DA,L2M,1,1,1,1,,Adolescent/Adult,FL,II,AA,Beyond,1974,Irvine et al.,1.1,,0.00641025641025641,L2DA.L2M,1198
Irvine et al. (1974),159,L2DA,L2L,1,1,1,1,,Adolescent/Adult,FL,II,AA,Beyond,1974,Irvine et al.,1.1,,0.00641025641025641,L2DA.L2L,1199
Irvine et al. (1974),159,L2DA,L2L,1,1,1,2,,Adolescent/Adult,FL,II,AA,Beyond,1974,Irvine et al.,1.2,,0.00641025641025641,L2DA.L2L,1200
Irvine et al. (1974),159,L2DA,L2L,1,1,1,3,,Adolescent/Adult,FL,II,AA,Beyond,1974,Irvine et al.,1.3,,0.00641025641025641,L2DA.L2L,1201
Irvine et al. (1974),159,L2DA,L2L,1,1,1,4,,Adolescent/Adult,FL,II,AA,Beyond,1974,Irvine et al.,1.4,,0.00641025641025641,L2DA.L2L,1202
Irvine et al. (1974),159,L2DF,L2V,1,1,1,1,,Adolescent/Adult,FL,II,AA,Beyond,1974,Irvine et al.,1.1,,0.00641025641025641,L2DF.L2V,1203
Irvine et al. (1974),159,L2DF,L2G,1,1,1,1,,Adolescent/Adult,FL,II,AA,Beyond,1974,Irvine et al.,1.1,,0.00641025641025641,L2DF.L2G,1204
Irvine et al. (1974),159,L2DF,L2P,1,1,1,1,,Adolescent/Adult,FL,II,AA,Beyond,1974,Irvine et al.,1.1,,0.00641025641025641,L2DF.L2P,1205
Irvine et al. (1974),159,L2DF,L2M,1,1,1,1,,Adolescent/Adult,FL,II,AA,Beyond,1974,Irvine et al.,1.1,,0.00641025641025641,L2DF.L2M,1206
Irvine et al. (1974),159,L2DF,L2L,1,1,1,1,,Adolescent/Adult,FL,II,AA,Beyond,1974,Irvine et al.,1.1,,0.00641025641025641,L2DF.L2L,1207
Irvine et al. (1974),159,L2DF,L2L,1,1,1,2,,Adolescent/Adult,FL,II,AA,Beyond,1974,Irvine et al.,1.2,,0.00641025641025641,L2DF.L2L,1208
Irvine et al. (1974),159,L2DF,L2L,1,1,1,3,,Adolescent/Adult,FL,II,AA,Beyond,1974,Irvine et al.,1.3,,0.00641025641025641,L2DF.L2L,1209
Irvine et al. (1974),159,L2DF,L2L,1,1,1,4,,Adolescent/Adult,FL,II,AA,Beyond,1974,Irvine et al.,1.4,,0.00641025641025641,L2DF.L2L,1210
Irvine et al. (1974),159,L2V,L2G,1,1,1,1,0.64,Adolescent/Adult,FL,II,AA,Beyond,1974,Irvine et al.,1.1,0.7581737446840442,0.00641025641025641,L2V.L2G,1211
Irvine et al. (1974),159,L2V,L2P,1,1,1,1,,Adolescent/Adult,FL,II,AA,Beyond,1974,Irvine et al.,1.1,,0.00641025641025641,L2V.L2P,1212
Irvine et al. (1974),159,L2V,L2M,1,1,1,1,,Adolescent/Adult,FL,II,AA,Beyond,1974,Irvine et al.,1.1,,0.00641025641025641,L2V.L2M,1213
Irvine et al. (1974),159,L2V,L2L,1,1,1,1,0.56,Adolescent/Adult,FL,II,AA,Beyond,1974,Irvine et al.,1.1,0.632833186665638,0.00641025641025641,L2V.L2L,1214
Irvine et al. (1974),159,L2V,L2L,1,1,1,2,0.47,Adolescent/Adult,FL,II,AA,Beyond,1974,Irvine et al.,1.2,0.5100703366133073,0.00641025641025641,L2V.L2L,1215
Irvine et al. (1974),159,L2V,L2L,1,1,1,3,0.47,Adolescent/Adult,FL,II,AA,Beyond,1974,Irvine et al.,1.3,0.5100703366133073,0.00641025641025641,L2V.L2L,1216
Irvine et al. (1974),159,L2V,L2L,1,1,1,4,0.47,Adolescent/Adult,FL,II,AA,Beyond,1974,Irvine et al.,1.4,0.5100703366133073,0.00641025641025641,L2V.L2L,1217
Irvine et al. (1974),159,L2G,L2P,1,1,1,1,,Adolescent/Adult,FL,II,AA,Beyond,1974,Irvine et al.,1.1,,0.00641025641025641,L2G.L2P,1218
Irvine et al. (1974),159,L2G,L2M,1,1,1,1,,Adolescent/Adult,FL,II,AA,Beyond,1974,Irvine et al.,1.1,,0.00641025641025641,L2G.L2M,1219
Irvine et al. (1974),159,L2G,L2L,1,1,1,1,0.69,Adolescent/Adult,FL,II,AA,Beyond,1974,Irvine et al.,1.1,0.8479557552189635,0.00641025641025641,L2G.L2L,1220
Irvine et al. (1974),159,L2G,L2L,1,1,1,2,0.63,Adolescent/Adult,FL,II,AA,Beyond,1974,Irvine et al.,1.2,0.7414161440812689,0.00641025641025641,L2G.L2L,1221
Irvine et al. (1974),159,L2G,L2L,1,1,1,3,0.63,Adolescent/Adult,FL,II,AA,Beyond,1974,Irvine et al.,1.3,0.7414161440812689,0.00641025641025641,L2G.L2L,1222
Irvine et al. (1974),159,L2G,L2L,1,1,1,4,0.63,Adolescent/Adult,FL,II,AA,Beyond,1974,Irvine et al.,1.4,0.7414161440812689,0.00641025641025641,L2G.L2L,1223
Irvine et al. (1974),159,L2P,L2M,1,1,1,1,,Adolescent/Adult,FL,II,AA,Beyond,1974,Irvine et al.,1.1,,0.00641025641025641,L2P.L2M,1224
Irvine et al. (1974),159,L2P,L2L,1,1,1,1,,Adolescent/Adult,FL,II,AA,Beyond,1974,Irvine et al.,1.1,,0.00641025641025641,L2P.L2L,1225
Irvine et al. (1974),159,L2P,L2L,1,1,1,2,,Adolescent/Adult,FL,II,AA,Beyond,1974,Irvine et al.,1.2,,0.00641025641025641,L2P.L2L,1226
Irvine et al. (1974),159,L2P,L2L,1,1,1,3,,Adolescent/Adult,FL,II,AA,Beyond,1974,Irvine et al.,1.3,,0.00641025641025641,L2P.L2L,1227
Irvine et al. (1974),159,L2P,L2L,1,1,1,4,,Adolescent/Adult,FL,II,AA,Beyond,1974,Irvine et al.,1.4,,0.00641025641025641,L2P.L2L,1228
Irvine et al. (1974),159,L2M,L2L,1,1,1,1,,Adolescent/Adult,FL,II,AA,Beyond,1974,Irvine et al.,1.1,,0.00641025641025641,L2M.L2L,1229
Irvine et al. (1974),159,L2M,L2L,1,1,1,2,,Adolescent/Adult,FL,II,AA,Beyond,1974,Irvine et al.,1.2,,0.00641025641025641,L2M.L2L,1230
Irvine et al. (1974),159,L2M,L2L,1,1,1,3,,Adolescent/Adult,FL,II,AA,Beyond,1974,Irvine et al.,1.3,,0.00641025641025641,L2M.L2L,1231
Irvine et al. (1974),159,L2M,L2L,1,1,1,4,,Adolescent/Adult,FL,II,AA,Beyond,1974,Irvine et al.,1.4,,0.00641025641025641,L2M.L2L,1232
Irvine et al. (1974),159,L2L,L2L,1,1,1,2,0.69,Adolescent/Adult,FL,II,AA,Beyond,1974,Irvine et al.,1.2,0.8479557552189635,0.00641025641025641,L2L.L2L,1233
Irvine et al. (1975),160,L2L,L2L,1,1,1,3,0.7,Adolescent/Adult,FL,II,AA,Beyond,1975,Irvine et al.,1.3,0.8673005276940532,0.006369426751592357,L2L.L2L,1234
Irvine et al. (1976),161,L2L,L2L,1,1,1,4,0.67,Adolescent/Adult,FL,II,AA,Beyond,1976,Irvine et al.,1.4,0.8107431254751375,0.006329113924050633,L2L.L2L,1235
Irvine et al. (1977),162,L2L,L2L,1,1,2,3,0.96,Adolescent/Adult,FL,II,AA,Beyond,1977,Irvine et al.,2.3,1.9459101490553128,0.006289308176100629,L2L.L2L,1236
Irvine et al. (1978),163,L2L,L2L,1,1,2,4,0.93,Adolescent/Adult,FL,II,AA,Beyond,1978,Irvine et al.,2.4,1.6583900199247865,0.00625,L2L.L2L,1237
Irvine et al. (1979),164,L2L,L2L,1,1,3,4,0.85,Adolescent/Adult,FL,II,AA,Beyond,1979,Irvine et al.,3.4,1.2561528119880574,0.006211180124223602,L2L.L2L,1238
Jared et al. (2011),140,L2R,L2DA,1,1,1,1,0.67,Young,SL,II,AA,Beyond,2011,Jared et al.,1.1,0.8107431254751375,0.0072992700729927005,L2R.L2DA,1239
Jared et al. (2011),140,L2R,L2DF,1,1,1,1,0.68,Young,SL,II,AA,Beyond,2011,Jared et al.,1.1,0.8291140383017662,0.0072992700729927005,L2R.L2DF,1240
Jared et al. (2011),140,L2R,L2V,1,1,1,1,,Young,SL,II,AA,Beyond,2011,Jared et al.,1.1,,0.0072992700729927005,L2R.L2V,1241
Jared et al. (2011),140,L2R,L2G,1,1,1,1,,Young,SL,II,AA,Beyond,2011,Jared et al.,1.1,,0.0072992700729927005,L2R.L2G,1242
Jared et al. (2011),140,L2R,L2P,1,1,1,1,,Young,SL,II,AA,Beyond,2011,Jared et al.,1.1,,0.0072992700729927005,L2R.L2P,1243
Jared et al. (2011),140,L2R,L2M,1,1,1,1,,Young,SL,II,AA,Beyond,2011,Jared et al.,1.1,,0.0072992700729927005,L2R.L2M,1244
Jared et al. (2011),140,L2R,L2L,1,1,1,1,,Young,SL,II,AA,Beyond,2011,Jared et al.,1.1,,0.0072992700729927005,L2R.L2L,1245
Jared et al. (2011),140,L2DA,L2DF,1,1,1,1,0.79,Young,SL,II,AA,Beyond,2011,Jared et al.,1.1,1.0714316840586662,0.0072992700729927005,L2DA.L2DF,1246
Jared et al. (2011),140,L2DA,L2V,1,1,1,1,,Young,SL,II,AA,Beyond,2011,Jared et al.,1.1,,0.0072992700729927005,L2DA.L2V,1247
Jared et al. (2011),140,L2DA,L2G,1,1,1,1,,Young,SL,II,AA,Beyond,2011,Jared et al.,1.1,,0.0072992700729927005,L2DA.L2G,1248
Jared et al. (2011),140,L2DA,L2P,1,1,1,1,,Young,SL,II,AA,Beyond,2011,Jared et al.,1.1,,0.0072992700729927005,L2DA.L2P,1249
Jared et al. (2011),140,L2DA,L2M,1,1,1,1,,Young,SL,II,AA,Beyond,2011,Jared et al.,1.1,,0.0072992700729927005,L2DA.L2M,1250
Jared et al. (2011),140,L2DA,L2L,1,1,1,1,,Young,SL,II,AA,Beyond,2011,Jared et al.,1.1,,0.0072992700729927005,L2DA.L2L,1251
Jared et al. (2011),140,L2DF,L2V,1,1,1,1,,Young,SL,II,AA,Beyond,2011,Jared et al.,1.1,,0.0072992700729927005,L2DF.L2V,1252
Jared et al. (2011),140,L2DF,L2G,1,1,1,1,,Young,SL,II,AA,Beyond,2011,Jared et al.,1.1,,0.0072992700729927005,L2DF.L2G,1253
Jared et al. (2011),140,L2DF,L2P,1,1,1,1,,Young,SL,II,AA,Beyond,2011,Jared et al.,1.1,,0.0072992700729927005,L2DF.L2P,1254
Jared et al. (2011),140,L2DF,L2M,1,1,1,1,,Young,SL,II,AA,Beyond,2011,Jared et al.,1.1,,0.0072992700729927005,L2DF.L2M,1255
Jared et al. (2011),140,L2DF,L2L,1,1,1,1,,Young,SL,II,AA,Beyond,2011,Jared et al.,1.1,,0.0072992700729927005,L2DF.L2L,1256
Jared et al. (2011),140,L2V,L2G,1,1,1,1,,Young,SL,II,AA,Beyond,2011,Jared et al.,1.1,,0.0072992700729927005,L2V.L2G,1257
Jared et al. (2011),140,L2V,L2P,1,1,1,1,,Young,SL,II,AA,Beyond,2011,Jared et al.,1.1,,0.0072992700729927005,L2V.L2P,1258
Jared et al. (2011),140,L2V,L2M,1,1,1,1,,Young,SL,II,AA,Beyond,2011,Jared et al.,1.1,,0.0072992700729927005,L2V.L2M,1259
Jared et al. (2011),140,L2V,L2L,1,1,1,1,,Young,SL,II,AA,Beyond,2011,Jared et al.,1.1,,0.0072992700729927005,L2V.L2L,1260
Jared et al. (2011),140,L2G,L2P,1,1,1,1,,Young,SL,II,AA,Beyond,2011,Jared et al.,1.1,,0.0072992700729927005,L2G.L2P,1261
Jared et al. (2011),140,L2G,L2M,1,1,1,1,,Young,SL,II,AA,Beyond,2011,Jared et al.,1.1,,0.0072992700729927005,L2G.L2M,1262
Jared et al. (2011),140,L2G,L2L,1,1,1,1,,Young,SL,II,AA,Beyond,2011,Jared et al.,1.1,,0.0072992700729927005,L2G.L2L,1263
Jared et al. (2011),140,L2P,L2M,1,1,1,1,,Young,SL,II,AA,Beyond,2011,Jared et al.,1.1,,0.0072992700729927005,L2P.L2M,1264
Jared et al. (2011),140,L2P,L2L,1,1,1,1,,Young,SL,II,AA,Beyond,2011,Jared et al.,1.1,,0.0072992700729927005,L2P.L2L,1265
Jared et al. (2011),140,L2M,L2L,1,1,1,1,,Young,SL,II,AA,Beyond,2011,Jared et al.,1.1,,0.0072992700729927005,L2M.L2L,1266
Jared et al. (2011),140,L2R,L2DA,1,2,1,1,0.55,Young,SL,II,AA,Beyond,2011,Jared et al.,1.1,0.6183813135744636,0.0072992700729927005,L2R.L2DA,1267
Jared et al. (2011),140,L2R,L2DF,1,2,1,1,0.52,Young,SL,II,AA,Beyond,2011,Jared et al.,1.1,0.5763397549691928,0.0072992700729927005,L2R.L2DF,1268
Jared et al. (2011),140,L2R,L2V,1,2,1,1,,Young,SL,II,AA,Beyond,2011,Jared et al.,1.1,,0.0072992700729927005,L2R.L2V,1269
Jared et al. (2011),140,L2R,L2G,1,2,1,1,,Young,SL,II,AA,Beyond,2011,Jared et al.,1.1,,0.0072992700729927005,L2R.L2G,1270
Jared et al. (2011),140,L2R,L2P,1,2,1,1,,Young,SL,II,AA,Beyond,2011,Jared et al.,1.1,,0.0072992700729927005,L2R.L2P,1271
Jared et al. (2011),140,L2R,L2M,1,2,1,1,,Young,SL,II,AA,Beyond,2011,Jared et al.,1.1,,0.0072992700729927005,L2R.L2M,1272
Jared et al. (2011),140,L2R,L2L,1,2,1,1,,Young,SL,II,AA,Beyond,2011,Jared et al.,1.1,,0.0072992700729927005,L2R.L2L,1273
Jared et al. (2011),140,L2DA,L2DF,1,2,1,1,0.76,Young,SL,II,AA,Beyond,2011,Jared et al.,1.1,0.9962150823451031,0.0072992700729927005,L2DA.L2DF,1274
Jared et al. (2011),140,L2DA,L2V,1,2,1,1,,Young,SL,II,AA,Beyond,2011,Jared et al.,1.1,,0.0072992700729927005,L2DA.L2V,1275
Jared et al. (2011),140,L2DA,L2G,1,2,1,1,,Young,SL,II,AA,Beyond,2011,Jared et al.,1.1,,0.0072992700729927005,L2DA.L2G,1276
Jared et al. (2011),140,L2DA,L2P,1,2,1,1,,Young,SL,II,AA,Beyond,2011,Jared et al.,1.1,,0.0072992700729927005,L2DA.L2P,1277
Jared et al. (2011),140,L2DA,L2M,1,2,1,1,,Young,SL,II,AA,Beyond,2011,Jared et al.,1.1,,0.0072992700729927005,L2DA.L2M,1278
Jared et al. (2011),140,L2DA,L2L,1,2,1,1,,Young,SL,II,AA,Beyond,2011,Jared et al.,1.1,,0.0072992700729927005,L2DA.L2L,1279
Jared et al. (2011),140,L2DF,L2V,1,2,1,1,,Young,SL,II,AA,Beyond,2011,Jared et al.,1.1,,0.0072992700729927005,L2DF.L2V,1280
Jared et al. (2011),140,L2DF,L2G,1,2,1,1,,Young,SL,II,AA,Beyond,2011,Jared et al.,1.1,,0.0072992700729927005,L2DF.L2G,1281
Jared et al. (2011),140,L2DF,L2P,1,2,1,1,,Young,SL,II,AA,Beyond,2011,Jared et al.,1.1,,0.0072992700729927005,L2DF.L2P,1282
Jared et al. (2011),140,L2DF,L2M,1,2,1,1,,Young,SL,II,AA,Beyond,2011,Jared et al.,1.1,,0.0072992700729927005,L2DF.L2M,1283
Jared et al. (2011),140,L2DF,L2L,1,2,1,1,,Young,SL,II,AA,Beyond,2011,Jared et al.,1.1,,0.0072992700729927005,L2DF.L2L,1284
Jared et al. (2011),140,L2V,L2G,1,2,1,1,,Young,SL,II,AA,Beyond,2011,Jared et al.,1.1,,0.0072992700729927005,L2V.L2G,1285
Jared et al. (2011),140,L2V,L2P,1,2,1,1,,Young,SL,II,AA,Beyond,2011,Jared et al.,1.1,,0.0072992700729927005,L2V.L2P,1286
Jared et al. (2011),140,L2V,L2M,1,2,1,1,,Young,SL,II,AA,Beyond,2011,Jared et al.,1.1,,0.0072992700729927005,L2V.L2M,1287
Jared et al. (2011),140,L2V,L2L,1,2,1,1,,Young,SL,II,AA,Beyond,2011,Jared et al.,1.1,,0.0072992700729927005,L2V.L2L,1288
Jared et al. (2011),140,L2G,L2P,1,2,1,1,,Young,SL,II,AA,Beyond,2011,Jared et al.,1.1,,0.0072992700729927005,L2G.L2P,1289
Jared et al. (2011),140,L2G,L2M,1,2,1,1,,Young,SL,II,AA,Beyond,2011,Jared et al.,1.1,,0.0072992700729927005,L2G.L2M,1290
Jared et al. (2011),140,L2G,L2L,1,2,1,1,,Young,SL,II,AA,Beyond,2011,Jared et al.,1.1,,0.0072992700729927005,L2G.L2L,1291
Jared et al. (2011),140,L2P,L2M,1,2,1,1,,Young,SL,II,AA,Beyond,2011,Jared et al.,1.1,,0.0072992700729927005,L2P.L2M,1292
Jared et al. (2011),140,L2P,L2L,1,2,1,1,,Young,SL,II,AA,Beyond,2011,Jared et al.,1.1,,0.0072992700729927005,L2P.L2L,1293
Jared et al. (2011),140,L2M,L2L,1,2,1,1,,Young,SL,II,AA,Beyond,2011,Jared et al.,1.1,,0.0072992700729927005,L2M.L2L,1294
Jared et al. (2011),140,L2R,L2DA,1,3,1,1,0.46,Young,SL,II,AA,Beyond,2011,Jared et al.,1.1,0.497311287572031,0.0072992700729927005,L2R.L2DA,1295
Jared et al. (2011),140,L2R,L2DF,1,3,1,1,0.47,Young,SL,II,AA,Beyond,2011,Jared et al.,1.1,0.5100703366133073,0.0072992700729927005,L2R.L2DF,1296
Jared et al. (2011),140,L2R,L2V,1,3,1,1,,Young,SL,II,AA,Beyond,2011,Jared et al.,1.1,,0.0072992700729927005,L2R.L2V,1297
Jared et al. (2011),140,L2R,L2G,1,3,1,1,,Young,SL,II,AA,Beyond,2011,Jared et al.,1.1,,0.0072992700729927005,L2R.L2G,1298
Jared et al. (2011),140,L2R,L2P,1,3,1,1,,Young,SL,II,AA,Beyond,2011,Jared et al.,1.1,,0.0072992700729927005,L2R.L2P,1299
Jared et al. (2011),140,L2R,L2M,1,3,1,1,,Young,SL,II,AA,Beyond,2011,Jared et al.,1.1,,0.0072992700729927005,L2R.L2M,1300
Jared et al. (2011),140,L2R,L2L,1,3,1,1,,Young,SL,II,AA,Beyond,2011,Jared et al.,1.1,,0.0072992700729927005,L2R.L2L,1301
Jared et al. (2011),140,L2DA,L2DF,1,3,1,1,0.74,Young,SL,II,AA,Beyond,2011,Jared et al.,1.1,0.9504793805965235,0.0072992700729927005,L2DA.L2DF,1302
Jared et al. (2011),140,L2DA,L2V,1,3,1,1,,Young,SL,II,AA,Beyond,2011,Jared et al.,1.1,,0.0072992700729927005,L2DA.L2V,1303
Jared et al. (2011),140,L2DA,L2G,1,3,1,1,,Young,SL,II,AA,Beyond,2011,Jared et al.,1.1,,0.0072992700729927005,L2DA.L2G,1304
Jared et al. (2011),140,L2DA,L2P,1,3,1,1,,Young,SL,II,AA,Beyond,2011,Jared et al.,1.1,,0.0072992700729927005,L2DA.L2P,1305
Jared et al. (2011),140,L2DA,L2M,1,3,1,1,,Young,SL,II,AA,Beyond,2011,Jared et al.,1.1,,0.0072992700729927005,L2DA.L2M,1306
Jared et al. (2011),140,L2DA,L2L,1,3,1,1,,Young,SL,II,AA,Beyond,2011,Jared et al.,1.1,,0.0072992700729927005,L2DA.L2L,1307
Jared et al. (2011),140,L2DF,L2V,1,3,1,1,,Young,SL,II,AA,Beyond,2011,Jared et al.,1.1,,0.0072992700729927005,L2DF.L2V,1308
Jared et al. (2011),140,L2DF,L2G,1,3,1,1,,Young,SL,II,AA,Beyond,2011,Jared et al.,1.1,,0.0072992700729927005,L2DF.L2G,1309
Jared et al. (2011),140,L2DF,L2P,1,3,1,1,,Young,SL,II,AA,Beyond,2011,Jared et al.,1.1,,0.0072992700729927005,L2DF.L2P,1310
Jared et al. (2011),140,L2DF,L2M,1,3,1,1,,Young,SL,II,AA,Beyond,2011,Jared et al.,1.1,,0.0072992700729927005,L2DF.L2M,1311
Jared et al. (2011),140,L2DF,L2L,1,3,1,1,,Young,SL,II,AA,Beyond,2011,Jared et al.,1.1,,0.0072992700729927005,L2DF.L2L,1312
Jared et al. (2011),140,L2V,L2G,1,3,1,1,,Young,SL,II,AA,Beyond,2011,Jared et al.,1.1,,0.0072992700729927005,L2V.L2G,1313
Jared et al. (2011),140,L2V,L2P,1,3,1,1,,Young,SL,II,AA,Beyond,2011,Jared et al.,1.1,,0.0072992700729927005,L2V.L2P,1314
Jared et al. (2011),140,L2V,L2M,1,3,1,1,,Young,SL,II,AA,Beyond,2011,Jared et al.,1.1,,0.0072992700729927005,L2V.L2M,1315
Jared et al. (2011),140,L2V,L2L,1,3,1,1,,Young,SL,II,AA,Beyond,2011,Jared et al.,1.1,,0.0072992700729927005,L2V.L2L,1316
Jared et al. (2011),140,L2G,L2P,1,3,1,1,,Young,SL,II,AA,Beyond,2011,Jared et al.,1.1,,0.0072992700729927005,L2G.L2P,1317
Jared et al. (2011),140,L2G,L2M,1,3,1,1,,Young,SL,II,AA,Beyond,2011,Jared et al.,1.1,,0.0072992700729927005,L2G.L2M,1318
Jared et al. (2011),140,L2G,L2L,1,3,1,1,,Young,SL,II,AA,Beyond,2011,Jared et al.,1.1,,0.0072992700729927005,L2G.L2L,1319
Jared et al. (2011),140,L2P,L2M,1,3,1,1,,Young,SL,II,AA,Beyond,2011,Jared et al.,1.1,,0.0072992700729927005,L2P.L2M,1320
Jared et al. (2011),140,L2P,L2L,1,3,1,1,,Young,SL,II,AA,Beyond,2011,Jared et al.,1.1,,0.0072992700729927005,L2P.L2L,1321
Jared et al. (2011),140,L2M,L2L,1,3,1,1,,Young,SL,II,AA,Beyond,2011,Jared et al.,1.1,,0.0072992700729927005,L2M.L2L,1322
Jeon (2011),188,L2R,L2DA,1,1,1,1,0.34,Adolescent/Adult,FL,IL,AM,Beyond,2011,Jeon,1.1,0.3540925289622429,0.005405405405405406,L2R.L2DA,1323
Jeon (2011),188,L2R,L2DF,1,1,1,1,,Adolescent/Adult,FL,IL,AM,Beyond,2011,Jeon,1.1,,0.005405405405405406,L2R.L2DF,1324
Jeon (2011),188,L2R,L2V,1,1,1,1,0.5,Adolescent/Adult,FL,IL,AM,Beyond,2011,Jeon,1.1,0.5493061443340549,0.005405405405405406,L2R.L2V,1325
Jeon (2011),188,L2R,L2G,1,1,1,1,,Adolescent/Adult,FL,IL,AM,Beyond,2011,Jeon,1.1,,0.005405405405405406,L2R.L2G,1326
Jeon (2011),188,L2R,L2P,1,1,1,1,,Adolescent/Adult,FL,IL,AM,Beyond,2011,Jeon,1.1,,0.005405405405405406,L2R.L2P,1327
Jeon (2011),188,L2R,L2M,1,1,1,1,0.48,Adolescent/Adult,FL,IL,AM,Beyond,2011,Jeon,1.1,0.5229842775913438,0.005405405405405406,L2R.L2M,1328
Jeon (2011),188,L2R,L2L,1,1,1,1,0.53,Adolescent/Adult,FL,IL,AM,Beyond,2011,Jeon,1.1,0.5901451598411885,0.005405405405405406,L2R.L2L,1329
Jeon (2011),188,L2DA,L2DF,1,1,1,1,,Adolescent/Adult,FL,IL,AM,Beyond,2011,Jeon,1.1,,0.005405405405405406,L2DA.L2DF,1330
Jeon (2011),188,L2DA,L2V,1,1,1,1,0.39,Adolescent/Adult,FL,IL,AM,Beyond,2011,Jeon,1.1,0.4118000344786903,0.005405405405405406,L2DA.L2V,1331
Jeon (2011),188,L2DA,L2G,1,1,1,1,,Adolescent/Adult,FL,IL,AM,Beyond,2011,Jeon,1.1,,0.005405405405405406,L2DA.L2G,1332
Jeon (2011),188,L2DA,L2P,1,1,1,1,,Adolescent/Adult,FL,IL,AM,Beyond,2011,Jeon,1.1,,0.005405405405405406,L2DA.L2P,1333
Jeon (2011),188,L2DA,L2M,1,1,1,1,0.37,Adolescent/Adult,FL,IL,AM,Beyond,2011,Jeon,1.1,0.3884230997182962,0.005405405405405406,L2DA.L2M,1334
Jeon (2011),188,L2DA,L2L,1,1,1,1,0.38,Adolescent/Adult,FL,IL,AM,Beyond,2011,Jeon,1.1,0.40005965005605654,0.005405405405405406,L2DA.L2L,1335
Jeon (2011),188,L2DF,L2V,1,1,1,1,,Adolescent/Adult,FL,IL,AM,Beyond,2011,Jeon,1.1,,0.005405405405405406,L2DF.L2V,1336
Jeon (2011),188,L2DF,L2G,1,1,1,1,,Adolescent/Adult,FL,IL,AM,Beyond,2011,Jeon,1.1,,0.005405405405405406,L2DF.L2G,1337
Jeon (2011),188,L2DF,L2P,1,1,1,1,,Adolescent/Adult,FL,IL,AM,Beyond,2011,Jeon,1.1,,0.005405405405405406,L2DF.L2P,1338
Jeon (2011),188,L2DF,L2M,1,1,1,1,,Adolescent/Adult,FL,IL,AM,Beyond,2011,Jeon,1.1,,0.005405405405405406,L2DF.L2M,1339
Jeon (2011),188,L2DF,L2L,1,1,1,1,,Adolescent/Adult,FL,IL,AM,Beyond,2011,Jeon,1.1,,0.005405405405405406,L2DF.L2L,1340
Jeon (2011),188,L2V,L2G,1,1,1,1,,Adolescent/Adult,FL,IL,AM,Beyond,2011,Jeon,1.1,,0.005405405405405406,L2V.L2G,1341
Jeon (2011),188,L2V,L2P,1,1,1,1,,Adolescent/Adult,FL,IL,AM,Beyond,2011,Jeon,1.1,,0.005405405405405406,L2V.L2P,1342
Jeon (2011),188,L2V,L2M,1,1,1,1,0.63,Adolescent/Adult,FL,IL,AM,Beyond,2011,Jeon,1.1,0.7414161440812689,0.005405405405405406,L2V.L2M,1343
Jeon (2011),188,L2V,L2L,1,1,1,1,0.56,Adolescent/Adult,FL,IL,AM,Beyond,2011,Jeon,1.1,0.632833186665638,0.005405405405405406,L2V.L2L,1344
Jeon (2011),188,L2G,L2P,1,1,1,1,,Adolescent/Adult,FL,IL,AM,Beyond,2011,Jeon,1.1,,0.005405405405405406,L2G.L2P,1345
Jeon (2011),188,L2G,L2M,1,1,1,1,,Adolescent/Adult,FL,IL,AM,Beyond,2011,Jeon,1.1,,0.005405405405405406,L2G.L2M,1346
Jeon (2011),188,L2G,L2L,1,1,1,1,,Adolescent/Adult,FL,IL,AM,Beyond,2011,Jeon,1.1,,0.005405405405405406,L2G.L2L,1347
Jeon (2011),188,L2P,L2M,1,1,1,1,,Adolescent/Adult,FL,IL,AM,Beyond,2011,Jeon,1.1,,0.005405405405405406,L2P.L2M,1348
Jeon (2011),188,L2P,L2L,1,1,1,1,,Adolescent/Adult,FL,IL,AM,Beyond,2011,Jeon,1.1,,0.005405405405405406,L2P.L2L,1349
Jeon (2011),188,L2M,L2L,1,1,1,1,0.53,Adolescent/Adult,FL,IL,AM,Beyond,2011,Jeon,1.1,0.5901451598411885,0.005405405405405406,L2M.L2L,1350
Jeon (2012),255,L2R,L2DA,1,1,1,1,,Adolescent/Adult,FL,IL,AM,Beyond,2012,Jeon,1.1,,0.003968253968253968,L2R.L2DA,1351
Jeon (2012),255,L2R,L2DF,1,1,1,1,0.28,Adolescent/Adult,FL,IL,AM,Beyond,2012,Jeon,1.1,0.28768207245178096,0.003968253968253968,L2R.L2DF,1352
Jeon (2012),255,L2R,L2V,1,1,1,1,0.47,Adolescent/Adult,FL,IL,AM,Beyond,2012,Jeon,1.1,0.5100703366133073,0.003968253968253968,L2R.L2V,1353
Jeon (2012),255,L2R,L2G,1,1,1,1,0.59,Adolescent/Adult,FL,IL,AM,Beyond,2012,Jeon,1.1,0.6776660677579618,0.003968253968253968,L2R.L2G,1354
Jeon (2012),255,L2R,L2P,1,1,1,1,,Adolescent/Adult,FL,IL,AM,Beyond,2012,Jeon,1.1,,0.003968253968253968,L2R.L2P,1355
Jeon (2012),255,L2R,L2M,1,1,1,1,0.47,Adolescent/Adult,FL,IL,AM,Beyond,2012,Jeon,1.1,0.5100703366133073,0.003968253968253968,L2R.L2M,1356
Jeon (2012),255,L2R,L2L,1,1,1,1,0.44,Adolescent/Adult,FL,IL,AM,Beyond,2012,Jeon,1.1,0.47223080442042564,0.003968253968253968,L2R.L2L,1357
Jeon (2012),255,L2DA,L2DF,1,1,1,1,,Adolescent/Adult,FL,IL,AM,Beyond,2012,Jeon,1.1,,0.003968253968253968,L2DA.L2DF,1358
Jeon (2012),255,L2DA,L2V,1,1,1,1,,Adolescent/Adult,FL,IL,AM,Beyond,2012,Jeon,1.1,,0.003968253968253968,L2DA.L2V,1359
Jeon (2012),255,L2DA,L2G,1,1,1,1,,Adolescent/Adult,FL,IL,AM,Beyond,2012,Jeon,1.1,,0.003968253968253968,L2DA.L2G,1360
Jeon (2012),255,L2DA,L2P,1,1,1,1,,Adolescent/Adult,FL,IL,AM,Beyond,2012,Jeon,1.1,,0.003968253968253968,L2DA.L2P,1361
Jeon (2012),255,L2DA,L2M,1,1,1,1,,Adolescent/Adult,FL,IL,AM,Beyond,2012,Jeon,1.1,,0.003968253968253968,L2DA.L2M,1362
Jeon (2012),255,L2DA,L2L,1,1,1,1,,Adolescent/Adult,FL,IL,AM,Beyond,2012,Jeon,1.1,,0.003968253968253968,L2DA.L2L,1363
Jeon (2012),255,L2DF,L2V,1,1,1,1,0.34,Adolescent/Adult,FL,IL,AM,Beyond,2012,Jeon,1.1,0.3540925289622429,0.003968253968253968,L2DF.L2V,1364
Jeon (2012),255,L2DF,L2G,1,1,1,1,0.32,Adolescent/Adult,FL,IL,AM,Beyond,2012,Jeon,1.1,0.33164710870513214,0.003968253968253968,L2DF.L2G,1365
Jeon (2012),255,L2DF,L2P,1,1,1,1,,Adolescent/Adult,FL,IL,AM,Beyond,2012,Jeon,1.1,,0.003968253968253968,L2DF.L2P,1366
Jeon (2012),255,L2DF,L2M,1,1,1,1,0.35,Adolescent/Adult,FL,IL,AM,Beyond,2012,Jeon,1.1,0.3654437542713961,0.003968253968253968,L2DF.L2M,1367
Jeon (2012),255,L2DF,L2L,1,1,1,1,0.39,Adolescent/Adult,FL,IL,AM,Beyond,2012,Jeon,1.1,0.4118000344786903,0.003968253968253968,L2DF.L2L,1368
Jeon (2012),255,L2V,L2G,1,1,1,1,0.46,Adolescent/Adult,FL,IL,AM,Beyond,2012,Jeon,1.1,0.497311287572031,0.003968253968253968,L2V.L2G,1369
Jeon (2012),255,L2V,L2P,1,1,1,1,,Adolescent/Adult,FL,IL,AM,Beyond,2012,Jeon,1.1,,0.003968253968253968,L2V.L2P,1370
Jeon (2012),255,L2V,L2M,1,1,1,1,0.56,Adolescent/Adult,FL,IL,AM,Beyond,2012,Jeon,1.1,0.632833186665638,0.003968253968253968,L2V.L2M,1371
Jeon (2012),255,L2V,L2L,1,1,1,1,0.52,Adolescent/Adult,FL,IL,AM,Beyond,2012,Jeon,1.1,0.5763397549691928,0.003968253968253968,L2V.L2L,1372
Jeon (2012),255,L2G,L2P,1,1,1,1,,Adolescent/Adult,FL,IL,AM,Beyond,2012,Jeon,1.1,,0.003968253968253968,L2G.L2P,1373
Jeon (2012),255,L2G,L2M,1,1,1,1,0.59,Adolescent/Adult,FL,IL,AM,Beyond,2012,Jeon,1.1,0.6776660677579618,0.003968253968253968,L2G.L2M,1374
Jeon (2012),255,L2G,L2L,1,1,1,1,0.54,Adolescent/Adult,FL,IL,AM,Beyond,2012,Jeon,1.1,0.6041556029622671,0.003968253968253968,L2G.L2L,1375
Jeon (2012),255,L2P,L2M,1,1,1,1,,Adolescent/Adult,FL,IL,AM,Beyond,2012,Jeon,1.1,,0.003968253968253968,L2P.L2M,1376
Jeon (2012),255,L2P,L2L,1,1,1,1,,Adolescent/Adult,FL,IL,AM,Beyond,2012,Jeon,1.1,,0.003968253968253968,L2P.L2L,1377
Jeon (2012),255,L2M,L2L,1,1,1,1,0.51,Adolescent/Adult,FL,IL,AM,Beyond,2012,Jeon,1.1,0.5627297693521489,0.003968253968253968,L2M.L2L,1378
Jia et al. (2014),94,L2R,L2DA,1,1,1,1,0.8,Adolescent/Adult,SL,IL,AL,Beyond,2014,Jia et al.,1.1,1.0986122886681098,0.01098901098901099,L2R.L2DA,1379
Jia et al. (2014),94,L2R,L2DF,1,1,1,1,0.8,Adolescent/Adult,SL,IL,AL,Beyond,2014,Jia et al.,1.1,1.0986122886681098,0.01098901098901099,L2R.L2DF,1380
Jia et al. (2014),94,L2R,L2V,1,1,1,1,0.86,Adolescent/Adult,SL,IL,AL,Beyond,2014,Jia et al.,1.1,1.2933446720489712,0.01098901098901099,L2R.L2V,1381
Jia et al. (2014),94,L2R,L2G,1,1,1,1,,Adolescent/Adult,SL,IL,AL,Beyond,2014,Jia et al.,1.1,,0.01098901098901099,L2R.L2G,1382
Jia et al. (2014),94,L2R,L2P,1,1,1,1,,Adolescent/Adult,SL,IL,AL,Beyond,2014,Jia et al.,1.1,,0.01098901098901099,L2R.L2P,1383
Jia et al. (2014),94,L2R,L2M,1,1,1,1,,Adolescent/Adult,SL,IL,AL,Beyond,2014,Jia et al.,1.1,,0.01098901098901099,L2R.L2M,1384
Jia et al. (2014),94,L2R,L2L,1,1,1,1,,Adolescent/Adult,SL,IL,AL,Beyond,2014,Jia et al.,1.1,,0.01098901098901099,L2R.L2L,1385
Jia et al. (2014),94,L2DA,L2DF,1,1,1,1,0.7,Adolescent/Adult,SL,IL,AL,Beyond,2014,Jia et al.,1.1,0.8673005276940532,0.01098901098901099,L2DA.L2DF,1386
Jia et al. (2014),94,L2DA,L2V,1,1,1,1,0.78,Adolescent/Adult,SL,IL,AL,Beyond,2014,Jia et al.,1.1,1.0453705484668847,0.01098901098901099,L2DA.L2V,1387
Jia et al. (2014),94,L2DA,L2G,1,1,1,1,,Adolescent/Adult,SL,IL,AL,Beyond,2014,Jia et al.,1.1,,0.01098901098901099,L2DA.L2G,1388
Jia et al. (2014),94,L2DA,L2P,1,1,1,1,,Adolescent/Adult,SL,IL,AL,Beyond,2014,Jia et al.,1.1,,0.01098901098901099,L2DA.L2P,1389
Jia et al. (2014),94,L2DA,L2M,1,1,1,1,,Adolescent/Adult,SL,IL,AL,Beyond,2014,Jia et al.,1.1,,0.01098901098901099,L2DA.L2M,1390
Jia et al. (2014),94,L2DA,L2L,1,1,1,1,,Adolescent/Adult,SL,IL,AL,Beyond,2014,Jia et al.,1.1,,0.01098901098901099,L2DA.L2L,1391
Jia et al. (2014),94,L2DF,L2V,1,1,1,1,0.78,Adolescent/Adult,SL,IL,AL,Beyond,2014,Jia et al.,1.1,1.0453705484668847,0.01098901098901099,L2DF.L2V,1392
Jia et al. (2014),94,L2DF,L2G,1,1,1,1,,Adolescent/Adult,SL,IL,AL,Beyond,2014,Jia et al.,1.1,,0.01098901098901099,L2DF.L2G,1393
Jia et al. (2014),94,L2DF,L2P,1,1,1,1,,Adolescent/Adult,SL,IL,AL,Beyond,2014,Jia et al.,1.1,,0.01098901098901099,L2DF.L2P,1394
Jia et al. (2014),94,L2DF,L2M,1,1,1,1,,Adolescent/Adult,SL,IL,AL,Beyond,2014,Jia et al.,1.1,,0.01098901098901099,L2DF.L2M,1395
Jia et al. (2014),94,L2DF,L2L,1,1,1,1,,Adolescent/Adult,SL,IL,AL,Beyond,2014,Jia et al.,1.1,,0.01098901098901099,L2DF.L2L,1396
Jia et al. (2014),94,L2V,L2G,1,1,1,1,,Adolescent/Adult,SL,IL,AL,Beyond,2014,Jia et al.,1.1,,0.01098901098901099,L2V.L2G,1397
Jia et al. (2014),94,L2V,L2P,1,1,1,1,,Adolescent/Adult,SL,IL,AL,Beyond,2014,Jia et al.,1.1,,0.01098901098901099,L2V.L2P,1398
Jia et al. (2014),94,L2V,L2M,1,1,1,1,,Adolescent/Adult,SL,IL,AL,Beyond,2014,Jia et al.,1.1,,0.01098901098901099,L2V.L2M,1399
Jia et al. (2014),94,L2V,L2L,1,1,1,1,,Adolescent/Adult,SL,IL,AL,Beyond,2014,Jia et al.,1.1,,0.01098901098901099,L2V.L2L,1400
Jia et al. (2014),94,L2G,L2P,1,1,1,1,,Adolescent/Adult,SL,IL,AL,Beyond,2014,Jia et al.,1.1,,0.01098901098901099,L2G.L2P,1401
Jia et al. (2014),94,L2G,L2M,1,1,1,1,,Adolescent/Adult,SL,IL,AL,Beyond,2014,Jia et al.,1.1,,0.01098901098901099,L2G.L2M,1402
Jia et al. (2014),94,L2G,L2L,1,1,1,1,,Adolescent/Adult,SL,IL,AL,Beyond,2014,Jia et al.,1.1,,0.01098901098901099,L2G.L2L,1403
Jia et al. (2014),94,L2P,L2M,1,1,1,1,,Adolescent/Adult,SL,IL,AL,Beyond,2014,Jia et al.,1.1,,0.01098901098901099,L2P.L2M,1404
Jia et al. (2014),94,L2P,L2L,1,1,1,1,,Adolescent/Adult,SL,IL,AL,Beyond,2014,Jia et al.,1.1,,0.01098901098901099,L2P.L2L,1405
Jia et al. (2014),94,L2M,L2L,1,1,1,1,,Adolescent/Adult,SL,IL,AL,Beyond,2014,Jia et al.,1.1,,0.01098901098901099,L2M.L2L,1406
Jiang et al. (2012),200,L2R,L2DA,1,1,1,1,,Adolescent/Adult,FL/SL,IL,AL,Beyond,2012,Jiang et al.,1.1,,0.005076142131979695,L2R.L2DA,1407
Jiang et al. (2012),200,L2R,L2DF,1,1,1,1,0.23,Adolescent/Adult,FL/SL,IL,AL,Beyond,2012,Jiang et al.,1.1,0.2341894667593668,0.005076142131979695,L2R.L2DF,1408
Jiang et al. (2012),200,L2R,L2V,1,1,1,1,,Adolescent/Adult,FL/SL,IL,AL,Beyond,2012,Jiang et al.,1.1,,0.005076142131979695,L2R.L2V,1409
Jiang et al. (2012),200,L2R,L2G,1,1,1,1,,Adolescent/Adult,FL/SL,IL,AL,Beyond,2012,Jiang et al.,1.1,,0.005076142131979695,L2R.L2G,1410
Jiang et al. (2012),200,L2R,L2P,1,1,1,1,,Adolescent/Adult,FL/SL,IL,AL,Beyond,2012,Jiang et al.,1.1,,0.005076142131979695,L2R.L2P,1411
Jiang et al. (2012),200,L2R,L2M,1,1,1,1,,Adolescent/Adult,FL/SL,IL,AL,Beyond,2012,Jiang et al.,1.1,,0.005076142131979695,L2R.L2M,1412
Jiang et al. (2012),200,L2R,L2L,1,1,1,1,,Adolescent/Adult,FL/SL,IL,AL,Beyond,2012,Jiang et al.,1.1,,0.005076142131979695,L2R.L2L,1413
Jiang et al. (2012),200,L2DA,L2DF,1,1,1,1,,Adolescent/Adult,FL/SL,IL,AL,Beyond,2012,Jiang et al.,1.1,,0.005076142131979695,L2DA.L2DF,1414
Jiang et al. (2012),200,L2DA,L2V,1,1,1,1,,Adolescent/Adult,FL/SL,IL,AL,Beyond,2012,Jiang et al.,1.1,,0.005076142131979695,L2DA.L2V,1415
Jiang et al. (2012),200,L2DA,L2G,1,1,1,1,,Adolescent/Adult,FL/SL,IL,AL,Beyond,2012,Jiang et al.,1.1,,0.005076142131979695,L2DA.L2G,1416
Jiang et al. (2012),200,L2DA,L2P,1,1,1,1,,Adolescent/Adult,FL/SL,IL,AL,Beyond,2012,Jiang et al.,1.1,,0.005076142131979695,L2DA.L2P,1417
Jiang et al. (2012),200,L2DA,L2M,1,1,1,1,,Adolescent/Adult,FL/SL,IL,AL,Beyond,2012,Jiang et al.,1.1,,0.005076142131979695,L2DA.L2M,1418
Jiang et al. (2012),200,L2DA,L2L,1,1,1,1,,Adolescent/Adult,FL/SL,IL,AL,Beyond,2012,Jiang et al.,1.1,,0.005076142131979695,L2DA.L2L,1419
Jiang et al. (2012),200,L2DF,L2V,1,1,1,1,,Adolescent/Adult,FL/SL,IL,AL,Beyond,2012,Jiang et al.,1.1,,0.005076142131979695,L2DF.L2V,1420
Jiang et al. (2012),200,L2DF,L2G,1,1,1,1,,Adolescent/Adult,FL/SL,IL,AL,Beyond,2012,Jiang et al.,1.1,,0.005076142131979695,L2DF.L2G,1421
Jiang et al. (2012),200,L2DF,L2P,1,1,1,1,,Adolescent/Adult,FL/SL,IL,AL,Beyond,2012,Jiang et al.,1.1,,0.005076142131979695,L2DF.L2P,1422
Jiang et al. (2012),200,L2DF,L2M,1,1,1,1,,Adolescent/Adult,FL/SL,IL,AL,Beyond,2012,Jiang et al.,1.1,,0.005076142131979695,L2DF.L2M,1423
Jiang et al. (2012),200,L2DF,L2L,1,1,1,1,,Adolescent/Adult,FL/SL,IL,AL,Beyond,2012,Jiang et al.,1.1,,0.005076142131979695,L2DF.L2L,1424
Jiang et al. (2012),200,L2V,L2G,1,1,1,1,,Adolescent/Adult,FL/SL,IL,AL,Beyond,2012,Jiang et al.,1.1,,0.005076142131979695,L2V.L2G,1425
Jiang et al. (2012),200,L2V,L2P,1,1,1,1,,Adolescent/Adult,FL/SL,IL,AL,Beyond,2012,Jiang et al.,1.1,,0.005076142131979695,L2V.L2P,1426
Jiang et al. (2012),200,L2V,L2M,1,1,1,1,,Adolescent/Adult,FL/SL,IL,AL,Beyond,2012,Jiang et al.,1.1,,0.005076142131979695,L2V.L2M,1427
Jiang et al. (2012),200,L2V,L2L,1,1,1,1,,Adolescent/Adult,FL/SL,IL,AL,Beyond,2012,Jiang et al.,1.1,,0.005076142131979695,L2V.L2L,1428
Jiang et al. (2012),200,L2G,L2P,1,1,1,1,,Adolescent/Adult,FL/SL,IL,AL,Beyond,2012,Jiang et al.,1.1,,0.005076142131979695,L2G.L2P,1429
Jiang et al. (2012),200,L2G,L2M,1,1,1,1,,Adolescent/Adult,FL/SL,IL,AL,Beyond,2012,Jiang et al.,1.1,,0.005076142131979695,L2G.L2M,1430
Jiang et al. (2012),200,L2G,L2L,1,1,1,1,,Adolescent/Adult,FL/SL,IL,AL,Beyond,2012,Jiang et al.,1.1,,0.005076142131979695,L2G.L2L,1431
Jiang et al. (2012),200,L2P,L2M,1,1,1,1,,Adolescent/Adult,FL/SL,IL,AL,Beyond,2012,Jiang et al.,1.1,,0.005076142131979695,L2P.L2M,1432
Jiang et al. (2012),200,L2P,L2L,1,1,1,1,,Adolescent/Adult,FL/SL,IL,AL,Beyond,2012,Jiang et al.,1.1,,0.005076142131979695,L2P.L2L,1433
Jiang et al. (2012),200,L2M,L2L,1,1,1,1,,Adolescent/Adult,FL/SL,IL,AL,Beyond,2012,Jiang et al.,1.1,,0.005076142131979695,L2M.L2L,1434
Kato (2009),64,L2R,L2DA,1,1,1,1,0.47,Adolescent/Adult,SL,IL,AM,Beyond,2009,Kato,1.1,0.5100703366133073,0.01639344262295082,L2R.L2DA,1435
Kato (2009),64,L2R,L2DF,1,1,1,1,,Adolescent/Adult,SL,IL,AM,Beyond,2009,Kato,1.1,,0.01639344262295082,L2R.L2DF,1436
Kato (2009),64,L2R,L2V,1,1,1,1,,Adolescent/Adult,SL,IL,AM,Beyond,2009,Kato,1.1,,0.01639344262295082,L2R.L2V,1437
Kato (2009),64,L2R,L2G,1,1,1,1,,Adolescent/Adult,SL,IL,AM,Beyond,2009,Kato,1.1,,0.01639344262295082,L2R.L2G,1438
Kato (2009),64,L2R,L2P,1,1,1,1,,Adolescent/Adult,SL,IL,AM,Beyond,2009,Kato,1.1,,0.01639344262295082,L2R.L2P,1439
Kato (2009),64,L2R,L2M,1,1,1,1,,Adolescent/Adult,SL,IL,AM,Beyond,2009,Kato,1.1,,0.01639344262295082,L2R.L2M,1440
Kato (2009),64,L2R,L2L,1,1,1,1,,Adolescent/Adult,SL,IL,AM,Beyond,2009,Kato,1.1,,0.01639344262295082,L2R.L2L,1441
Kato (2009),64,L2DA,L2DF,1,1,1,1,,Adolescent/Adult,SL,IL,AM,Beyond,2009,Kato,1.1,,0.01639344262295082,L2DA.L2DF,1442
Kato (2009),64,L2DA,L2V,1,1,1,1,,Adolescent/Adult,SL,IL,AM,Beyond,2009,Kato,1.1,,0.01639344262295082,L2DA.L2V,1443
Kato (2009),64,L2DA,L2G,1,1,1,1,,Adolescent/Adult,SL,IL,AM,Beyond,2009,Kato,1.1,,0.01639344262295082,L2DA.L2G,1444
Kato (2009),64,L2DA,L2P,1,1,1,1,,Adolescent/Adult,SL,IL,AM,Beyond,2009,Kato,1.1,,0.01639344262295082,L2DA.L2P,1445
Kato (2009),64,L2DA,L2M,1,1,1,1,,Adolescent/Adult,SL,IL,AM,Beyond,2009,Kato,1.1,,0.01639344262295082,L2DA.L2M,1446
Kato (2009),64,L2DA,L2L,1,1,1,1,,Adolescent/Adult,SL,IL,AM,Beyond,2009,Kato,1.1,,0.01639344262295082,L2DA.L2L,1447
Kato (2009),64,L2DF,L2V,1,1,1,1,,Adolescent/Adult,SL,IL,AM,Beyond,2009,Kato,1.1,,0.01639344262295082,L2DF.L2V,1448
Kato (2009),64,L2DF,L2G,1,1,1,1,,Adolescent/Adult,SL,IL,AM,Beyond,2009,Kato,1.1,,0.01639344262295082,L2DF.L2G,1449
Kato (2009),64,L2DF,L2P,1,1,1,1,,Adolescent/Adult,SL,IL,AM,Beyond,2009,Kato,1.1,,0.01639344262295082,L2DF.L2P,1450
Kato (2009),64,L2DF,L2M,1,1,1,1,,Adolescent/Adult,SL,IL,AM,Beyond,2009,Kato,1.1,,0.01639344262295082,L2DF.L2M,1451
Kato (2009),64,L2DF,L2L,1,1,1,1,,Adolescent/Adult,SL,IL,AM,Beyond,2009,Kato,1.1,,0.01639344262295082,L2DF.L2L,1452
Kato (2009),64,L2V,L2G,1,1,1,1,,Adolescent/Adult,SL,IL,AM,Beyond,2009,Kato,1.1,,0.01639344262295082,L2V.L2G,1453
Kato (2009),64,L2V,L2P,1,1,1,1,,Adolescent/Adult,SL,IL,AM,Beyond,2009,Kato,1.1,,0.01639344262295082,L2V.L2P,1454
Kato (2009),64,L2V,L2M,1,1,1,1,,Adolescent/Adult,SL,IL,AM,Beyond,2009,Kato,1.1,,0.01639344262295082,L2V.L2M,1455
Kato (2009),64,L2V,L2L,1,1,1,1,,Adolescent/Adult,SL,IL,AM,Beyond,2009,Kato,1.1,,0.01639344262295082,L2V.L2L,1456
Kato (2009),64,L2G,L2P,1,1,1,1,,Adolescent/Adult,SL,IL,AM,Beyond,2009,Kato,1.1,,0.01639344262295082,L2G.L2P,1457
Kato (2009),64,L2G,L2M,1,1,1,1,,Adolescent/Adult,SL,IL,AM,Beyond,2009,Kato,1.1,,0.01639344262295082,L2G.L2M,1458
Kato (2009),64,L2G,L2L,1,1,1,1,,Adolescent/Adult,SL,IL,AM,Beyond,2009,Kato,1.1,,0.01639344262295082,L2G.L2L,1459
Kato (2009),64,L2P,L2M,1,1,1,1,,Adolescent/Adult,SL,IL,AM,Beyond,2009,Kato,1.1,,0.01639344262295082,L2P.L2M,1460
Kato (2009),64,L2P,L2L,1,1,1,1,,Adolescent/Adult,SL,IL,AM,Beyond,2009,Kato,1.1,,0.01639344262295082,L2P.L2L,1461
Kato (2009),64,L2M,L2L,1,1,1,1,,Adolescent/Adult,SL,IL,AM,Beyond,2009,Kato,1.1,,0.01639344262295082,L2M.L2L,1462
Khaldieh (2001),46,L2R,L2DA,1,1,1,1,,Adolescent/Adult,FL,IL,AL,Mixed,2001,Khaldieh,1.1,,0.023255813953488372,L2R.L2DA,1463
Khaldieh (2001),46,L2R,L2DF,1,1,1,1,,Adolescent/Adult,FL,IL,AL,Mixed,2001,Khaldieh,1.1,,0.023255813953488372,L2R.L2DF,1464
Khaldieh (2001),46,L2R,L2V,1,1,1,1,0.9,Adolescent/Adult,FL,IL,AL,Mixed,2001,Khaldieh,1.1,1.4722194895832204,0.023255813953488372,L2R.L2V,1465
Khaldieh (2001),46,L2R,L2G,1,1,1,1,0.23,Adolescent/Adult,FL,IL,AL,Mixed,2001,Khaldieh,1.1,0.2341894667593668,0.023255813953488372,L2R.L2G,1466
Khaldieh (2001),46,L2R,L2P,1,1,1,1,,Adolescent/Adult,FL,IL,AL,Mixed,2001,Khaldieh,1.1,,0.023255813953488372,L2R.L2P,1467
Khaldieh (2001),46,L2R,L2M,1,1,1,1,,Adolescent/Adult,FL,IL,AL,Mixed,2001,Khaldieh,1.1,,0.023255813953488372,L2R.L2M,1468
Khaldieh (2001),46,L2R,L2L,1,1,1,1,,Adolescent/Adult,FL,IL,AL,Mixed,2001,Khaldieh,1.1,,0.023255813953488372,L2R.L2L,1469
Khaldieh (2001),46,L2DA,L2DF,1,1,1,1,,Adolescent/Adult,FL,IL,AL,Mixed,2001,Khaldieh,1.1,,0.023255813953488372,L2DA.L2DF,1470
Khaldieh (2001),46,L2DA,L2V,1,1,1,1,,Adolescent/Adult,FL,IL,AL,Mixed,2001,Khaldieh,1.1,,0.023255813953488372,L2DA.L2V,1471
Khaldieh (2001),46,L2DA,L2G,1,1,1,1,,Adolescent/Adult,FL,IL,AL,Mixed,2001,Khaldieh,1.1,,0.023255813953488372,L2DA.L2G,1472
Khaldieh (2001),46,L2DA,L2P,1,1,1,1,,Adolescent/Adult,FL,IL,AL,Mixed,2001,Khaldieh,1.1,,0.023255813953488372,L2DA.L2P,1473
Khaldieh (2001),46,L2DA,L2M,1,1,1,1,,Adolescent/Adult,FL,IL,AL,Mixed,2001,Khaldieh,1.1,,0.023255813953488372,L2DA.L2M,1474
Khaldieh (2001),46,L2DA,L2L,1,1,1,1,,Adolescent/Adult,FL,IL,AL,Mixed,2001,Khaldieh,1.1,,0.023255813953488372,L2DA.L2L,1475
Khaldieh (2001),46,L2DF,L2V,1,1,1,1,,Adolescent/Adult,FL,IL,AL,Mixed,2001,Khaldieh,1.1,,0.023255813953488372,L2DF.L2V,1476
Khaldieh (2001),46,L2DF,L2G,1,1,1,1,,Adolescent/Adult,FL,IL,AL,Mixed,2001,Khaldieh,1.1,,0.023255813953488372,L2DF.L2G,1477
Khaldieh (2001),46,L2DF,L2P,1,1,1,1,,Adolescent/Adult,FL,IL,AL,Mixed,2001,Khaldieh,1.1,,0.023255813953488372,L2DF.L2P,1478
Khaldieh (2001),46,L2DF,L2M,1,1,1,1,,Adolescent/Adult,FL,IL,AL,Mixed,2001,Khaldieh,1.1,,0.023255813953488372,L2DF.L2M,1479
Khaldieh (2001),46,L2DF,L2L,1,1,1,1,,Adolescent/Adult,FL,IL,AL,Mixed,2001,Khaldieh,1.1,,0.023255813953488372,L2DF.L2L,1480
Khaldieh (2001),46,L2V,L2G,1,1,1,1,0.25,Adolescent/Adult,FL,IL,AL,Mixed,2001,Khaldieh,1.1,0.2554128118829953,0.023255813953488372,L2V.L2G,1481
Khaldieh (2001),46,L2V,L2P,1,1,1,1,,Adolescent/Adult,FL,IL,AL,Mixed,2001,Khaldieh,1.1,,0.023255813953488372,L2V.L2P,1482
Khaldieh (2001),46,L2V,L2M,1,1,1,1,,Adolescent/Adult,FL,IL,AL,Mixed,2001,Khaldieh,1.1,,0.023255813953488372,L2V.L2M,1483
Khaldieh (2001),46,L2V,L2L,1,1,1,1,,Adolescent/Adult,FL,IL,AL,Mixed,2001,Khaldieh,1.1,,0.023255813953488372,L2V.L2L,1484
Khaldieh (2001),46,L2G,L2P,1,1,1,1,,Adolescent/Adult,FL,IL,AL,Mixed,2001,Khaldieh,1.1,,0.023255813953488372,L2G.L2P,1485
Khaldieh (2001),46,L2G,L2M,1,1,1,1,,Adolescent/Adult,FL,IL,AL,Mixed,2001,Khaldieh,1.1,,0.023255813953488372,L2G.L2M,1486
Khaldieh (2001),46,L2G,L2L,1,1,1,1,,Adolescent/Adult,FL,IL,AL,Mixed,2001,Khaldieh,1.1,,0.023255813953488372,L2G.L2L,1487
Khaldieh (2001),46,L2P,L2M,1,1,1,1,,Adolescent/Adult,FL,IL,AL,Mixed,2001,Khaldieh,1.1,,0.023255813953488372,L2P.L2M,1488
Khaldieh (2001),46,L2P,L2L,1,1,1,1,,Adolescent/Adult,FL,IL,AL,Mixed,2001,Khaldieh,1.1,,0.023255813953488372,L2P.L2L,1489
Khaldieh (2001),46,L2M,L2L,1,1,1,1,,Adolescent/Adult,FL,IL,AL,Mixed,2001,Khaldieh,1.1,,0.023255813953488372,L2M.L2L,1490
Kieffer & Lesaux (2008): 4th Grade,87,L2R,L2DA,1,1,1,1,0.38,Young,SL,II,AA,Beyond,2008,Kieffer & Lesaux,1.1,0.40005965005605654,0.011904761904761904,L2R.L2DA,1491
Kieffer & Lesaux (2008): 4th Grade,87,L2R,L2DF,1,1,1,1,0.33,Young,SL,II,AA,Beyond,2008,Kieffer & Lesaux,1.1,0.3428282544153939,0.011904761904761904,L2R.L2DF,1492
Kieffer & Lesaux (2008): 4th Grade,87,L2R,L2V,1,1,1,1,0.53,Young,SL,II,AA,Beyond,2008,Kieffer & Lesaux,1.1,0.5901451598411885,0.011904761904761904,L2R.L2V,1493
Kieffer & Lesaux (2008): 4th Grade,87,L2R,L2G,1,1,1,1,,Young,SL,II,AA,Beyond,2008,Kieffer & Lesaux,1.1,,0.011904761904761904,L2R.L2G,1494
Kieffer & Lesaux (2008): 4th Grade,87,L2R,L2P,1,1,1,1,0.28,Young,SL,II,AA,Beyond,2008,Kieffer & Lesaux,1.1,0.28768207245178096,0.011904761904761904,L2R.L2P,1495
Kieffer & Lesaux (2008): 4th Grade,87,L2R,L2M,1,1,1,1,0.48,Young,SL,II,AA,Beyond,2008,Kieffer & Lesaux,1.1,0.5229842775913438,0.011904761904761904,L2R.L2M,1496
Kieffer & Lesaux (2008): 4th Grade,87,L2R,L2L,1,1,1,1,,Young,SL,II,AA,Beyond,2008,Kieffer & Lesaux,1.1,,0.011904761904761904,L2R.L2L,1497
Kieffer & Lesaux (2008): 4th Grade,87,L2DA,L2DF,1,1,1,1,0.57,Young,SL,II,AA,Beyond,2008,Kieffer & Lesaux,1.1,0.6475228448273728,0.011904761904761904,L2DA.L2DF,1498
Kieffer & Lesaux (2008): 4th Grade,87,L2DA,L2V,1,1,1,1,0.4,Young,SL,II,AA,Beyond,2008,Kieffer & Lesaux,1.1,0.42364893019360184,0.011904761904761904,L2DA.L2V,1499
Kieffer & Lesaux (2008): 4th Grade,87,L2DA,L2G,1,1,1,1,,Young,SL,II,AA,Beyond,2008,Kieffer & Lesaux,1.1,,0.011904761904761904,L2DA.L2G,1500
Kieffer & Lesaux (2008): 4th Grade,87,L2DA,L2P,1,1,1,1,0.28,Young,SL,II,AA,Beyond,2008,Kieffer & Lesaux,1.1,0.28768207245178096,0.011904761904761904,L2DA.L2P,1501
Kieffer & Lesaux (2008): 4th Grade,87,L2DA,L2M,1,1,1,1,0.53,Young,SL,II,AA,Beyond,2008,Kieffer & Lesaux,1.1,0.5901451598411885,0.011904761904761904,L2DA.L2M,1502
Kieffer & Lesaux (2008): 4th Grade,87,L2DA,L2L,1,1,1,1,,Young,SL,II,AA,Beyond,2008,Kieffer & Lesaux,1.1,,0.011904761904761904,L2DA.L2L,1503
Kieffer & Lesaux (2008): 4th Grade,87,L2DF,L2V,1,1,1,1,0.25,Young,SL,II,AA,Beyond,2008,Kieffer & Lesaux,1.1,0.2554128118829953,0.011904761904761904,L2DF.L2V,1504
Kieffer & Lesaux (2008): 4th Grade,87,L2DF,L2G,1,1,1,1,,Young,SL,II,AA,Beyond,2008,Kieffer & Lesaux,1.1,,0.011904761904761904,L2DF.L2G,1505
Kieffer & Lesaux (2008): 4th Grade,87,L2DF,L2P,1,1,1,1,0.26,Young,SL,II,AA,Beyond,2008,Kieffer & Lesaux,1.1,0.2661084068736541,0.011904761904761904,L2DF.L2P,1506
Kieffer & Lesaux (2008): 4th Grade,87,L2DF,L2M,1,1,1,1,0.37,Young,SL,II,AA,Beyond,2008,Kieffer & Lesaux,1.1,0.3884230997182962,0.011904761904761904,L2DF.L2M,1507
Kieffer & Lesaux (2008): 4th Grade,87,L2DF,L2L,1,1,1,1,,Young,SL,II,AA,Beyond,2008,Kieffer & Lesaux,1.1,,0.011904761904761904,L2DF.L2L,1508
Kieffer & Lesaux (2008): 4th Grade,87,L2V,L2G,1,1,1,1,,Young,SL,II,AA,Beyond,2008,Kieffer & Lesaux,1.1,,0.011904761904761904,L2V.L2G,1509
Kieffer & Lesaux (2008): 4th Grade,87,L2V,L2P,1,1,1,1,0.16,Young,SL,II,AA,Beyond,2008,Kieffer & Lesaux,1.1,0.1613866961315255,0.011904761904761904,L2V.L2P,1510
Kieffer & Lesaux (2008): 4th Grade,87,L2V,L2M,1,1,1,1,0.53,Young,SL,II,AA,Beyond,2008,Kieffer & Lesaux,1.1,0.5901451598411885,0.011904761904761904,L2V.L2M,1511
Kieffer & Lesaux (2008): 4th Grade,87,L2V,L2L,1,1,1,1,,Young,SL,II,AA,Beyond,2008,Kieffer & Lesaux,1.1,,0.011904761904761904,L2V.L2L,1512
Kieffer & Lesaux (2008): 4th Grade,87,L2G,L2P,1,1,1,1,,Young,SL,II,AA,Beyond,2008,Kieffer & Lesaux,1.1,,0.011904761904761904,L2G.L2P,1513
Kieffer & Lesaux (2008): 4th Grade,87,L2G,L2M,1,1,1,1,,Young,SL,II,AA,Beyond,2008,Kieffer & Lesaux,1.1,,0.011904761904761904,L2G.L2M,1514
Kieffer & Lesaux (2008): 4th Grade,87,L2G,L2L,1,1,1,1,,Young,SL,II,AA,Beyond,2008,Kieffer & Lesaux,1.1,,0.011904761904761904,L2G.L2L,1515
Kieffer & Lesaux (2008): 4th Grade,87,L2P,L2M,1,1,1,1,0.36,Young,SL,II,AA,Beyond,2008,Kieffer & Lesaux,1.1,0.3768859011881901,0.011904761904761904,L2P.L2M,1516
Kieffer & Lesaux (2008): 4th Grade,87,L2P,L2L,1,1,1,1,,Young,SL,II,AA,Beyond,2008,Kieffer & Lesaux,1.1,,0.011904761904761904,L2P.L2L,1517
Kieffer & Lesaux (2008): 4th Grade,87,L2M,L2L,1,1,1,1,,Young,SL,II,AA,Beyond,2008,Kieffer & Lesaux,1.1,,0.011904761904761904,L2M.L2L,1518
Kieffer & Lesaux (2008): 5th Grade,87,L2R,L2DA,1,2,1,1,0.39,Young,SL,II,AA,Beyond,2008,Kieffer & Lesaux,1.1,0.4118000344786903,0.011904761904761904,L2R.L2DA,1519
Kieffer & Lesaux (2008): 5th Grade,87,L2R,L2DF,1,2,1,1,0.36,Young,SL,II,AA,Beyond,2008,Kieffer & Lesaux,1.1,0.3768859011881901,0.011904761904761904,L2R.L2DF,1520
Kieffer & Lesaux (2008): 5th Grade,87,L2R,L2V,1,2,1,1,0.51,Young,SL,II,AA,Beyond,2008,Kieffer & Lesaux,1.1,0.5627297693521489,0.011904761904761904,L2R.L2V,1521
Kieffer & Lesaux (2008): 5th Grade,87,L2R,L2G,1,2,1,1,,Young,SL,II,AA,Beyond,2008,Kieffer & Lesaux,1.1,,0.011904761904761904,L2R.L2G,1522
Kieffer & Lesaux (2008): 5th Grade,87,L2R,L2P,1,2,1,1,0.33,Young,SL,II,AA,Beyond,2008,Kieffer & Lesaux,1.1,0.3428282544153939,0.011904761904761904,L2R.L2P,1523
Kieffer & Lesaux (2008): 5th Grade,87,L2R,L2M,1,2,1,1,0.58,Young,SL,II,AA,Beyond,2008,Kieffer & Lesaux,1.1,0.6624627073717991,0.011904761904761904,L2R.L2M,1524
Kieffer & Lesaux (2008): 5th Grade,87,L2R,L2L,1,2,1,1,,Young,SL,II,AA,Beyond,2008,Kieffer & Lesaux,1.1,,0.011904761904761904,L2R.L2L,1525
Kieffer & Lesaux (2008): 5th Grade,87,L2DA,L2DF,1,2,1,1,0.45,Young,SL,II,AA,Beyond,2008,Kieffer & Lesaux,1.1,0.48470027859405174,0.011904761904761904,L2DA.L2DF,1526
Kieffer & Lesaux (2008): 5th Grade,87,L2DA,L2V,1,2,1,1,0.35,Young,SL,II,AA,Beyond,2008,Kieffer & Lesaux,1.1,0.3654437542713961,0.011904761904761904,L2DA.L2V,1527
Kieffer & Lesaux (2008): 5th Grade,87,L2DA,L2G,1,2,1,1,,Young,SL,II,AA,Beyond,2008,Kieffer & Lesaux,1.1,,0.011904761904761904,L2DA.L2G,1528
Kieffer & Lesaux (2008): 5th Grade,87,L2DA,L2P,1,2,1,1,0.25,Young,SL,II,AA,Beyond,2008,Kieffer & Lesaux,1.1,0.2554128118829953,0.011904761904761904,L2DA.L2P,1529
Kieffer & Lesaux (2008): 5th Grade,87,L2DA,L2M,1,2,1,1,0.55,Young,SL,II,AA,Beyond,2008,Kieffer & Lesaux,1.1,0.6183813135744636,0.011904761904761904,L2DA.L2M,1530
Kieffer & Lesaux (2008): 5th Grade,87,L2DA,L2L,1,2,1,1,,Young,SL,II,AA,Beyond,2008,Kieffer & Lesaux,1.1,,0.011904761904761904,L2DA.L2L,1531
Kieffer & Lesaux (2008): 5th Grade,87,L2DF,L2V,1,2,1,1,0.25,Young,SL,II,AA,Beyond,2008,Kieffer & Lesaux,1.1,0.2554128118829953,0.011904761904761904,L2DF.L2V,1532
Kieffer & Lesaux (2008): 5th Grade,87,L2DF,L2G,1,2,1,1,,Young,SL,II,AA,Beyond,2008,Kieffer & Lesaux,1.1,,0.011904761904761904,L2DF.L2G,1533
Kieffer & Lesaux (2008): 5th Grade,87,L2DF,L2P,1,2,1,1,0.4,Young,SL,II,AA,Beyond,2008,Kieffer & Lesaux,1.1,0.42364893019360184,0.011904761904761904,L2DF.L2P,1534
Kieffer & Lesaux (2008): 5th Grade,87,L2DF,L2M,1,2,1,1,0.45,Young,SL,II,AA,Beyond,2008,Kieffer & Lesaux,1.1,0.48470027859405174,0.011904761904761904,L2DF.L2M,1535
Kieffer & Lesaux (2008): 5th Grade,87,L2DF,L2L,1,2,1,1,,Young,SL,II,AA,Beyond,2008,Kieffer & Lesaux,1.1,,0.011904761904761904,L2DF.L2L,1536
Kieffer & Lesaux (2008): 5th Grade,87,L2V,L2G,1,2,1,1,,Young,SL,II,AA,Beyond,2008,Kieffer & Lesaux,1.1,,0.011904761904761904,L2V.L2G,1537
Kieffer & Lesaux (2008): 5th Grade,87,L2V,L2P,1,2,1,1,0.18,Young,SL,II,AA,Beyond,2008,Kieffer & Lesaux,1.1,0.1819826886007058,0.011904761904761904,L2V.L2P,1538
Kieffer & Lesaux (2008): 5th Grade,87,L2V,L2M,1,2,1,1,0.46,Young,SL,II,AA,Beyond,2008,Kieffer & Lesaux,1.1,0.497311287572031,0.011904761904761904,L2V.L2M,1539
Kieffer & Lesaux (2008): 5th Grade,87,L2V,L2L,1,2,1,1,,Young,SL,II,AA,Beyond,2008,Kieffer & Lesaux,1.1,,0.011904761904761904,L2V.L2L,1540
Kieffer & Lesaux (2008): 5th Grade,87,L2G,L2P,1,2,1,1,,Young,SL,II,AA,Beyond,2008,Kieffer & Lesaux,1.1,,0.011904761904761904,L2G.L2P,1541
Kieffer & Lesaux (2008): 5th Grade,87,L2G,L2M,1,2,1,1,,Young,SL,II,AA,Beyond,2008,Kieffer & Lesaux,1.1,,0.011904761904761904,L2G.L2M,1542
Kieffer & Lesaux (2008): 5th Grade,87,L2G,L2L,1,2,1,1,,Young,SL,II,AA,Beyond,2008,Kieffer & Lesaux,1.1,,0.011904761904761904,L2G.L2L,1543
Kieffer & Lesaux (2008): 5th Grade,87,L2P,L2M,1,2,1,1,0.36,Young,SL,II,AA,Beyond,2008,Kieffer & Lesaux,1.1,0.3768859011881901,0.011904761904761904,L2P.L2M,1544
Kieffer & Lesaux (2008): 5th Grade,87,L2P,L2L,1,2,1,1,,Young,SL,II,AA,Beyond,2008,Kieffer & Lesaux,1.1,,0.011904761904761904,L2P.L2L,1545
Kieffer & Lesaux (2008): 5th Grade,87,L2M,L2L,1,2,1,1,,Young,SL,II,AA,Beyond,2008,Kieffer & Lesaux,1.1,,0.011904761904761904,L2M.L2L,1546
Kieffer & Vukovic (2013),93,L2R,L2DA,1,1,1,1,0.54,Young,SL,,,Beyond,2013,Kieffer & Vukovic,1.1,0.6041556029622671,0.011111111111111112,L2R.L2DA,1547
Kieffer & Vukovic (2013),93,L2R,L2DF,1,1,1,1,,Young,SL,,,Beyond,2013,Kieffer & Vukovic,1.1,,0.011111111111111112,L2R.L2DF,1548
Kieffer & Vukovic (2013),93,L2R,L2V,1,1,1,1,0.41,Young,SL,,,Beyond,2013,Kieffer & Vukovic,1.1,0.43561122323622437,0.011111111111111112,L2R.L2V,1549
Kieffer & Vukovic (2013),93,L2R,L2G,1,1,1,1,,Young,SL,,,Beyond,2013,Kieffer & Vukovic,1.1,,0.011111111111111112,L2R.L2G,1550
Kieffer & Vukovic (2013),93,L2R,L2P,1,1,1,1,0.32,Young,SL,,,Beyond,2013,Kieffer & Vukovic,1.1,0.33164710870513214,0.011111111111111112,L2R.L2P,1551
Kieffer & Vukovic (2013),93,L2R,L2M,1,1,1,1,,Young,SL,,,Beyond,2013,Kieffer & Vukovic,1.1,,0.011111111111111112,L2R.L2M,1552
Kieffer & Vukovic (2013),93,L2R,L2L,1,1,1,1,0.35,Young,SL,,,Beyond,2013,Kieffer & Vukovic,1.1,0.3654437542713961,0.011111111111111112,L2R.L2L,1553
Kieffer & Vukovic (2013),93,L2DA,L2DF,1,1,1,1,,Young,SL,,,Beyond,2013,Kieffer & Vukovic,1.1,,0.011111111111111112,L2DA.L2DF,1554
Kieffer & Vukovic (2013),93,L2DA,L2V,1,1,1,1,0.57,Young,SL,,,Beyond,2013,Kieffer & Vukovic,1.1,0.6475228448273728,0.011111111111111112,L2DA.L2V,1555
Kieffer & Vukovic (2013),93,L2DA,L2G,1,1,1,1,,Young,SL,,,Beyond,2013,Kieffer & Vukovic,1.1,,0.011111111111111112,L2DA.L2G,1556
Kieffer & Vukovic (2013),93,L2DA,L2P,1,1,1,1,0.5,Young,SL,,,Beyond,2013,Kieffer & Vukovic,1.1,0.5493061443340549,0.011111111111111112,L2DA.L2P,1557
Kieffer & Vukovic (2013),93,L2DA,L2M,1,1,1,1,,Young,SL,,,Beyond,2013,Kieffer & Vukovic,1.1,,0.011111111111111112,L2DA.L2M,1558
Kieffer & Vukovic (2013),93,L2DA,L2L,1,1,1,1,0.29,Young,SL,,,Beyond,2013,Kieffer & Vukovic,1.1,0.29856626366017835,0.011111111111111112,L2DA.L2L,1559
Kieffer & Vukovic (2013),93,L2DF,L2V,1,1,1,1,,Young,SL,,,Beyond,2013,Kieffer & Vukovic,1.1,,0.011111111111111112,L2DF.L2V,1560
Kieffer & Vukovic (2013),93,L2DF,L2G,1,1,1,1,,Young,SL,,,Beyond,2013,Kieffer & Vukovic,1.1,,0.011111111111111112,L2DF.L2G,1561
Kieffer & Vukovic (2013),93,L2DF,L2P,1,1,1,1,,Young,SL,,,Beyond,2013,Kieffer & Vukovic,1.1,,0.011111111111111112,L2DF.L2P,1562
Kieffer & Vukovic (2013),93,L2DF,L2M,1,1,1,1,,Young,SL,,,Beyond,2013,Kieffer & Vukovic,1.1,,0.011111111111111112,L2DF.L2M,1563
Kieffer & Vukovic (2013),93,L2DF,L2L,1,1,1,1,,Young,SL,,,Beyond,2013,Kieffer & Vukovic,1.1,,0.011111111111111112,L2DF.L2L,1564
Kieffer & Vukovic (2013),93,L2V,L2G,1,1,1,1,,Young,SL,,,Beyond,2013,Kieffer & Vukovic,1.1,,0.011111111111111112,L2V.L2G,1565
Kieffer & Vukovic (2013),93,L2V,L2P,1,1,1,1,0.41,Young,SL,,,Beyond,2013,Kieffer & Vukovic,1.1,0.43561122323622437,0.011111111111111112,L2V.L2P,1566
Kieffer & Vukovic (2013),93,L2V,L2M,1,1,1,1,,Young,SL,,,Beyond,2013,Kieffer & Vukovic,1.1,,0.011111111111111112,L2V.L2M,1567
Kieffer & Vukovic (2013),93,L2V,L2L,1,1,1,1,0.68,Young,SL,,,Beyond,2013,Kieffer & Vukovic,1.1,0.8291140383017662,0.011111111111111112,L2V.L2L,1568
Kieffer & Vukovic (2013),93,L2G,L2P,1,1,1,1,,Young,SL,,,Beyond,2013,Kieffer & Vukovic,1.1,,0.011111111111111112,L2G.L2P,1569
Kieffer & Vukovic (2013),93,L2G,L2M,1,1,1,1,,Young,SL,,,Beyond,2013,Kieffer & Vukovic,1.1,,0.011111111111111112,L2G.L2M,1570
Kieffer & Vukovic (2013),93,L2G,L2L,1,1,1,1,,Young,SL,,,Beyond,2013,Kieffer & Vukovic,1.1,,0.011111111111111112,L2G.L2L,1571
Kieffer & Vukovic (2013),93,L2P,L2M,1,1,1,1,,Young,SL,,,Beyond,2013,Kieffer & Vukovic,1.1,,0.011111111111111112,L2P.L2M,1572
Kieffer & Vukovic (2013),93,L2P,L2L,1,1,1,1,0.24,Young,SL,,,Beyond,2013,Kieffer & Vukovic,1.1,0.2447741126593529,0.011111111111111112,L2P.L2L,1573
Kieffer & Vukovic (2013),93,L2M,L2L,1,1,1,1,,Young,SL,,,Beyond,2013,Kieffer & Vukovic,1.1,,0.011111111111111112,L2M.L2L,1574
Kim (2012),150,L2R,L2R,1,1,1,2,0.68,Young,SL,II,AA,Basic,2012,Kim,1.2,0.8291140383017662,0.006802721088435374,L2R.L2R,1575
Kim (2012),150,L2R,L2DA,1,1,1,1,,Young,SL,II,AA,Basic,2012,Kim,1.1,,0.006802721088435374,L2R.L2DA,1576
Kim (2012),150,L2R,L2DA,1,1,2,1,,Young,SL,II,AA,Basic,2012,Kim,2.1,,0.006802721088435374,L2R.L2DA,1577
Kim (2012),150,L2R,L2DF,1,1,1,1,,Young,SL,II,AA,Basic,2012,Kim,1.1,,0.006802721088435374,L2R.L2DF,1578
Kim (2012),150,L2R,L2DF,1,1,2,1,,Young,SL,II,AA,Basic,2012,Kim,2.1,,0.006802721088435374,L2R.L2DF,1579
Kim (2012),150,L2R,L2V,1,1,1,1,0.49,Young,SL,II,AA,Basic,2012,Kim,1.1,0.5360603366105666,0.006802721088435374,L2R.L2V,1580
Kim (2012),150,L2R,L2V,1,1,1,2,0.45,Young,SL,II,AA,Basic,2012,Kim,1.2,0.48470027859405174,0.006802721088435374,L2R.L2V,1581
Kim (2012),150,L2R,L2V,1,1,2,1,0.38,Young,SL,II,AA,Basic,2012,Kim,2.1,0.40005965005605654,0.006802721088435374,L2R.L2V,1582
Kim (2012),150,L2R,L2V,1,1,2,2,0.37,Young,SL,II,AA,Basic,2012,Kim,2.2,0.3884230997182962,0.006802721088435374,L2R.L2V,1583
Kim (2012),150,L2R,L2G,1,1,1,1,,Young,SL,II,AA,Basic,2012,Kim,1.1,,0.006802721088435374,L2R.L2G,1584
Kim (2012),150,L2R,L2G,1,1,2,1,,Young,SL,II,AA,Basic,2012,Kim,2.1,,0.006802721088435374,L2R.L2G,1585
Kim (2012),150,L2R,L2P,1,1,1,1,,Young,SL,II,AA,Basic,2012,Kim,1.1,,0.006802721088435374,L2R.L2P,1586
Kim (2012),150,L2R,L2P,1,1,2,1,,Young,SL,II,AA,Basic,2012,Kim,2.1,,0.006802721088435374,L2R.L2P,1587
Kim (2012),150,L2R,L2M,1,1,1,1,,Young,SL,II,AA,Basic,2012,Kim,1.1,,0.006802721088435374,L2R.L2M,1588
Kim (2012),150,L2R,L2M,1,1,2,1,,Young,SL,II,AA,Basic,2012,Kim,2.1,,0.006802721088435374,L2R.L2M,1589
Kim (2012),150,L2R,L2L,1,1,1,1,,Young,SL,II,AA,Basic,2012,Kim,1.1,,0.006802721088435374,L2R.L2L,1590
Kim (2012),150,L2R,L2L,1,1,2,1,,Young,SL,II,AA,Basic,2012,Kim,2.1,,0.006802721088435374,L2R.L2L,1591
Kim (2012),150,L2DA,L2DF,1,1,1,1,,Young,SL,II,AA,Basic,2012,Kim,1.1,,0.006802721088435374,L2DA.L2DF,1592
Kim (2012),150,L2DA,L2V,1,1,1,1,,Young,SL,II,AA,Basic,2012,Kim,1.1,,0.006802721088435374,L2DA.L2V,1593
Kim (2012),150,L2DA,L2V,1,1,1,1,,Young,SL,II,AA,Basic,2012,Kim,1.1,,0.006802721088435374,L2DA.L2V,1594
Kim (2012),150,L2DA,L2G,1,1,1,1,,Young,SL,II,AA,Basic,2012,Kim,1.1,,0.006802721088435374,L2DA.L2G,1595
Kim (2012),150,L2DA,L2P,1,1,1,1,,Young,SL,II,AA,Basic,2012,Kim,1.1,,0.006802721088435374,L2DA.L2P,1596
Kim (2012),150,L2DA,L2M,1,1,1,1,,Young,SL,II,AA,Basic,2012,Kim,1.1,,0.006802721088435374,L2DA.L2M,1597
Kim (2012),150,L2DA,L2L,1,1,1,1,,Young,SL,II,AA,Basic,2012,Kim,1.1,,0.006802721088435374,L2DA.L2L,1598
Kim (2012),150,L2DF,L2V,1,1,1,1,,Young,SL,II,AA,Basic,2012,Kim,1.1,,0.006802721088435374,L2DF.L2V,1599
Kim (2012),150,L2DF,L2V,1,1,1,1,,Young,SL,II,AA,Basic,2012,Kim,1.1,,0.006802721088435374,L2DF.L2V,1600
Kim (2012),150,L2DF,L2G,1,1,1,1,,Young,SL,II,AA,Basic,2012,Kim,1.1,,0.006802721088435374,L2DF.L2G,1601
Kim (2012),150,L2DF,L2P,1,1,1,1,,Young,SL,II,AA,Basic,2012,Kim,1.1,,0.006802721088435374,L2DF.L2P,1602
Kim (2012),150,L2DF,L2M,1,1,1,1,,Young,SL,II,AA,Basic,2012,Kim,1.1,,0.006802721088435374,L2DF.L2M,1603
Kim (2012),150,L2DF,L2L,1,1,1,1,,Young,SL,II,AA,Basic,2012,Kim,1.1,,0.006802721088435374,L2DF.L2L,1604
Kim (2012),150,L2V,L2V,1,1,1,2,0.59,Young,SL,II,AA,Basic,2012,Kim,1.2,0.6776660677579618,0.006802721088435374,L2V.L2V,1605
Kim (2012),150,L2V,L2G,1,1,1,1,,Young,SL,II,AA,Basic,2012,Kim,1.1,,0.006802721088435374,L2V.L2G,1606
Kim (2012),150,L2V,L2G,1,1,2,1,,Young,SL,II,AA,Basic,2012,Kim,2.1,,0.006802721088435374,L2V.L2G,1607
Kim (2012),150,L2V,L2P,1,1,1,1,,Young,SL,II,AA,Basic,2012,Kim,1.1,,0.006802721088435374,L2V.L2P,1608
Kim (2012),150,L2V,L2P,1,1,2,1,,Young,SL,II,AA,Basic,2012,Kim,2.1,,0.006802721088435374,L2V.L2P,1609
Kim (2012),150,L2V,L2M,1,1,1,1,,Young,SL,II,AA,Basic,2012,Kim,1.1,,0.006802721088435374,L2V.L2M,1610
Kim (2012),150,L2V,L2M,1,1,2,1,,Young,SL,II,AA,Basic,2012,Kim,2.1,,0.006802721088435374,L2V.L2M,1611
Kim (2012),150,L2V,L2L,1,1,1,1,,Young,SL,II,AA,Basic,2012,Kim,1.1,,0.006802721088435374,L2V.L2L,1612
Kim (2012),150,L2V,L2L,1,1,2,1,,Young,SL,II,AA,Basic,2012,Kim,2.1,,0.006802721088435374,L2V.L2L,1613
Kim (2012),150,L2G,L2P,1,1,1,1,,Young,SL,II,AA,Basic,2012,Kim,1.1,,0.006802721088435374,L2G.L2P,1614
Kim (2012),150,L2G,L2M,1,1,1,1,,Young,SL,II,AA,Basic,2012,Kim,1.1,,0.006802721088435374,L2G.L2M,1615
Kim (2012),150,L2G,L2L,1,1,1,1,,Young,SL,II,AA,Basic,2012,Kim,1.1,,0.006802721088435374,L2G.L2L,1616
Kim (2012),150,L2P,L2M,1,1,1,1,,Young,SL,II,AA,Basic,2012,Kim,1.1,,0.006802721088435374,L2P.L2M,1617
Kim (2012),150,L2P,L2L,1,1,1,1,,Young,SL,II,AA,Basic,2012,Kim,1.1,,0.006802721088435374,L2P.L2L,1618
Kim (2012),150,L2M,L2L,1,1,1,1,,Young,SL,II,AA,Basic,2012,Kim,1.1,,0.006802721088435374,L2M.L2L,1619
Koda (1992),58,L2R,L2DA,1,1,1,1,,Adolescent/Adult,FL,IL,,Basic,1992,Koda,1.1,,0.01818181818181818,L2R.L2DA,1620
Koda (1992),58,L2R,L2DF,1,1,1,1,,Adolescent/Adult,FL,IL,,Basic,1992,Koda,1.1,,0.01818181818181818,L2R.L2DF,1621
Koda (1992),58,L2R,L2V,1,1,1,1,0.48,Adolescent/Adult,FL,IL,,Basic,1992,Koda,1.1,0.5229842775913438,0.01818181818181818,L2R.L2V,1622
Koda (1992),58,L2R,L2G,1,1,1,1,,Adolescent/Adult,FL,IL,,Basic,1992,Koda,1.1,,0.01818181818181818,L2R.L2G,1623
Koda (1992),58,L2R,L2P,1,1,1,1,,Adolescent/Adult,FL,IL,,Basic,1992,Koda,1.1,,0.01818181818181818,L2R.L2P,1624
Koda (1992),58,L2R,L2M,1,1,1,1,,Adolescent/Adult,FL,IL,,Basic,1992,Koda,1.1,,0.01818181818181818,L2R.L2M,1625
Koda (1992),58,L2R,L2L,1,1,1,1,,Adolescent/Adult,FL,IL,,Basic,1992,Koda,1.1,,0.01818181818181818,L2R.L2L,1626
Koda (1992),58,L2DA,L2DF,1,1,1,1,,Adolescent/Adult,FL,IL,,Basic,1992,Koda,1.1,,0.01818181818181818,L2DA.L2DF,1627
Koda (1992),58,L2DA,L2V,1,1,1,1,,Adolescent/Adult,FL,IL,,Basic,1992,Koda,1.1,,0.01818181818181818,L2DA.L2V,1628
Koda (1992),58,L2DA,L2G,1,1,1,1,,Adolescent/Adult,FL,IL,,Basic,1992,Koda,1.1,,0.01818181818181818,L2DA.L2G,1629
Koda (1992),58,L2DA,L2P,1,1,1,1,,Adolescent/Adult,FL,IL,,Basic,1992,Koda,1.1,,0.01818181818181818,L2DA.L2P,1630
Koda (1992),58,L2DA,L2M,1,1,1,1,,Adolescent/Adult,FL,IL,,Basic,1992,Koda,1.1,,0.01818181818181818,L2DA.L2M,1631
Koda (1992),58,L2DA,L2L,1,1,1,1,,Adolescent/Adult,FL,IL,,Basic,1992,Koda,1.1,,0.01818181818181818,L2DA.L2L,1632
Koda (1992),58,L2DF,L2V,1,1,1,1,,Adolescent/Adult,FL,IL,,Basic,1992,Koda,1.1,,0.01818181818181818,L2DF.L2V,1633
Koda (1992),58,L2DF,L2G,1,1,1,1,,Adolescent/Adult,FL,IL,,Basic,1992,Koda,1.1,,0.01818181818181818,L2DF.L2G,1634
Koda (1992),58,L2DF,L2P,1,1,1,1,,Adolescent/Adult,FL,IL,,Basic,1992,Koda,1.1,,0.01818181818181818,L2DF.L2P,1635
Koda (1992),58,L2DF,L2M,1,1,1,1,,Adolescent/Adult,FL,IL,,Basic,1992,Koda,1.1,,0.01818181818181818,L2DF.L2M,1636
Koda (1992),58,L2DF,L2L,1,1,1,1,,Adolescent/Adult,FL,IL,,Basic,1992,Koda,1.1,,0.01818181818181818,L2DF.L2L,1637
Koda (1992),58,L2V,L2G,1,1,1,1,,Adolescent/Adult,FL,IL,,Basic,1992,Koda,1.1,,0.01818181818181818,L2V.L2G,1638
Koda (1992),58,L2V,L2P,1,1,1,1,,Adolescent/Adult,FL,IL,,Basic,1992,Koda,1.1,,0.01818181818181818,L2V.L2P,1639
Koda (1992),58,L2V,L2M,1,1,1,1,,Adolescent/Adult,FL,IL,,Basic,1992,Koda,1.1,,0.01818181818181818,L2V.L2M,1640
Koda (1992),58,L2V,L2L,1,1,1,1,,Adolescent/Adult,FL,IL,,Basic,1992,Koda,1.1,,0.01818181818181818,L2V.L2L,1641
Koda (1992),58,L2G,L2P,1,1,1,1,,Adolescent/Adult,FL,IL,,Basic,1992,Koda,1.1,,0.01818181818181818,L2G.L2P,1642
Koda (1992),58,L2G,L2M,1,1,1,1,,Adolescent/Adult,FL,IL,,Basic,1992,Koda,1.1,,0.01818181818181818,L2G.L2M,1643
Koda (1992),58,L2G,L2L,1,1,1,1,,Adolescent/Adult,FL,IL,,Basic,1992,Koda,1.1,,0.01818181818181818,L2G.L2L,1644
Koda (1992),58,L2P,L2M,1,1,1,1,,Adolescent/Adult,FL,IL,,Basic,1992,Koda,1.1,,0.01818181818181818,L2P.L2M,1645
Koda (1992),58,L2P,L2L,1,1,1,1,,Adolescent/Adult,FL,IL,,Basic,1992,Koda,1.1,,0.01818181818181818,L2P.L2L,1646
Koda (1992),58,L2M,L2L,1,1,1,1,,Adolescent/Adult,FL,IL,,Basic,1992,Koda,1.1,,0.01818181818181818,L2M.L2L,1647
Koda (1992),58,L2R,L2DA,1,2,1,1,,Adolescent/Adult,FL,IL,,Basic,1992,Koda,1.1,,0.01818181818181818,L2R.L2DA,1648
Koda (1992),58,L2R,L2DF,1,2,1,1,,Adolescent/Adult,FL,IL,,Basic,1992,Koda,1.1,,0.01818181818181818,L2R.L2DF,1649
Koda (1992),58,L2R,L2V,1,2,1,1,0.47,Adolescent/Adult,FL,IL,,Basic,1992,Koda,1.1,0.5100703366133073,0.01818181818181818,L2R.L2V,1650
Koda (1992),58,L2R,L2G,1,2,1,1,,Adolescent/Adult,FL,IL,,Basic,1992,Koda,1.1,,0.01818181818181818,L2R.L2G,1651
Koda (1992),58,L2R,L2P,1,2,1,1,,Adolescent/Adult,FL,IL,,Basic,1992,Koda,1.1,,0.01818181818181818,L2R.L2P,1652
Koda (1992),58,L2R,L2M,1,2,1,1,,Adolescent/Adult,FL,IL,,Basic,1992,Koda,1.1,,0.01818181818181818,L2R.L2M,1653
Koda (1992),58,L2R,L2L,1,2,1,1,,Adolescent/Adult,FL,IL,,Basic,1992,Koda,1.1,,0.01818181818181818,L2R.L2L,1654
Koda (1992),58,L2DA,L2DF,1,2,1,1,,Adolescent/Adult,FL,IL,,Basic,1992,Koda,1.1,,0.01818181818181818,L2DA.L2DF,1655
Koda (1992),58,L2DA,L2V,1,2,1,1,,Adolescent/Adult,FL,IL,,Basic,1992,Koda,1.1,,0.01818181818181818,L2DA.L2V,1656
Koda (1992),58,L2DA,L2G,1,2,1,1,,Adolescent/Adult,FL,IL,,Basic,1992,Koda,1.1,,0.01818181818181818,L2DA.L2G,1657
Koda (1992),58,L2DA,L2P,1,2,1,1,,Adolescent/Adult,FL,IL,,Basic,1992,Koda,1.1,,0.01818181818181818,L2DA.L2P,1658
Koda (1992),58,L2DA,L2M,1,2,1,1,,Adolescent/Adult,FL,IL,,Basic,1992,Koda,1.1,,0.01818181818181818,L2DA.L2M,1659
Koda (1992),58,L2DA,L2L,1,2,1,1,,Adolescent/Adult,FL,IL,,Basic,1992,Koda,1.1,,0.01818181818181818,L2DA.L2L,1660
Koda (1992),58,L2DF,L2V,1,2,1,1,,Adolescent/Adult,FL,IL,,Basic,1992,Koda,1.1,,0.01818181818181818,L2DF.L2V,1661
Koda (1992),58,L2DF,L2G,1,2,1,1,,Adolescent/Adult,FL,IL,,Basic,1992,Koda,1.1,,0.01818181818181818,L2DF.L2G,1662
Koda (1992),58,L2DF,L2P,1,2,1,1,,Adolescent/Adult,FL,IL,,Basic,1992,Koda,1.1,,0.01818181818181818,L2DF.L2P,1663
Koda (1992),58,L2DF,L2M,1,2,1,1,,Adolescent/Adult,FL,IL,,Basic,1992,Koda,1.1,,0.01818181818181818,L2DF.L2M,1664
Koda (1992),58,L2DF,L2L,1,2,1,1,,Adolescent/Adult,FL,IL,,Basic,1992,Koda,1.1,,0.01818181818181818,L2DF.L2L,1665
Koda (1992),58,L2V,L2G,1,2,1,1,,Adolescent/Adult,FL,IL,,Basic,1992,Koda,1.1,,0.01818181818181818,L2V.L2G,1666
Koda (1992),58,L2V,L2P,1,2,1,1,,Adolescent/Adult,FL,IL,,Basic,1992,Koda,1.1,,0.01818181818181818,L2V.L2P,1667
Koda (1992),58,L2V,L2M,1,2,1,1,,Adolescent/Adult,FL,IL,,Basic,1992,Koda,1.1,,0.01818181818181818,L2V.L2M,1668
Koda (1992),58,L2V,L2L,1,2,1,1,,Adolescent/Adult,FL,IL,,Basic,1992,Koda,1.1,,0.01818181818181818,L2V.L2L,1669
Koda (1992),58,L2G,L2P,1,2,1,1,,Adolescent/Adult,FL,IL,,Basic,1992,Koda,1.1,,0.01818181818181818,L2G.L2P,1670
Koda (1992),58,L2G,L2M,1,2,1,1,,Adolescent/Adult,FL,IL,,Basic,1992,Koda,1.1,,0.01818181818181818,L2G.L2M,1671
Koda (1992),58,L2G,L2L,1,2,1,1,,Adolescent/Adult,FL,IL,,Basic,1992,Koda,1.1,,0.01818181818181818,L2G.L2L,1672
Koda (1992),58,L2P,L2M,1,2,1,1,,Adolescent/Adult,FL,IL,,Basic,1992,Koda,1.1,,0.01818181818181818,L2P.L2M,1673
Koda (1992),58,L2P,L2L,1,2,1,1,,Adolescent/Adult,FL,IL,,Basic,1992,Koda,1.1,,0.01818181818181818,L2P.L2L,1674
Koda (1992),58,L2M,L2L,1,2,1,1,,Adolescent/Adult,FL,IL,,Basic,1992,Koda,1.1,,0.01818181818181818,L2M.L2L,1675
Koda (1998): Chinese,20,L2R,L2DA,1,1,1,1,0.33,Adolescent/Adult,SL,IL,AL,Beyond,1998,Koda,1.1,0.3428282544153939,0.058823529411764705,L2R.L2DA,1676
Koda (1998): Chinese,20,L2R,L2DF,1,1,1,1,,Adolescent/Adult,SL,IL,AL,Beyond,1998,Koda,1.1,,0.058823529411764705,L2R.L2DF,1677
Koda (1998): Chinese,20,L2R,L2V,1,1,1,1,,Adolescent/Adult,SL,IL,AL,Beyond,1998,Koda,1.1,,0.058823529411764705,L2R.L2V,1678
Koda (1998): Chinese,20,L2R,L2G,1,1,1,1,,Adolescent/Adult,SL,IL,AL,Beyond,1998,Koda,1.1,,0.058823529411764705,L2R.L2G,1679
Koda (1998): Chinese,20,L2R,L2P,1,1,1,1,0.38,Adolescent/Adult,SL,IL,AL,Beyond,1998,Koda,1.1,0.40005965005605654,0.058823529411764705,L2R.L2P,1680
Koda (1998): Chinese,20,L2R,L2M,1,1,1,1,,Adolescent/Adult,SL,IL,AL,Beyond,1998,Koda,1.1,,0.058823529411764705,L2R.L2M,1681
Koda (1998): Chinese,20,L2R,L2L,1,1,1,1,,Adolescent/Adult,SL,IL,AL,Beyond,1998,Koda,1.1,,0.058823529411764705,L2R.L2L,1682
Koda (1998): Chinese,20,L2DA,L2DF,1,1,1,1,,Adolescent/Adult,SL,IL,AL,Beyond,1998,Koda,1.1,,0.058823529411764705,L2DA.L2DF,1683
Koda (1998): Chinese,20,L2DA,L2V,1,1,1,1,,Adolescent/Adult,SL,IL,AL,Beyond,1998,Koda,1.1,,0.058823529411764705,L2DA.L2V,1684
Koda (1998): Chinese,20,L2DA,L2G,1,1,1,1,,Adolescent/Adult,SL,IL,AL,Beyond,1998,Koda,1.1,,0.058823529411764705,L2DA.L2G,1685
Koda (1998): Chinese,20,L2DA,L2P,1,1,1,1,0.71,Adolescent/Adult,SL,IL,AL,Beyond,1998,Koda,1.1,0.8871838632580928,0.058823529411764705,L2DA.L2P,1686
Koda (1998): Chinese,20,L2DA,L2M,1,1,1,1,,Adolescent/Adult,SL,IL,AL,Beyond,1998,Koda,1.1,,0.058823529411764705,L2DA.L2M,1687
Koda (1998): Chinese,20,L2DA,L2L,1,1,1,1,,Adolescent/Adult,SL,IL,AL,Beyond,1998,Koda,1.1,,0.058823529411764705,L2DA.L2L,1688
Koda (1998): Chinese,20,L2DF,L2V,1,1,1,1,,Adolescent/Adult,SL,IL,AL,Beyond,1998,Koda,1.1,,0.058823529411764705,L2DF.L2V,1689
Koda (1998): Chinese,20,L2DF,L2G,1,1,1,1,,Adolescent/Adult,SL,IL,AL,Beyond,1998,Koda,1.1,,0.058823529411764705,L2DF.L2G,1690
Koda (1998): Chinese,20,L2DF,L2P,1,1,1,1,,Adolescent/Adult,SL,IL,AL,Beyond,1998,Koda,1.1,,0.058823529411764705,L2DF.L2P,1691
Koda (1998): Chinese,20,L2DF,L2M,1,1,1,1,,Adolescent/Adult,SL,IL,AL,Beyond,1998,Koda,1.1,,0.058823529411764705,L2DF.L2M,1692
Koda (1998): Chinese,20,L2DF,L2L,1,1,1,1,,Adolescent/Adult,SL,IL,AL,Beyond,1998,Koda,1.1,,0.058823529411764705,L2DF.L2L,1693
Koda (1998): Chinese,20,L2V,L2G,1,1,1,1,,Adolescent/Adult,SL,IL,AL,Beyond,1998,Koda,1.1,,0.058823529411764705,L2V.L2G,1694
Koda (1998): Chinese,20,L2V,L2P,1,1,1,1,,Adolescent/Adult,SL,IL,AL,Beyond,1998,Koda,1.1,,0.058823529411764705,L2V.L2P,1695
Koda (1998): Chinese,20,L2V,L2M,1,1,1,1,,Adolescent/Adult,SL,IL,AL,Beyond,1998,Koda,1.1,,0.058823529411764705,L2V.L2M,1696
Koda (1998): Chinese,20,L2V,L2L,1,1,1,1,,Adolescent/Adult,SL,IL,AL,Beyond,1998,Koda,1.1,,0.058823529411764705,L2V.L2L,1697
Koda (1998): Chinese,20,L2G,L2P,1,1,1,1,,Adolescent/Adult,SL,IL,AL,Beyond,1998,Koda,1.1,,0.058823529411764705,L2G.L2P,1698
Koda (1998): Chinese,20,L2G,L2M,1,1,1,1,,Adolescent/Adult,SL,IL,AL,Beyond,1998,Koda,1.1,,0.058823529411764705,L2G.L2M,1699
Koda (1998): Chinese,20,L2G,L2L,1,1,1,1,,Adolescent/Adult,SL,IL,AL,Beyond,1998,Koda,1.1,,0.058823529411764705,L2G.L2L,1700
Koda (1998): Chinese,20,L2P,L2M,1,1,1,1,,Adolescent/Adult,SL,IL,AL,Beyond,1998,Koda,1.1,,0.058823529411764705,L2P.L2M,1701
Koda (1998): Chinese,20,L2P,L2L,1,1,1,1,,Adolescent/Adult,SL,IL,AL,Beyond,1998,Koda,1.1,,0.058823529411764705,L2P.L2L,1702
Koda (1998): Chinese,20,L2M,L2L,1,1,1,1,,Adolescent/Adult,SL,IL,AL,Beyond,1998,Koda,1.1,,0.058823529411764705,L2M.L2L,1703
Koda (1998): Korean,20,L2R,L2DA,2,1,1,1,0.68,Adolescent/Adult,SL,IL,AM,Beyond,1998,Koda,1.1,0.8291140383017662,0.058823529411764705,L2R.L2DA,1704
Koda (1998): Korean,20,L2R,L2DF,2,1,1,1,,Adolescent/Adult,SL,IL,AM,Beyond,1998,Koda,1.1,,0.058823529411764705,L2R.L2DF,1705
Koda (1998): Korean,20,L2R,L2V,2,1,1,1,,Adolescent/Adult,SL,IL,AM,Beyond,1998,Koda,1.1,,0.058823529411764705,L2R.L2V,1706
Koda (1998): Korean,20,L2R,L2G,2,1,1,1,,Adolescent/Adult,SL,IL,AM,Beyond,1998,Koda,1.1,,0.058823529411764705,L2R.L2G,1707
Koda (1998): Korean,20,L2R,L2P,2,1,1,1,0.51,Adolescent/Adult,SL,IL,AM,Beyond,1998,Koda,1.1,0.5627297693521489,0.058823529411764705,L2R.L2P,1708
Koda (1998): Korean,20,L2R,L2M,2,1,1,1,,Adolescent/Adult,SL,IL,AM,Beyond,1998,Koda,1.1,,0.058823529411764705,L2R.L2M,1709
Koda (1998): Korean,20,L2R,L2L,2,1,1,1,,Adolescent/Adult,SL,IL,AM,Beyond,1998,Koda,1.1,,0.058823529411764705,L2R.L2L,1710
Koda (1998): Korean,20,L2DA,L2DF,2,1,1,1,,Adolescent/Adult,SL,IL,AM,Beyond,1998,Koda,1.1,,0.058823529411764705,L2DA.L2DF,1711
Koda (1998): Korean,20,L2DA,L2V,2,1,1,1,,Adolescent/Adult,SL,IL,AM,Beyond,1998,Koda,1.1,,0.058823529411764705,L2DA.L2V,1712
Koda (1998): Korean,20,L2DA,L2G,2,1,1,1,,Adolescent/Adult,SL,IL,AM,Beyond,1998,Koda,1.1,,0.058823529411764705,L2DA.L2G,1713
Koda (1998): Korean,20,L2DA,L2P,2,1,1,1,0.47,Adolescent/Adult,SL,IL,AM,Beyond,1998,Koda,1.1,0.5100703366133073,0.058823529411764705,L2DA.L2P,1714
Koda (1998): Korean,20,L2DA,L2M,2,1,1,1,,Adolescent/Adult,SL,IL,AM,Beyond,1998,Koda,1.1,,0.058823529411764705,L2DA.L2M,1715
Koda (1998): Korean,20,L2DA,L2L,2,1,1,1,,Adolescent/Adult,SL,IL,AM,Beyond,1998,Koda,1.1,,0.058823529411764705,L2DA.L2L,1716
Koda (1998): Korean,20,L2DF,L2V,2,1,1,1,,Adolescent/Adult,SL,IL,AM,Beyond,1998,Koda,1.1,,0.058823529411764705,L2DF.L2V,1717
Koda (1998): Korean,20,L2DF,L2G,2,1,1,1,,Adolescent/Adult,SL,IL,AM,Beyond,1998,Koda,1.1,,0.058823529411764705,L2DF.L2G,1718
Koda (1998): Korean,20,L2DF,L2P,2,1,1,1,,Adolescent/Adult,SL,IL,AM,Beyond,1998,Koda,1.1,,0.058823529411764705,L2DF.L2P,1719
Koda (1998): Korean,20,L2DF,L2M,2,1,1,1,,Adolescent/Adult,SL,IL,AM,Beyond,1998,Koda,1.1,,0.058823529411764705,L2DF.L2M,1720
Koda (1998): Korean,20,L2DF,L2L,2,1,1,1,,Adolescent/Adult,SL,IL,AM,Beyond,1998,Koda,1.1,,0.058823529411764705,L2DF.L2L,1721
Koda (1998): Korean,20,L2V,L2G,2,1,1,1,,Adolescent/Adult,SL,IL,AM,Beyond,1998,Koda,1.1,,0.058823529411764705,L2V.L2G,1722
Koda (1998): Korean,20,L2V,L2P,2,1,1,1,,Adolescent/Adult,SL,IL,AM,Beyond,1998,Koda,1.1,,0.058823529411764705,L2V.L2P,1723
Koda (1998): Korean,20,L2V,L2M,2,1,1,1,,Adolescent/Adult,SL,IL,AM,Beyond,1998,Koda,1.1,,0.058823529411764705,L2V.L2M,1724
Koda (1998): Korean,20,L2V,L2L,2,1,1,1,,Adolescent/Adult,SL,IL,AM,Beyond,1998,Koda,1.1,,0.058823529411764705,L2V.L2L,1725
Koda (1998): Korean,20,L2G,L2P,2,1,1,1,,Adolescent/Adult,SL,IL,AM,Beyond,1998,Koda,1.1,,0.058823529411764705,L2G.L2P,1726
Koda (1998): Korean,20,L2G,L2M,2,1,1,1,,Adolescent/Adult,SL,IL,AM,Beyond,1998,Koda,1.1,,0.058823529411764705,L2G.L2M,1727
Koda (1998): Korean,20,L2G,L2L,2,1,1,1,,Adolescent/Adult,SL,IL,AM,Beyond,1998,Koda,1.1,,0.058823529411764705,L2G.L2L,1728
Koda (1998): Korean,20,L2P,L2M,2,1,1,1,,Adolescent/Adult,SL,IL,AM,Beyond,1998,Koda,1.1,,0.058823529411764705,L2P.L2M,1729
Koda (1998): Korean,20,L2P,L2L,2,1,1,1,,Adolescent/Adult,SL,IL,AM,Beyond,1998,Koda,1.1,,0.058823529411764705,L2P.L2L,1730
Koda (1998): Korean,20,L2M,L2L,2,1,1,1,,Adolescent/Adult,SL,IL,AM,Beyond,1998,Koda,1.1,,0.058823529411764705,L2M.L2L,1731
Larson (1983): Sample 1 (French),42,L2R,L2DA,1,1,1,1,,Adolescent/Adult,FL,II,AA,Beyond,1983,Larson,1.1,,0.02564102564102564,L2R.L2DA,1732
Larson (1983): Sample 1 (French),42,L2R,L2DF,1,1,1,1,,Adolescent/Adult,FL,II,AA,Beyond,1983,Larson,1.1,,0.02564102564102564,L2R.L2DF,1733
Larson (1983): Sample 1 (French),42,L2R,L2V,1,1,1,1,,Adolescent/Adult,FL,II,AA,Beyond,1983,Larson,1.1,,0.02564102564102564,L2R.L2V,1734
Larson (1983): Sample 1 (French),42,L2R,L2G,1,1,1,1,0.79,Adolescent/Adult,FL,II,AA,Beyond,1983,Larson,1.1,1.0714316840586662,0.02564102564102564,L2R.L2G,1735
Larson (1983): Sample 1 (French),42,L2R,L2P,1,1,1,1,,Adolescent/Adult,FL,II,AA,Beyond,1983,Larson,1.1,,0.02564102564102564,L2R.L2P,1736
Larson (1983): Sample 1 (French),42,L2R,L2M,1,1,1,1,,Adolescent/Adult,FL,II,AA,Beyond,1983,Larson,1.1,,0.02564102564102564,L2R.L2M,1737
Larson (1983): Sample 1 (French),42,L2R,L2L,1,1,1,1,0.63,Adolescent/Adult,FL,II,AA,Beyond,1983,Larson,1.1,0.7414161440812689,0.02564102564102564,L2R.L2L,1738
Larson (1983): Sample 1 (French),42,L2DA,L2DF,1,1,1,1,,Adolescent/Adult,FL,II,AA,Beyond,1983,Larson,1.1,,0.02564102564102564,L2DA.L2DF,1739
Larson (1983): Sample 1 (French),42,L2DA,L2V,1,1,1,1,,Adolescent/Adult,FL,II,AA,Beyond,1983,Larson,1.1,,0.02564102564102564,L2DA.L2V,1740
Larson (1983): Sample 1 (French),42,L2DA,L2G,1,1,1,1,,Adolescent/Adult,FL,II,AA,Beyond,1983,Larson,1.1,,0.02564102564102564,L2DA.L2G,1741
Larson (1983): Sample 1 (French),42,L2DA,L2P,1,1,1,1,,Adolescent/Adult,FL,II,AA,Beyond,1983,Larson,1.1,,0.02564102564102564,L2DA.L2P,1742
Larson (1983): Sample 1 (French),42,L2DA,L2M,1,1,1,1,,Adolescent/Adult,FL,II,AA,Beyond,1983,Larson,1.1,,0.02564102564102564,L2DA.L2M,1743
Larson (1983): Sample 1 (French),42,L2DA,L2L,1,1,1,1,,Adolescent/Adult,FL,II,AA,Beyond,1983,Larson,1.1,,0.02564102564102564,L2DA.L2L,1744
Larson (1983): Sample 1 (French),42,L2DF,L2V,1,1,1,1,,Adolescent/Adult,FL,II,AA,Beyond,1983,Larson,1.1,,0.02564102564102564,L2DF.L2V,1745
Larson (1983): Sample 1 (French),42,L2DF,L2G,1,1,1,1,,Adolescent/Adult,FL,II,AA,Beyond,1983,Larson,1.1,,0.02564102564102564,L2DF.L2G,1746
Larson (1983): Sample 1 (French),42,L2DF,L2P,1,1,1,1,,Adolescent/Adult,FL,II,AA,Beyond,1983,Larson,1.1,,0.02564102564102564,L2DF.L2P,1747
Larson (1983): Sample 1 (French),42,L2DF,L2M,1,1,1,1,,Adolescent/Adult,FL,II,AA,Beyond,1983,Larson,1.1,,0.02564102564102564,L2DF.L2M,1748
Larson (1983): Sample 1 (French),42,L2DF,L2L,1,1,1,1,,Adolescent/Adult,FL,II,AA,Beyond,1983,Larson,1.1,,0.02564102564102564,L2DF.L2L,1749
Larson (1983): Sample 1 (French),42,L2V,L2G,1,1,1,1,,Adolescent/Adult,FL,II,AA,Beyond,1983,Larson,1.1,,0.02564102564102564,L2V.L2G,1750
Larson (1983): Sample 1 (French),42,L2V,L2P,1,1,1,1,,Adolescent/Adult,FL,II,AA,Beyond,1983,Larson,1.1,,0.02564102564102564,L2V.L2P,1751
Larson (1983): Sample 1 (French),42,L2V,L2M,1,1,1,1,,Adolescent/Adult,FL,II,AA,Beyond,1983,Larson,1.1,,0.02564102564102564,L2V.L2M,1752
Larson (1983): Sample 1 (French),42,L2V,L2L,1,1,1,1,,Adolescent/Adult,FL,II,AA,Beyond,1983,Larson,1.1,,0.02564102564102564,L2V.L2L,1753
Larson (1983): Sample 1 (French),42,L2G,L2P,1,1,1,1,,Adolescent/Adult,FL,II,AA,Beyond,1983,Larson,1.1,,0.02564102564102564,L2G.L2P,1754
Larson (1983): Sample 1 (French),42,L2G,L2M,1,1,1,1,,Adolescent/Adult,FL,II,AA,Beyond,1983,Larson,1.1,,0.02564102564102564,L2G.L2M,1755
Larson (1983): Sample 1 (French),42,L2G,L2L,1,1,1,1,0.55,Adolescent/Adult,FL,II,AA,Beyond,1983,Larson,1.1,0.6183813135744636,0.02564102564102564,L2G.L2L,1756
Larson (1983): Sample 1 (French),42,L2P,L2M,1,1,1,1,,Adolescent/Adult,FL,II,AA,Beyond,1983,Larson,1.1,,0.02564102564102564,L2P.L2M,1757
Larson (1983): Sample 1 (French),42,L2P,L2L,1,1,1,1,,Adolescent/Adult,FL,II,AA,Beyond,1983,Larson,1.1,,0.02564102564102564,L2P.L2L,1758
Larson (1983): Sample 1 (French),42,L2M,L2L,1,1,1,1,,Adolescent/Adult,FL,II,AA,Beyond,1983,Larson,1.1,,0.02564102564102564,L2M.L2L,1759
Larson (1983): Sample 2 (German),26,L2R,L2DA,2,1,1,1,,Adolescent/Adult,FL,II,AA,Beyond,1983,Larson,1.1,,0.043478260869565216,L2R.L2DA,1760
Larson (1983): Sample 2 (German),26,L2R,L2DF,2,1,1,1,,Adolescent/Adult,FL,II,AA,Beyond,1983,Larson,1.1,,0.043478260869565216,L2R.L2DF,1761
Larson (1983): Sample 2 (German),26,L2R,L2V,2,1,1,1,,Adolescent/Adult,FL,II,AA,Beyond,1983,Larson,1.1,,0.043478260869565216,L2R.L2V,1762
Larson (1983): Sample 2 (German),26,L2R,L2G,2,1,1,1,0.71,Adolescent/Adult,FL,II,AA,Beyond,1983,Larson,1.1,0.8871838632580928,0.043478260869565216,L2R.L2G,1763
Larson (1983): Sample 2 (German),26,L2R,L2P,2,1,1,1,,Adolescent/Adult,FL,II,AA,Beyond,1983,Larson,1.1,,0.043478260869565216,L2R.L2P,1764
Larson (1983): Sample 2 (German),26,L2R,L2M,2,1,1,1,,Adolescent/Adult,FL,II,AA,Beyond,1983,Larson,1.1,,0.043478260869565216,L2R.L2M,1765
Larson (1983): Sample 2 (German),26,L2R,L2L,2,1,1,1,0.86,Adolescent/Adult,FL,II,AA,Beyond,1983,Larson,1.1,1.2933446720489712,0.043478260869565216,L2R.L2L,1766
Larson (1983): Sample 2 (German),26,L2DA,L2DF,2,1,1,1,,Adolescent/Adult,FL,II,AA,Beyond,1983,Larson,1.1,,0.043478260869565216,L2DA.L2DF,1767
Larson (1983): Sample 2 (German),26,L2DA,L2V,2,1,1,1,,Adolescent/Adult,FL,II,AA,Beyond,1983,Larson,1.1,,0.043478260869565216,L2DA.L2V,1768
Larson (1983): Sample 2 (German),26,L2DA,L2G,2,1,1,1,,Adolescent/Adult,FL,II,AA,Beyond,1983,Larson,1.1,,0.043478260869565216,L2DA.L2G,1769
Larson (1983): Sample 2 (German),26,L2DA,L2P,2,1,1,1,,Adolescent/Adult,FL,II,AA,Beyond,1983,Larson,1.1,,0.043478260869565216,L2DA.L2P,1770
Larson (1983): Sample 2 (German),26,L2DA,L2M,2,1,1,1,,Adolescent/Adult,FL,II,AA,Beyond,1983,Larson,1.1,,0.043478260869565216,L2DA.L2M,1771
Larson (1983): Sample 2 (German),26,L2DA,L2L,2,1,1,1,,Adolescent/Adult,FL,II,AA,Beyond,1983,Larson,1.1,,0.043478260869565216,L2DA.L2L,1772
Larson (1983): Sample 2 (German),26,L2DF,L2V,2,1,1,1,,Adolescent/Adult,FL,II,AA,Beyond,1983,Larson,1.1,,0.043478260869565216,L2DF.L2V,1773
Larson (1983): Sample 2 (German),26,L2DF,L2G,2,1,1,1,,Adolescent/Adult,FL,II,AA,Beyond,1983,Larson,1.1,,0.043478260869565216,L2DF.L2G,1774
Larson (1983): Sample 2 (German),26,L2DF,L2P,2,1,1,1,,Adolescent/Adult,FL,II,AA,Beyond,1983,Larson,1.1,,0.043478260869565216,L2DF.L2P,1775
Larson (1983): Sample 2 (German),26,L2DF,L2M,2,1,1,1,,Adolescent/Adult,FL,II,AA,Beyond,1983,Larson,1.1,,0.043478260869565216,L2DF.L2M,1776
Larson (1983): Sample 2 (German),26,L2DF,L2L,2,1,1,1,,Adolescent/Adult,FL,II,AA,Beyond,1983,Larson,1.1,,0.043478260869565216,L2DF.L2L,1777
Larson (1983): Sample 2 (German),26,L2V,L2G,2,1,1,1,,Adolescent/Adult,FL,II,AA,Beyond,1983,Larson,1.1,,0.043478260869565216,L2V.L2G,1778
Larson (1983): Sample 2 (German),26,L2V,L2P,2,1,1,1,,Adolescent/Adult,FL,II,AA,Beyond,1983,Larson,1.1,,0.043478260869565216,L2V.L2P,1779
Larson (1983): Sample 2 (German),26,L2V,L2M,2,1,1,1,,Adolescent/Adult,FL,II,AA,Beyond,1983,Larson,1.1,,0.043478260869565216,L2V.L2M,1780
Larson (1983): Sample 2 (German),26,L2V,L2L,2,1,1,1,,Adolescent/Adult,FL,II,AA,Beyond,1983,Larson,1.1,,0.043478260869565216,L2V.L2L,1781
Larson (1983): Sample 2 (German),26,L2G,L2P,2,1,1,1,,Adolescent/Adult,FL,II,AA,Beyond,1983,Larson,1.1,,0.043478260869565216,L2G.L2P,1782
Larson (1983): Sample 2 (German),26,L2G,L2M,2,1,1,1,,Adolescent/Adult,FL,II,AA,Beyond,1983,Larson,1.1,,0.043478260869565216,L2G.L2M,1783
Larson (1983): Sample 2 (German),26,L2G,L2L,2,1,1,1,0.55,Adolescent/Adult,FL,II,AA,Beyond,1983,Larson,1.1,0.6183813135744636,0.043478260869565216,L2G.L2L,1784
Larson (1983): Sample 2 (German),26,L2P,L2M,2,1,1,1,,Adolescent/Adult,FL,II,AA,Beyond,1983,Larson,1.1,,0.043478260869565216,L2P.L2M,1785
Larson (1983): Sample 2 (German),26,L2P,L2L,2,1,1,1,,Adolescent/Adult,FL,II,AA,Beyond,1983,Larson,1.1,,0.043478260869565216,L2P.L2L,1786
Larson (1983): Sample 2 (German),26,L2M,L2L,2,1,1,1,,Adolescent/Adult,FL,II,AA,Beyond,1983,Larson,1.1,,0.043478260869565216,L2M.L2L,1787
Lefrancois & Armand (2003),38,L2R,L2DA,1,1,1,1,,Adolescent/Adult,SL,II,AA,Basic,2003,Lefrancois & Armand,1.1,,0.02857142857142857,L2R.L2DA,1788
Lefrancois & Armand (2003),38,L2R,L2DF,1,1,1,1,,Adolescent/Adult,SL,II,AA,Basic,2003,Lefrancois & Armand,1.1,,0.02857142857142857,L2R.L2DF,1789
Lefrancois & Armand (2003),38,L2R,L2V,1,1,1,1,,Adolescent/Adult,SL,II,AA,Basic,2003,Lefrancois & Armand,1.1,,0.02857142857142857,L2R.L2V,1790
Lefrancois & Armand (2003),38,L2R,L2G,1,1,1,1,0.61,Adolescent/Adult,SL,II,AA,Basic,2003,Lefrancois & Armand,1.1,0.7089213594274082,0.02857142857142857,L2R.L2G,1791
Lefrancois & Armand (2003),38,L2R,L2P,1,1,1,1,0.25,Adolescent/Adult,SL,II,AA,Basic,2003,Lefrancois & Armand,1.1,0.2554128118829953,0.02857142857142857,L2R.L2P,1792
Lefrancois & Armand (2003),38,L2R,L2M,1,1,1,1,,Adolescent/Adult,SL,II,AA,Basic,2003,Lefrancois & Armand,1.1,,0.02857142857142857,L2R.L2M,1793
Lefrancois & Armand (2003),38,L2R,L2L,1,1,1,1,,Adolescent/Adult,SL,II,AA,Basic,2003,Lefrancois & Armand,1.1,,0.02857142857142857,L2R.L2L,1794
Lefrancois & Armand (2003),38,L2DA,L2DF,1,1,1,1,,Adolescent/Adult,SL,II,AA,Basic,2003,Lefrancois & Armand,1.1,,0.02857142857142857,L2DA.L2DF,1795
Lefrancois & Armand (2003),38,L2DA,L2V,1,1,1,1,,Adolescent/Adult,SL,II,AA,Basic,2003,Lefrancois & Armand,1.1,,0.02857142857142857,L2DA.L2V,1796
Lefrancois & Armand (2003),38,L2DA,L2G,1,1,1,1,,Adolescent/Adult,SL,II,AA,Basic,2003,Lefrancois & Armand,1.1,,0.02857142857142857,L2DA.L2G,1797
Lefrancois & Armand (2003),38,L2DA,L2P,1,1,1,1,,Adolescent/Adult,SL,II,AA,Basic,2003,Lefrancois & Armand,1.1,,0.02857142857142857,L2DA.L2P,1798
Lefrancois & Armand (2003),38,L2DA,L2M,1,1,1,1,,Adolescent/Adult,SL,II,AA,Basic,2003,Lefrancois & Armand,1.1,,0.02857142857142857,L2DA.L2M,1799
Lefrancois & Armand (2003),38,L2DA,L2L,1,1,1,1,,Adolescent/Adult,SL,II,AA,Basic,2003,Lefrancois & Armand,1.1,,0.02857142857142857,L2DA.L2L,1800
Lefrancois & Armand (2003),38,L2DF,L2V,1,1,1,1,,Adolescent/Adult,SL,II,AA,Basic,2003,Lefrancois & Armand,1.1,,0.02857142857142857,L2DF.L2V,1801
Lefrancois & Armand (2003),38,L2DF,L2G,1,1,1,1,,Adolescent/Adult,SL,II,AA,Basic,2003,Lefrancois & Armand,1.1,,0.02857142857142857,L2DF.L2G,1802
Lefrancois & Armand (2003),38,L2DF,L2P,1,1,1,1,,Adolescent/Adult,SL,II,AA,Basic,2003,Lefrancois & Armand,1.1,,0.02857142857142857,L2DF.L2P,1803
Lefrancois & Armand (2003),38,L2DF,L2M,1,1,1,1,,Adolescent/Adult,SL,II,AA,Basic,2003,Lefrancois & Armand,1.1,,0.02857142857142857,L2DF.L2M,1804
Lefrancois & Armand (2003),38,L2DF,L2L,1,1,1,1,,Adolescent/Adult,SL,II,AA,Basic,2003,Lefrancois & Armand,1.1,,0.02857142857142857,L2DF.L2L,1805
Lefrancois & Armand (2003),38,L2V,L2G,1,1,1,1,,Adolescent/Adult,SL,II,AA,Basic,2003,Lefrancois & Armand,1.1,,0.02857142857142857,L2V.L2G,1806
Lefrancois & Armand (2003),38,L2V,L2P,1,1,1,1,,Adolescent/Adult,SL,II,AA,Basic,2003,Lefrancois & Armand,1.1,,0.02857142857142857,L2V.L2P,1807
Lefrancois & Armand (2003),38,L2V,L2M,1,1,1,1,,Adolescent/Adult,SL,II,AA,Basic,2003,Lefrancois & Armand,1.1,,0.02857142857142857,L2V.L2M,1808
Lefrancois & Armand (2003),38,L2V,L2L,1,1,1,1,,Adolescent/Adult,SL,II,AA,Basic,2003,Lefrancois & Armand,1.1,,0.02857142857142857,L2V.L2L,1809
Lefrancois & Armand (2003),38,L2G,L2P,1,1,1,1,,Adolescent/Adult,SL,II,AA,Basic,2003,Lefrancois & Armand,1.1,,0.02857142857142857,L2G.L2P,1810
Lefrancois & Armand (2003),38,L2G,L2M,1,1,1,1,,Adolescent/Adult,SL,II,AA,Basic,2003,Lefrancois & Armand,1.1,,0.02857142857142857,L2G.L2M,1811
Lefrancois & Armand (2003),38,L2G,L2L,1,1,1,1,,Adolescent/Adult,SL,II,AA,Basic,2003,Lefrancois & Armand,1.1,,0.02857142857142857,L2G.L2L,1812
Lefrancois & Armand (2003),38,L2P,L2M,1,1,1,1,,Adolescent/Adult,SL,II,AA,Basic,2003,Lefrancois & Armand,1.1,,0.02857142857142857,L2P.L2M,1813
Lefrancois & Armand (2003),38,L2P,L2L,1,1,1,1,,Adolescent/Adult,SL,II,AA,Basic,2003,Lefrancois & Armand,1.1,,0.02857142857142857,L2P.L2L,1814
Lefrancois & Armand (2003),38,L2M,L2L,1,1,1,1,,Adolescent/Adult,SL,II,AA,Basic,2003,Lefrancois & Armand,1.1,,0.02857142857142857,L2M.L2L,1815
Leider et al. (2013),123,L2R,L2R,1,1,1,2,0.65,Young,SL,II,AA,Beyond,2013,Leider et al.,1.2,0.7752987062055836,0.008333333333333333,L2R.L2R,1816
Leider et al. (2013),123,L2R,L2R,1,1,1,3,0.44,Young,SL,II,AA,Beyond,2013,Leider et al.,1.3,0.47223080442042564,0.008333333333333333,L2R.L2R,1817
Leider et al. (2013),123,L2R,L2R,1,1,2,3,0.54,Young,SL,II,AA,Beyond,2013,Leider et al.,2.3,0.6041556029622671,0.008333333333333333,L2R.L2R,1818
Leider et al. (2013),123,L2R,L2DA,1,1,1,1,0.58,Young,SL,II,AA,Beyond,2013,Leider et al.,1.1,0.6624627073717991,0.008333333333333333,L2R.L2DA,1819
Leider et al. (2013),123,L2R,L2DA,1,1,2,1,0.55,Young,SL,II,AA,Beyond,2013,Leider et al.,2.1,0.6183813135744636,0.008333333333333333,L2R.L2DA,1820
Leider et al. (2013),123,L2R,L2DA,1,1,3,1,0.59,Young,SL,II,AA,Beyond,2013,Leider et al.,3.1,0.6776660677579618,0.008333333333333333,L2R.L2DA,1821
Leider et al. (2013),123,L2R,L2DF,1,1,1,1,,Young,SL,II,AA,Beyond,2013,Leider et al.,1.1,,0.008333333333333333,L2R.L2DF,1822
Leider et al. (2013),123,L2R,L2DF,1,1,2,1,,Young,SL,II,AA,Beyond,2013,Leider et al.,2.1,,0.008333333333333333,L2R.L2DF,1823
Leider et al. (2013),123,L2R,L2DF,1,1,3,1,,Young,SL,II,AA,Beyond,2013,Leider et al.,3.1,,0.008333333333333333,L2R.L2DF,1824
Leider et al. (2013),123,L2R,L2V,1,1,1,1,0.69,Young,SL,II,AA,Beyond,2013,Leider et al.,1.1,0.8479557552189635,0.008333333333333333,L2R.L2V,1825
Leider et al. (2013),123,L2R,L2V,1,1,2,1,0.5,Young,SL,II,AA,Beyond,2013,Leider et al.,2.1,0.5493061443340549,0.008333333333333333,L2R.L2V,1826
Leider et al. (2013),123,L2R,L2V,1,1,3,1,0.52,Young,SL,II,AA,Beyond,2013,Leider et al.,3.1,0.5763397549691928,0.008333333333333333,L2R.L2V,1827
Leider et al. (2013),123,L2R,L2G,1,1,1,1,0.66,Young,SL,II,AA,Beyond,2013,Leider et al.,1.1,0.7928136318701909,0.008333333333333333,L2R.L2G,1828
Leider et al. (2013),123,L2R,L2G,1,1,2,1,0.52,Young,SL,II,AA,Beyond,2013,Leider et al.,2.1,0.5763397549691928,0.008333333333333333,L2R.L2G,1829
Leider et al. (2013),123,L2R,L2G,1,1,3,1,0.51,Young,SL,II,AA,Beyond,2013,Leider et al.,3.1,0.5627297693521489,0.008333333333333333,L2R.L2G,1830
Leider et al. (2013),123,L2R,L2P,1,1,1,1,,Young,SL,II,AA,Beyond,2013,Leider et al.,1.1,,0.008333333333333333,L2R.L2P,1831
Leider et al. (2013),123,L2R,L2P,1,1,2,1,,Young,SL,II,AA,Beyond,2013,Leider et al.,2.1,,0.008333333333333333,L2R.L2P,1832
Leider et al. (2013),123,L2R,L2P,1,1,3,1,,Young,SL,II,AA,Beyond,2013,Leider et al.,3.1,,0.008333333333333333,L2R.L2P,1833
Leider et al. (2013),123,L2R,L2M,1,1,1,1,0.63,Young,SL,II,AA,Beyond,2013,Leider et al.,1.1,0.7414161440812689,0.008333333333333333,L2R.L2M,1834
Leider et al. (2013),123,L2R,L2M,1,1,2,1,0.65,Young,SL,II,AA,Beyond,2013,Leider et al.,2.1,0.7752987062055836,0.008333333333333333,L2R.L2M,1835
Leider et al. (2013),123,L2R,L2M,1,1,3,1,0.58,Young,SL,II,AA,Beyond,2013,Leider et al.,3.1,0.6624627073717991,0.008333333333333333,L2R.L2M,1836
Leider et al. (2013),123,L2R,L2L,1,1,1,1,,Young,SL,II,AA,Beyond,2013,Leider et al.,1.1,,0.008333333333333333,L2R.L2L,1837
Leider et al. (2013),123,L2R,L2L,1,1,2,1,,Young,SL,II,AA,Beyond,2013,Leider et al.,2.1,,0.008333333333333333,L2R.L2L,1838
Leider et al. (2013),123,L2R,L2L,1,1,3,1,,Young,SL,II,AA,Beyond,2013,Leider et al.,3.1,,0.008333333333333333,L2R.L2L,1839
Leider et al. (2013),123,L2DA,L2DF,1,1,1,1,,Young,SL,II,AA,Beyond,2013,Leider et al.,1.1,,0.008333333333333333,L2DA.L2DF,1840
Leider et al. (2013),123,L2DA,L2V,1,1,1,1,0.64,Young,SL,II,AA,Beyond,2013,Leider et al.,1.1,0.7581737446840442,0.008333333333333333,L2DA.L2V,1841
Leider et al. (2013),123,L2DA,L2G,1,1,1,1,0.54,Young,SL,II,AA,Beyond,2013,Leider et al.,1.1,0.6041556029622671,0.008333333333333333,L2DA.L2G,1842
Leider et al. (2013),123,L2DA,L2P,1,1,1,1,,Young,SL,II,AA,Beyond,2013,Leider et al.,1.1,,0.008333333333333333,L2DA.L2P,1843
Leider et al. (2013),123,L2DA,L2M,1,1,1,1,0.82,Young,SL,II,AA,Beyond,2013,Leider et al.,1.1,1.1568174645903153,0.008333333333333333,L2DA.L2M,1844
Leider et al. (2013),123,L2DA,L2L,1,1,1,1,,Young,SL,II,AA,Beyond,2013,Leider et al.,1.1,,0.008333333333333333,L2DA.L2L,1845
Leider et al. (2013),123,L2DF,L2V,1,1,1,1,,Young,SL,II,AA,Beyond,2013,Leider et al.,1.1,,0.008333333333333333,L2DF.L2V,1846
Leider et al. (2013),123,L2DF,L2G,1,1,1,1,,Young,SL,II,AA,Beyond,2013,Leider et al.,1.1,,0.008333333333333333,L2DF.L2G,1847
Leider et al. (2013),123,L2DF,L2P,1,1,1,1,,Young,SL,II,AA,Beyond,2013,Leider et al.,1.1,,0.008333333333333333,L2DF.L2P,1848
Leider et al. (2013),123,L2DF,L2M,1,1,1,1,,Young,SL,II,AA,Beyond,2013,Leider et al.,1.1,,0.008333333333333333,L2DF.L2M,1849
Leider et al. (2013),123,L2DF,L2L,1,1,1,1,,Young,SL,II,AA,Beyond,2013,Leider et al.,1.1,,0.008333333333333333,L2DF.L2L,1850
Leider et al. (2013),123,L2V,L2G,1,1,1,1,0.78,Young,SL,II,AA,Beyond,2013,Leider et al.,1.1,1.0453705484668847,0.008333333333333333,L2V.L2G,1851
Leider et al. (2013),123,L2V,L2P,1,1,1,1,,Young,SL,II,AA,Beyond,2013,Leider et al.,1.1,,0.008333333333333333,L2V.L2P,1852
Leider et al. (2013),123,L2V,L2M,1,1,1,1,0.71,Young,SL,II,AA,Beyond,2013,Leider et al.,1.1,0.8871838632580928,0.008333333333333333,L2V.L2M,1853
Leider et al. (2013),123,L2V,L2L,1,1,1,1,,Young,SL,II,AA,Beyond,2013,Leider et al.,1.1,,0.008333333333333333,L2V.L2L,1854
Leider et al. (2013),123,L2G,L2P,1,1,1,1,,Young,SL,II,AA,Beyond,2013,Leider et al.,1.1,,0.008333333333333333,L2G.L2P,1855
Leider et al. (2013),123,L2G,L2M,1,1,1,1,0.68,Young,SL,II,AA,Beyond,2013,Leider et al.,1.1,0.8291140383017662,0.008333333333333333,L2G.L2M,1856
Leider et al. (2013),123,L2G,L2L,1,1,1,1,,Young,SL,II,AA,Beyond,2013,Leider et al.,1.1,,0.008333333333333333,L2G.L2L,1857
Leider et al. (2013),123,L2P,L2M,1,1,1,1,,Young,SL,II,AA,Beyond,2013,Leider et al.,1.1,,0.008333333333333333,L2P.L2M,1858
Leider et al. (2013),123,L2P,L2L,1,1,1,1,,Young,SL,II,AA,Beyond,2013,Leider et al.,1.1,,0.008333333333333333,L2P.L2L,1859
Leider et al. (2013),123,L2M,L2L,1,1,1,1,,Young,SL,II,AA,Beyond,2013,Leider et al.,1.1,,0.008333333333333333,L2M.L2L,1860
Lesaux et al. (2010),87,L2R,L2R,1,1,1,2,0.64,Young,SL,II,AA,Beyond,2010,Lesaux et al.,1.2,0.7581737446840442,0.011904761904761904,L2R.L2R,1861
Lesaux et al. (2010),87,L2R,L2DA,1,1,1,1,0.51,Young,SL,II,AA,Beyond,2010,Lesaux et al.,1.1,0.5627297693521489,0.011904761904761904,L2R.L2DA,1862
Lesaux et al. (2010),87,L2R,L2DA,1,1,2,1,0.4,Young,SL,II,AA,Beyond,2010,Lesaux et al.,2.1,0.42364893019360184,0.011904761904761904,L2R.L2DA,1863
Lesaux et al. (2010),87,L2R,L2DA,1,1,1,2,0.39,Young,SL,II,AA,Beyond,2010,Lesaux et al.,1.2,0.4118000344786903,0.011904761904761904,L2R.L2DA,1864
Lesaux et al. (2010),87,L2R,L2DA,1,1,2,2,0.34,Young,SL,II,AA,Beyond,2010,Lesaux et al.,2.2,0.3540925289622429,0.011904761904761904,L2R.L2DA,1865
Lesaux et al. (2010),87,L2R,L2DF,1,1,1,1,0.49,Young,SL,II,AA,Beyond,2010,Lesaux et al.,1.1,0.5360603366105666,0.011904761904761904,L2R.L2DF,1866
Lesaux et al. (2010),87,L2R,L2DF,1,1,2,1,0.34,Young,SL,II,AA,Beyond,2010,Lesaux et al.,2.1,0.3540925289622429,0.011904761904761904,L2R.L2DF,1867
Lesaux et al. (2010),87,L2R,L2V,1,1,1,1,0.46,Young,SL,II,AA,Beyond,2010,Lesaux et al.,1.1,0.497311287572031,0.011904761904761904,L2R.L2V,1868
Lesaux et al. (2010),87,L2R,L2V,1,1,2,1,0.6,Young,SL,II,AA,Beyond,2010,Lesaux et al.,2.1,0.6931471805599453,0.011904761904761904,L2R.L2V,1869
Lesaux et al. (2010),87,L2R,L2V,1,1,1,2,0.43,Young,SL,II,AA,Beyond,2010,Lesaux et al.,1.2,0.4598966812126785,0.011904761904761904,L2R.L2V,1870
Lesaux et al. (2010),87,L2R,L2V,1,1,2,2,0.47,Young,SL,II,AA,Beyond,2010,Lesaux et al.,2.2,0.5100703366133073,0.011904761904761904,L2R.L2V,1871
Lesaux et al. (2010),87,L2R,L2G,1,1,1,1,,Young,SL,II,AA,Beyond,2010,Lesaux et al.,1.1,,0.011904761904761904,L2R.L2G,1872
Lesaux et al. (2010),87,L2R,L2G,1,1,2,1,,Young,SL,II,AA,Beyond,2010,Lesaux et al.,2.1,,0.011904761904761904,L2R.L2G,1873
Lesaux et al. (2010),87,L2R,L2P,1,1,1,1,,Young,SL,II,AA,Beyond,2010,Lesaux et al.,1.1,,0.011904761904761904,L2R.L2P,1874
Lesaux et al. (2010),87,L2R,L2P,1,1,2,1,,Young,SL,II,AA,Beyond,2010,Lesaux et al.,2.1,,0.011904761904761904,L2R.L2P,1875
Lesaux et al. (2010),87,L2R,L2M,1,1,1,1,,Young,SL,II,AA,Beyond,2010,Lesaux et al.,1.1,,0.011904761904761904,L2R.L2M,1876
Lesaux et al. (2010),87,L2R,L2M,1,1,2,1,,Young,SL,II,AA,Beyond,2010,Lesaux et al.,2.1,,0.011904761904761904,L2R.L2M,1877
Lesaux et al. (2010),87,L2R,L2L,1,1,1,1,0.53,Young,SL,II,AA,Beyond,2010,Lesaux et al.,1.1,0.5901451598411885,0.011904761904761904,L2R.L2L,1878
Lesaux et al. (2010),87,L2R,L2L,1,1,2,1,0.58,Young,SL,II,AA,Beyond,2010,Lesaux et al.,2.1,0.6624627073717991,0.011904761904761904,L2R.L2L,1879
Lesaux et al. (2010),87,L2DA,L2DA,1,1,1,2,0.67,Young,SL,II,AA,Beyond,2010,Lesaux et al.,1.2,0.8107431254751375,0.011904761904761904,L2DA.L2DA,1880
Lesaux et al. (2010),87,L2DA,L2DF,1,1,1,1,0.49,Young,SL,II,AA,Beyond,2010,Lesaux et al.,1.1,0.5360603366105666,0.011904761904761904,L2DA.L2DF,1881
Lesaux et al. (2010),87,L2DA,L2DF,1,1,2,1,0.5,Young,SL,II,AA,Beyond,2010,Lesaux et al.,2.1,0.5493061443340549,0.011904761904761904,L2DA.L2DF,1882
Lesaux et al. (2010),87,L2DA,L2V,1,1,1,1,0.35,Young,SL,II,AA,Beyond,2010,Lesaux et al.,1.1,0.3654437542713961,0.011904761904761904,L2DA.L2V,1883
Lesaux et al. (2010),87,L2DA,L2V,1,1,2,1,0.21,Young,SL,II,AA,Beyond,2010,Lesaux et al.,2.1,0.21317134656485978,0.011904761904761904,L2DA.L2V,1884
Lesaux et al. (2010),87,L2DA,L2V,1,1,1,2,0.25,Young,SL,II,AA,Beyond,2010,Lesaux et al.,1.2,0.2554128118829953,0.011904761904761904,L2DA.L2V,1885
Lesaux et al. (2010),87,L2DA,L2V,1,1,2,2,0.24,Young,SL,II,AA,Beyond,2010,Lesaux et al.,2.2,0.2447741126593529,0.011904761904761904,L2DA.L2V,1886
Lesaux et al. (2010),87,L2DA,L2G,1,1,1,1,,Young,SL,II,AA,Beyond,2010,Lesaux et al.,1.1,,0.011904761904761904,L2DA.L2G,1887
Lesaux et al. (2010),87,L2DA,L2G,1,1,2,1,,Young,SL,II,AA,Beyond,2010,Lesaux et al.,2.1,,0.011904761904761904,L2DA.L2G,1888
Lesaux et al. (2010),87,L2DA,L2P,1,1,1,1,,Young,SL,II,AA,Beyond,2010,Lesaux et al.,1.1,,0.011904761904761904,L2DA.L2P,1889
Lesaux et al. (2010),87,L2DA,L2P,1,1,2,1,,Young,SL,II,AA,Beyond,2010,Lesaux et al.,2.1,,0.011904761904761904,L2DA.L2P,1890
Lesaux et al. (2010),87,L2DA,L2M,1,1,1,1,,Young,SL,II,AA,Beyond,2010,Lesaux et al.,1.1,,0.011904761904761904,L2DA.L2M,1891
Lesaux et al. (2010),87,L2DA,L2M,1,1,2,1,,Young,SL,II,AA,Beyond,2010,Lesaux et al.,2.1,,0.011904761904761904,L2DA.L2M,1892
Lesaux et al. (2010),87,L2DA,L2L,1,1,1,1,0.51,Young,SL,II,AA,Beyond,2010,Lesaux et al.,1.1,0.5627297693521489,0.011904761904761904,L2DA.L2L,1893
Lesaux et al. (2010),87,L2DA,L2L,1,1,2,1,0.32,Young,SL,II,AA,Beyond,2010,Lesaux et al.,2.1,0.33164710870513214,0.011904761904761904,L2DA.L2L,1894
Lesaux et al. (2010),87,L2DF,L2V,1,1,1,1,0.26,Young,SL,II,AA,Beyond,2010,Lesaux et al.,1.1,0.2661084068736541,0.011904761904761904,L2DF.L2V,1895
Lesaux et al. (2010),87,L2DF,L2V,1,1,1,2,0.24,Young,SL,II,AA,Beyond,2010,Lesaux et al.,1.2,0.2447741126593529,0.011904761904761904,L2DF.L2V,1896
Lesaux et al. (2010),87,L2DF,L2G,1,1,1,1,,Young,SL,II,AA,Beyond,2010,Lesaux et al.,1.1,,0.011904761904761904,L2DF.L2G,1897
Lesaux et al. (2010),87,L2DF,L2P,1,1,1,1,,Young,SL,II,AA,Beyond,2010,Lesaux et al.,1.1,,0.011904761904761904,L2DF.L2P,1898
Lesaux et al. (2010),87,L2DF,L2M,1,1,1,1,,Young,SL,II,AA,Beyond,2010,Lesaux et al.,1.1,,0.011904761904761904,L2DF.L2M,1899
Lesaux et al. (2010),87,L2DF,L2L,1,1,1,1,0.16,Young,SL,II,AA,Beyond,2010,Lesaux et al.,1.1,0.1613866961315255,0.011904761904761904,L2DF.L2L,1900
Lesaux et al. (2010),87,L2V,L2V,1,1,1,2,0.51,Young,SL,II,AA,Beyond,2010,Lesaux et al.,1.2,0.5627297693521489,0.011904761904761904,L2V.L2V,1901
Lesaux et al. (2010),87,L2V,L2G,1,1,1,1,,Young,SL,II,AA,Beyond,2010,Lesaux et al.,1.1,,0.011904761904761904,L2V.L2G,1902
Lesaux et al. (2010),87,L2V,L2G,1,1,2,1,,Young,SL,II,AA,Beyond,2010,Lesaux et al.,2.1,,0.011904761904761904,L2V.L2G,1903
Lesaux et al. (2010),87,L2V,L2P,1,1,1,1,,Young,SL,II,AA,Beyond,2010,Lesaux et al.,1.1,,0.011904761904761904,L2V.L2P,1904
Lesaux et al. (2010),87,L2V,L2P,1,1,2,1,,Young,SL,II,AA,Beyond,2010,Lesaux et al.,2.1,,0.011904761904761904,L2V.L2P,1905
Lesaux et al. (2010),87,L2V,L2M,1,1,1,1,,Young,SL,II,AA,Beyond,2010,Lesaux et al.,1.1,,0.011904761904761904,L2V.L2M,1906
Lesaux et al. (2010),87,L2V,L2M,1,1,2,1,,Young,SL,II,AA,Beyond,2010,Lesaux et al.,2.1,,0.011904761904761904,L2V.L2M,1907
Lesaux et al. (2010),87,L2V,L2L,1,1,1,1,0.67,Young,SL,II,AA,Beyond,2010,Lesaux et al.,1.1,0.8107431254751375,0.011904761904761904,L2V.L2L,1908
Lesaux et al. (2010),87,L2V,L2L,1,1,2,1,0.57,Young,SL,II,AA,Beyond,2010,Lesaux et al.,2.1,0.6475228448273728,0.011904761904761904,L2V.L2L,1909
Lesaux et al. (2010),87,L2G,L2P,1,1,1,1,,Young,SL,II,AA,Beyond,2010,Lesaux et al.,1.1,,0.011904761904761904,L2G.L2P,1910
Lesaux et al. (2010),87,L2G,L2M,1,1,1,1,,Young,SL,II,AA,Beyond,2010,Lesaux et al.,1.1,,0.011904761904761904,L2G.L2M,1911
Lesaux et al. (2010),87,L2G,L2L,1,1,1,1,,Young,SL,II,AA,Beyond,2010,Lesaux et al.,1.1,,0.011904761904761904,L2G.L2L,1912
Lesaux et al. (2010),87,L2P,L2M,1,1,1,1,,Young,SL,II,AA,Beyond,2010,Lesaux et al.,1.1,,0.011904761904761904,L2P.L2M,1913
Lesaux et al. (2010),87,L2P,L2L,1,1,1,1,,Young,SL,II,AA,Beyond,2010,Lesaux et al.,1.1,,0.011904761904761904,L2P.L2L,1914
Lesaux et al. (2010),87,L2M,L2L,1,1,1,1,,Young,SL,II,AA,Beyond,2010,Lesaux et al.,1.1,,0.011904761904761904,L2M.L2L,1915
Li et al. (2012),141,L2R,L2DA,1,1,1,1,0.73,Young,SL,IL,AL,Beyond,2012,Li et al.,1.1,0.9287273642467249,0.007246376811594203,L2R.L2DA,1916
Li et al. (2012),141,L2R,L2DF,1,1,1,1,,Young,SL,IL,AL,Beyond,2012,Li et al.,1.1,,0.007246376811594203,L2R.L2DF,1917
Li et al. (2012),141,L2R,L2V,1,1,1,1,0.64,Young,SL,IL,AL,Beyond,2012,Li et al.,1.1,0.7581737446840442,0.007246376811594203,L2R.L2V,1918
Li et al. (2012),141,L2R,L2G,1,1,1,1,,Young,SL,IL,AL,Beyond,2012,Li et al.,1.1,,0.007246376811594203,L2R.L2G,1919
Li et al. (2012),141,L2R,L2P,1,1,1,1,0.64,Young,SL,IL,AL,Beyond,2012,Li et al.,1.1,0.7581737446840442,0.007246376811594203,L2R.L2P,1920
Li et al. (2012),141,L2R,L2M,1,1,1,1,,Young,SL,IL,AL,Beyond,2012,Li et al.,1.1,,0.007246376811594203,L2R.L2M,1921
Li et al. (2012),141,L2R,L2L,1,1,1,1,,Young,SL,IL,AL,Beyond,2012,Li et al.,1.1,,0.007246376811594203,L2R.L2L,1922
Li et al. (2012),141,L2DA,L2DF,1,1,1,1,,Young,SL,IL,AL,Beyond,2012,Li et al.,1.1,,0.007246376811594203,L2DA.L2DF,1923
Li et al. (2012),141,L2DA,L2V,1,1,1,1,0.66,Young,SL,IL,AL,Beyond,2012,Li et al.,1.1,0.7928136318701909,0.007246376811594203,L2DA.L2V,1924
Li et al. (2012),141,L2DA,L2G,1,1,1,1,,Young,SL,IL,AL,Beyond,2012,Li et al.,1.1,,0.007246376811594203,L2DA.L2G,1925
Li et al. (2012),141,L2DA,L2P,1,1,1,1,0.54,Young,SL,IL,AL,Beyond,2012,Li et al.,1.1,0.6041556029622671,0.007246376811594203,L2DA.L2P,1926
Li et al. (2012),141,L2DA,L2M,1,1,1,1,,Young,SL,IL,AL,Beyond,2012,Li et al.,1.1,,0.007246376811594203,L2DA.L2M,1927
Li et al. (2012),141,L2DA,L2L,1,1,1,1,,Young,SL,IL,AL,Beyond,2012,Li et al.,1.1,,0.007246376811594203,L2DA.L2L,1928
Li et al. (2012),141,L2DF,L2V,1,1,1,1,,Young,SL,IL,AL,Beyond,2012,Li et al.,1.1,,0.007246376811594203,L2DF.L2V,1929
Li et al. (2012),141,L2DF,L2G,1,1,1,1,,Young,SL,IL,AL,Beyond,2012,Li et al.,1.1,,0.007246376811594203,L2DF.L2G,1930
Li et al. (2012),141,L2DF,L2P,1,1,1,1,,Young,SL,IL,AL,Beyond,2012,Li et al.,1.1,,0.007246376811594203,L2DF.L2P,1931
Li et al. (2012),141,L2DF,L2M,1,1,1,1,,Young,SL,IL,AL,Beyond,2012,Li et al.,1.1,,0.007246376811594203,L2DF.L2M,1932
Li et al. (2012),141,L2DF,L2L,1,1,1,1,,Young,SL,IL,AL,Beyond,2012,Li et al.,1.1,,0.007246376811594203,L2DF.L2L,1933
Li et al. (2012),141,L2V,L2G,1,1,1,1,,Young,SL,IL,AL,Beyond,2012,Li et al.,1.1,,0.007246376811594203,L2V.L2G,1934
Li et al. (2012),141,L2V,L2P,1,1,1,1,0.43,Young,SL,IL,AL,Beyond,2012,Li et al.,1.1,0.4598966812126785,0.007246376811594203,L2V.L2P,1935
Li et al. (2012),141,L2V,L2M,1,1,1,1,,Young,SL,IL,AL,Beyond,2012,Li et al.,1.1,,0.007246376811594203,L2V.L2M,1936
Li et al. (2012),141,L2V,L2L,1,1,1,1,,Young,SL,IL,AL,Beyond,2012,Li et al.,1.1,,0.007246376811594203,L2V.L2L,1937
Li et al. (2012),141,L2G,L2P,1,1,1,1,,Young,SL,IL,AL,Beyond,2012,Li et al.,1.1,,0.007246376811594203,L2G.L2P,1938
Li et al. (2012),141,L2G,L2M,1,1,1,1,,Young,SL,IL,AL,Beyond,2012,Li et al.,1.1,,0.007246376811594203,L2G.L2M,1939
Li et al. (2012),141,L2G,L2L,1,1,1,1,,Young,SL,IL,AL,Beyond,2012,Li et al.,1.1,,0.007246376811594203,L2G.L2L,1940
Li et al. (2012),141,L2P,L2M,1,1,1,1,,Young,SL,IL,AL,Beyond,2012,Li et al.,1.1,,0.007246376811594203,L2P.L2M,1941
Li et al. (2012),141,L2P,L2L,1,1,1,1,,Young,SL,IL,AL,Beyond,2012,Li et al.,1.1,,0.007246376811594203,L2P.L2L,1942
Li et al. (2012),141,L2M,L2L,1,1,1,1,,Young,SL,IL,AL,Beyond,2012,Li et al.,1.1,,0.007246376811594203,L2M.L2L,1943
Li & Kirby (2015),246,L2R,L2DA,1,1,1,1,,Adolescent/Adult,SL,IL,AL,Beyond,2015,Li & Kirby,1.1,,0.00411522633744856,L2R.L2DA,1944
Li & Kirby (2015),246,L2R,L2DF,1,1,1,1,0.22,Adolescent/Adult,SL,IL,AL,Beyond,2015,Li & Kirby,1.1,0.22365610902183242,0.00411522633744856,L2R.L2DF,1945
Li & Kirby (2015),246,L2R,L2V,1,1,1,1,0.43,Adolescent/Adult,SL,IL,AL,Beyond,2015,Li & Kirby,1.1,0.4598966812126785,0.00411522633744856,L2R.L2V,1946
Li & Kirby (2015),246,L2R,L2V,1,1,1,2,0.18,Adolescent/Adult,SL,IL,AL,Beyond,2015,Li & Kirby,1.2,0.1819826886007058,0.00411522633744856,L2R.L2V,1947
Li & Kirby (2015),246,L2R,L2V,1,1,1,3,0.45,Adolescent/Adult,SL,IL,AL,Beyond,2015,Li & Kirby,1.3,0.48470027859405174,0.00411522633744856,L2R.L2V,1948
Li & Kirby (2015),246,L2R,L2G,1,1,1,1,,Adolescent/Adult,SL,IL,AL,Beyond,2015,Li & Kirby,1.1,,0.00411522633744856,L2R.L2G,1949
Li & Kirby (2015),246,L2R,L2P,1,1,1,1,,Adolescent/Adult,SL,IL,AL,Beyond,2015,Li & Kirby,1.1,,0.00411522633744856,L2R.L2P,1950
Li & Kirby (2015),246,L2R,L2M,1,1,1,1,0.22,Adolescent/Adult,SL,IL,AL,Beyond,2015,Li & Kirby,1.1,0.22365610902183242,0.00411522633744856,L2R.L2M,1951
Li & Kirby (2015),246,L2R,L2L,1,1,1,1,,Adolescent/Adult,SL,IL,AL,Beyond,2015,Li & Kirby,1.1,,0.00411522633744856,L2R.L2L,1952
Li & Kirby (2015),246,L2DA,L2DF,1,1,1,1,,Adolescent/Adult,SL,IL,AL,Beyond,2015,Li & Kirby,1.1,,0.00411522633744856,L2DA.L2DF,1953
Li & Kirby (2015),246,L2DA,L2V,1,1,1,1,,Adolescent/Adult,SL,IL,AL,Beyond,2015,Li & Kirby,1.1,,0.00411522633744856,L2DA.L2V,1954
Li & Kirby (2015),246,L2DA,L2V,1,1,1,2,,Adolescent/Adult,SL,IL,AL,Beyond,2015,Li & Kirby,1.2,,0.00411522633744856,L2DA.L2V,1955
Li & Kirby (2015),246,L2DA,L2V,1,1,1,3,,Adolescent/Adult,SL,IL,AL,Beyond,2015,Li & Kirby,1.3,,0.00411522633744856,L2DA.L2V,1956
Li & Kirby (2015),246,L2DA,L2G,1,1,1,1,,Adolescent/Adult,SL,IL,AL,Beyond,2015,Li & Kirby,1.1,,0.00411522633744856,L2DA.L2G,1957
Li & Kirby (2015),246,L2DA,L2P,1,1,1,1,,Adolescent/Adult,SL,IL,AL,Beyond,2015,Li & Kirby,1.1,,0.00411522633744856,L2DA.L2P,1958
Li & Kirby (2015),246,L2DA,L2M,1,1,1,1,,Adolescent/Adult,SL,IL,AL,Beyond,2015,Li & Kirby,1.1,,0.00411522633744856,L2DA.L2M,1959
Li & Kirby (2015),246,L2DA,L2L,1,1,1,1,,Adolescent/Adult,SL,IL,AL,Beyond,2015,Li & Kirby,1.1,,0.00411522633744856,L2DA.L2L,1960
Li & Kirby (2015),246,L2DF,L2V,1,1,1,1,0.2,Adolescent/Adult,SL,IL,AL,Beyond,2015,Li & Kirby,1.1,0.2027325540540822,0.00411522633744856,L2DF.L2V,1961
Li & Kirby (2015),246,L2DF,L2V,1,1,1,2,0.18,Adolescent/Adult,SL,IL,AL,Beyond,2015,Li & Kirby,1.2,0.1819826886007058,0.00411522633744856,L2DF.L2V,1962
Li & Kirby (2015),246,L2DF,L2V,1,1,1,3,0.23,Adolescent/Adult,SL,IL,AL,Beyond,2015,Li & Kirby,1.3,0.2341894667593668,0.00411522633744856,L2DF.L2V,1963
Li & Kirby (2015),246,L2DF,L2G,1,1,1,1,,Adolescent/Adult,SL,IL,AL,Beyond,2015,Li & Kirby,1.1,,0.00411522633744856,L2DF.L2G,1964
Li & Kirby (2015),246,L2DF,L2P,1,1,1,1,,Adolescent/Adult,SL,IL,AL,Beyond,2015,Li & Kirby,1.1,,0.00411522633744856,L2DF.L2P,1965
Li & Kirby (2015),246,L2DF,L2M,1,1,1,1,0.15,Adolescent/Adult,SL,IL,AL,Beyond,2015,Li & Kirby,1.1,0.15114043593646684,0.00411522633744856,L2DF.L2M,1966
Li & Kirby (2015),246,L2DF,L2L,1,1,1,1,,Adolescent/Adult,SL,IL,AL,Beyond,2015,Li & Kirby,1.1,,0.00411522633744856,L2DF.L2L,1967
Li & Kirby (2015),246,L2V,L2G,1,1,1,1,,Adolescent/Adult,SL,IL,AL,Beyond,2015,Li & Kirby,1.1,,0.00411522633744856,L2V.L2G,1968
Li & Kirby (2015),246,L2V,L2G,1,1,2,1,,Adolescent/Adult,SL,IL,AL,Beyond,2015,Li & Kirby,2.1,,0.00411522633744856,L2V.L2G,1969
Li & Kirby (2015),246,L2V,L2G,1,1,3,1,,Adolescent/Adult,SL,IL,AL,Beyond,2015,Li & Kirby,3.1,,0.00411522633744856,L2V.L2G,1970
Li & Kirby (2015),246,L2V,L2P,1,1,1,1,,Adolescent/Adult,SL,IL,AL,Beyond,2015,Li & Kirby,1.1,,0.00411522633744856,L2V.L2P,1971
Li & Kirby (2015),246,L2V,L2P,1,1,2,1,,Adolescent/Adult,SL,IL,AL,Beyond,2015,Li & Kirby,2.1,,0.00411522633744856,L2V.L2P,1972
Li & Kirby (2015),246,L2V,L2P,1,1,3,1,,Adolescent/Adult,SL,IL,AL,Beyond,2015,Li & Kirby,3.1,,0.00411522633744856,L2V.L2P,1973
Li & Kirby (2015),246,L2V,L2M,1,1,1,1,0.01,Adolescent/Adult,SL,IL,AL,Beyond,2015,Li & Kirby,1.1,0.010000333353334763,0.00411522633744856,L2V.L2M,1974
Li & Kirby (2015),246,L2V,L2M,1,1,2,1,0.21,Adolescent/Adult,SL,IL,AL,Beyond,2015,Li & Kirby,2.1,0.21317134656485978,0.00411522633744856,L2V.L2M,1975
Li & Kirby (2015),246,L2V,L2M,1,1,3,1,0.22,Adolescent/Adult,SL,IL,AL,Beyond,2015,Li & Kirby,3.1,0.22365610902183242,0.00411522633744856,L2V.L2M,1976
Li & Kirby (2015),246,L2V,L2L,1,1,1,1,,Adolescent/Adult,SL,IL,AL,Beyond,2015,Li & Kirby,1.1,,0.00411522633744856,L2V.L2L,1977
Li & Kirby (2015),246,L2V,L2L,1,1,2,1,,Adolescent/Adult,SL,IL,AL,Beyond,2015,Li & Kirby,2.1,,0.00411522633744856,L2V.L2L,1978
Li & Kirby (2015),246,L2V,L2L,1,1,3,1,,Adolescent/Adult,SL,IL,AL,Beyond,2015,Li & Kirby,3.1,,0.00411522633744856,L2V.L2L,1979
Li & Kirby (2015),246,L2G,L2P,1,1,1,1,,Adolescent/Adult,SL,IL,AL,Beyond,2015,Li & Kirby,1.1,,0.00411522633744856,L2G.L2P,1980
Li & Kirby (2015),246,L2G,L2M,1,1,1,1,,Adolescent/Adult,SL,IL,AL,Beyond,2015,Li & Kirby,1.1,,0.00411522633744856,L2G.L2M,1981
Li & Kirby (2015),246,L2G,L2L,1,1,1,1,,Adolescent/Adult,SL,IL,AL,Beyond,2015,Li & Kirby,1.1,,0.00411522633744856,L2G.L2L,1982
Li & Kirby (2015),246,L2P,L2M,1,1,1,1,,Adolescent/Adult,SL,IL,AL,Beyond,2015,Li & Kirby,1.1,,0.00411522633744856,L2P.L2M,1983
Li & Kirby (2015),246,L2P,L2L,1,1,1,1,,Adolescent/Adult,SL,IL,AL,Beyond,2015,Li & Kirby,1.1,,0.00411522633744856,L2P.L2L,1984
Li & Kirby (2015),246,L2M,L2L,1,1,1,1,,Adolescent/Adult,SL,IL,AL,Beyond,2015,Li & Kirby,1.1,,0.00411522633744856,L2M.L2L,1985
Limbird et al. (2014),91,L2R,L2DA,1,1,1,1,,Young,SL,IL,AA,Beyond,2014,Limbird et al.,1.1,,0.011363636363636364,L2R.L2DA,1986
Limbird et al. (2014),91,L2R,L2DF,1,1,1,1,0.59,Young,SL,IL,AA,Beyond,2014,Limbird et al.,1.1,0.6776660677579618,0.011363636363636364,L2R.L2DF,1987
Limbird et al. (2014),91,L2R,L2V,1,1,1,1,0.38,Young,SL,IL,AA,Beyond,2014,Limbird et al.,1.1,0.40005965005605654,0.011363636363636364,L2R.L2V,1988
Limbird et al. (2014),91,L2R,L2G,1,1,1,1,,Young,SL,IL,AA,Beyond,2014,Limbird et al.,1.1,,0.011363636363636364,L2R.L2G,1989
Limbird et al. (2014),91,L2R,L2P,1,1,1,1,0.39,Young,SL,IL,AA,Beyond,2014,Limbird et al.,1.1,0.4118000344786903,0.011363636363636364,L2R.L2P,1990
Limbird et al. (2014),91,L2R,L2M,1,1,1,1,,Young,SL,IL,AA,Beyond,2014,Limbird et al.,1.1,,0.011363636363636364,L2R.L2M,1991
Limbird et al. (2014),91,L2R,L2L,1,1,1,1,,Young,SL,IL,AA,Beyond,2014,Limbird et al.,1.1,,0.011363636363636364,L2R.L2L,1992
Limbird et al. (2014),91,L2DA,L2DF,1,1,1,1,,Young,SL,IL,AA,Beyond,2014,Limbird et al.,1.1,,0.011363636363636364,L2DA.L2DF,1993
Limbird et al. (2014),91,L2DA,L2V,1,1,1,1,,Young,SL,IL,AA,Beyond,2014,Limbird et al.,1.1,,0.011363636363636364,L2DA.L2V,1994
Limbird et al. (2014),91,L2DA,L2G,1,1,1,1,,Young,SL,IL,AA,Beyond,2014,Limbird et al.,1.1,,0.011363636363636364,L2DA.L2G,1995
Limbird et al. (2014),91,L2DA,L2P,1,1,1,1,,Young,SL,IL,AA,Beyond,2014,Limbird et al.,1.1,,0.011363636363636364,L2DA.L2P,1996
Limbird et al. (2014),91,L2DA,L2M,1,1,1,1,,Young,SL,IL,AA,Beyond,2014,Limbird et al.,1.1,,0.011363636363636364,L2DA.L2M,1997
Limbird et al. (2014),91,L2DA,L2L,1,1,1,1,,Young,SL,IL,AA,Beyond,2014,Limbird et al.,1.1,,0.011363636363636364,L2DA.L2L,1998
Limbird et al. (2014),91,L2DF,L2V,1,1,1,1,,Young,SL,IL,AA,Beyond,2014,Limbird et al.,1.1,,0.011363636363636364,L2DF.L2V,1999
Limbird et al. (2014),91,L2DF,L2G,1,1,1,1,,Young,SL,IL,AA,Beyond,2014,Limbird et al.,1.1,,0.011363636363636364,L2DF.L2G,2000
Limbird et al. (2014),91,L2DF,L2P,1,1,1,1,,Young,SL,IL,AA,Beyond,2014,Limbird et al.,1.1,,0.011363636363636364,L2DF.L2P,2001
Limbird et al. (2014),91,L2DF,L2M,1,1,1,1,,Young,SL,IL,AA,Beyond,2014,Limbird et al.,1.1,,0.011363636363636364,L2DF.L2M,2002
Limbird et al. (2014),91,L2DF,L2L,1,1,1,1,,Young,SL,IL,AA,Beyond,2014,Limbird et al.,1.1,,0.011363636363636364,L2DF.L2L,2003
Limbird et al. (2014),91,L2V,L2G,1,1,1,1,,Young,SL,IL,AA,Beyond,2014,Limbird et al.,1.1,,0.011363636363636364,L2V.L2G,2004
Limbird et al. (2014),91,L2V,L2P,1,1,1,1,,Young,SL,IL,AA,Beyond,2014,Limbird et al.,1.1,,0.011363636363636364,L2V.L2P,2005
Limbird et al. (2014),91,L2V,L2M,1,1,1,1,,Young,SL,IL,AA,Beyond,2014,Limbird et al.,1.1,,0.011363636363636364,L2V.L2M,2006
Limbird et al. (2014),91,L2V,L2L,1,1,1,1,,Young,SL,IL,AA,Beyond,2014,Limbird et al.,1.1,,0.011363636363636364,L2V.L2L,2007
Limbird et al. (2014),91,L2G,L2P,1,1,1,1,,Young,SL,IL,AA,Beyond,2014,Limbird et al.,1.1,,0.011363636363636364,L2G.L2P,2008
Limbird et al. (2014),91,L2G,L2M,1,1,1,1,,Young,SL,IL,AA,Beyond,2014,Limbird et al.,1.1,,0.011363636363636364,L2G.L2M,2009
Limbird et al. (2014),91,L2G,L2L,1,1,1,1,,Young,SL,IL,AA,Beyond,2014,Limbird et al.,1.1,,0.011363636363636364,L2G.L2L,2010
Limbird et al. (2014),91,L2P,L2M,1,1,1,1,,Young,SL,IL,AA,Beyond,2014,Limbird et al.,1.1,,0.011363636363636364,L2P.L2M,2011
Limbird et al. (2014),91,L2P,L2L,1,1,1,1,,Young,SL,IL,AA,Beyond,2014,Limbird et al.,1.1,,0.011363636363636364,L2P.L2L,2012
Limbird et al. (2014),91,L2M,L2L,1,1,1,1,,Young,SL,IL,AA,Beyond,2014,Limbird et al.,1.1,,0.011363636363636364,L2M.L2L,2013
Lindsey et al. (2003): Time 3,249,L2R,L2DA,1,1,1,1,0.52,Young,SL,II,AA,Beyond,2003,Lindsey et al.,1.1,0.5763397549691928,0.0040650406504065045,L2R.L2DA,2014
Lindsey et al. (2003): Time 3,249,L2R,L2DF,1,1,1,1,,Young,SL,II,AA,Beyond,2003,Lindsey et al.,1.1,,0.0040650406504065045,L2R.L2DF,2015
Lindsey et al. (2003): Time 3,249,L2R,L2V,1,1,1,1,0.44,Young,SL,II,AA,Beyond,2003,Lindsey et al.,1.1,0.47223080442042564,0.0040650406504065045,L2R.L2V,2016
Lindsey et al. (2003): Time 3,249,L2R,L2G,1,1,1,1,,Young,SL,II,AA,Beyond,2003,Lindsey et al.,1.1,,0.0040650406504065045,L2R.L2G,2017
Lindsey et al. (2003): Time 3,249,L2R,L2P,1,1,1,1,0.47,Young,SL,II,AA,Beyond,2003,Lindsey et al.,1.1,0.5100703366133073,0.0040650406504065045,L2R.L2P,2018
Lindsey et al. (2003): Time 3,249,L2R,L2M,1,1,1,1,,Young,SL,II,AA,Beyond,2003,Lindsey et al.,1.1,,0.0040650406504065045,L2R.L2M,2019
Lindsey et al. (2003): Time 3,249,L2R,L2L,1,1,1,1,,Young,SL,II,AA,Beyond,2003,Lindsey et al.,1.1,,0.0040650406504065045,L2R.L2L,2020
Lindsey et al. (2003): Time 3,249,L2DA,L2DF,1,1,1,1,,Young,SL,II,AA,Beyond,2003,Lindsey et al.,1.1,,0.0040650406504065045,L2DA.L2DF,2021
Lindsey et al. (2003): Time 3,249,L2DA,L2V,1,1,1,1,0.5,Young,SL,II,AA,Beyond,2003,Lindsey et al.,1.1,0.5493061443340549,0.0040650406504065045,L2DA.L2V,2022
Lindsey et al. (2003): Time 3,249,L2DA,L2G,1,1,1,1,,Young,SL,II,AA,Beyond,2003,Lindsey et al.,1.1,,0.0040650406504065045,L2DA.L2G,2023
Lindsey et al. (2003): Time 3,249,L2DA,L2P,1,1,1,1,0.42,Young,SL,II,AA,Beyond,2003,Lindsey et al.,1.1,0.44769202352742066,0.0040650406504065045,L2DA.L2P,2024
Lindsey et al. (2003): Time 3,249,L2DA,L2M,1,1,1,1,,Young,SL,II,AA,Beyond,2003,Lindsey et al.,1.1,,0.0040650406504065045,L2DA.L2M,2025
Lindsey et al. (2003): Time 3,249,L2DA,L2L,1,1,1,1,,Young,SL,II,AA,Beyond,2003,Lindsey et al.,1.1,,0.0040650406504065045,L2DA.L2L,2026
Lindsey et al. (2003): Time 3,249,L2DF,L2V,1,1,1,1,,Young,SL,II,AA,Beyond,2003,Lindsey et al.,1.1,,0.0040650406504065045,L2DF.L2V,2027
Lindsey et al. (2003): Time 3,249,L2DF,L2G,1,1,1,1,,Young,SL,II,AA,Beyond,2003,Lindsey et al.,1.1,,0.0040650406504065045,L2DF.L2G,2028
Lindsey et al. (2003): Time 3,249,L2DF,L2P,1,1,1,1,,Young,SL,II,AA,Beyond,2003,Lindsey et al.,1.1,,0.0040650406504065045,L2DF.L2P,2029
Lindsey et al. (2003): Time 3,249,L2DF,L2M,1,1,1,1,,Young,SL,II,AA,Beyond,2003,Lindsey et al.,1.1,,0.0040650406504065045,L2DF.L2M,2030
Lindsey et al. (2003): Time 3,249,L2DF,L2L,1,1,1,1,,Young,SL,II,AA,Beyond,2003,Lindsey et al.,1.1,,0.0040650406504065045,L2DF.L2L,2031
Lindsey et al. (2003): Time 3,249,L2V,L2G,1,1,1,1,,Young,SL,II,AA,Beyond,2003,Lindsey et al.,1.1,,0.0040650406504065045,L2V.L2G,2032
Lindsey et al. (2003): Time 3,249,L2V,L2P,1,1,1,1,0.41,Young,SL,II,AA,Beyond,2003,Lindsey et al.,1.1,0.43561122323622437,0.0040650406504065045,L2V.L2P,2033
Lindsey et al. (2003): Time 3,249,L2V,L2M,1,1,1,1,,Young,SL,II,AA,Beyond,2003,Lindsey et al.,1.1,,0.0040650406504065045,L2V.L2M,2034
Lindsey et al. (2003): Time 3,249,L2V,L2L,1,1,1,1,,Young,SL,II,AA,Beyond,2003,Lindsey et al.,1.1,,0.0040650406504065045,L2V.L2L,2035
Lindsey et al. (2003): Time 3,249,L2G,L2P,1,1,1,1,,Young,SL,II,AA,Beyond,2003,Lindsey et al.,1.1,,0.0040650406504065045,L2G.L2P,2036
Lindsey et al. (2003): Time 3,249,L2G,L2M,1,1,1,1,,Young,SL,II,AA,Beyond,2003,Lindsey et al.,1.1,,0.0040650406504065045,L2G.L2M,2037
Lindsey et al. (2003): Time 3,249,L2G,L2L,1,1,1,1,,Young,SL,II,AA,Beyond,2003,Lindsey et al.,1.1,,0.0040650406504065045,L2G.L2L,2038
Lindsey et al. (2003): Time 3,249,L2P,L2M,1,1,1,1,,Young,SL,II,AA,Beyond,2003,Lindsey et al.,1.1,,0.0040650406504065045,L2P.L2M,2039
Lindsey et al. (2003): Time 3,249,L2P,L2L,1,1,1,1,,Young,SL,II,AA,Beyond,2003,Lindsey et al.,1.1,,0.0040650406504065045,L2P.L2L,2040
Lindsey et al. (2003): Time 3,249,L2M,L2L,1,1,1,1,,Young,SL,II,AA,Beyond,2003,Lindsey et al.,1.1,,0.0040650406504065045,L2M.L2L,2041
Mancilla-Martinez & Lesaux (2010),173,L2R,L2DA,1,1,1,1,0.41,Young,SL,II,AA,Beyond,2010,Mancilla-Martinez & Lesaux,1.1,0.43561122323622437,0.0058823529411764705,L2R.L2DA,2042
Mancilla-Martinez & Lesaux (2010),173,L2R,L2DF,1,1,1,1,,Young,SL,II,AA,Beyond,2010,Mancilla-Martinez & Lesaux,1.1,,0.0058823529411764705,L2R.L2DF,2043
Mancilla-Martinez & Lesaux (2010),173,L2R,L2V,1,1,1,1,0.65,Young,SL,II,AA,Beyond,2010,Mancilla-Martinez & Lesaux,1.1,0.7752987062055836,0.0058823529411764705,L2R.L2V,2044
Mancilla-Martinez & Lesaux (2010),173,L2R,L2G,1,1,1,1,,Young,SL,II,AA,Beyond,2010,Mancilla-Martinez & Lesaux,1.1,,0.0058823529411764705,L2R.L2G,2045
Mancilla-Martinez & Lesaux (2010),173,L2R,L2P,1,1,1,1,,Young,SL,II,AA,Beyond,2010,Mancilla-Martinez & Lesaux,1.1,,0.0058823529411764705,L2R.L2P,2046
Mancilla-Martinez & Lesaux (2010),173,L2R,L2M,1,1,1,1,,Young,SL,II,AA,Beyond,2010,Mancilla-Martinez & Lesaux,1.1,,0.0058823529411764705,L2R.L2M,2047
Mancilla-Martinez & Lesaux (2010),173,L2R,L2L,1,1,1,1,,Young,SL,II,AA,Beyond,2010,Mancilla-Martinez & Lesaux,1.1,,0.0058823529411764705,L2R.L2L,2048
Mancilla-Martinez & Lesaux (2010),173,L2DA,L2DF,1,1,1,1,,Young,SL,II,AA,Beyond,2010,Mancilla-Martinez & Lesaux,1.1,,0.0058823529411764705,L2DA.L2DF,2049
Mancilla-Martinez & Lesaux (2010),173,L2DA,L2V,1,1,1,1,0.29,Young,SL,II,AA,Beyond,2010,Mancilla-Martinez & Lesaux,1.1,0.29856626366017835,0.0058823529411764705,L2DA.L2V,2050
Mancilla-Martinez & Lesaux (2010),173,L2DA,L2G,1,1,1,1,,Young,SL,II,AA,Beyond,2010,Mancilla-Martinez & Lesaux,1.1,,0.0058823529411764705,L2DA.L2G,2051
Mancilla-Martinez & Lesaux (2010),173,L2DA,L2P,1,1,1,1,,Young,SL,II,AA,Beyond,2010,Mancilla-Martinez & Lesaux,1.1,,0.0058823529411764705,L2DA.L2P,2052
Mancilla-Martinez & Lesaux (2010),173,L2DA,L2M,1,1,1,1,,Young,SL,II,AA,Beyond,2010,Mancilla-Martinez & Lesaux,1.1,,0.0058823529411764705,L2DA.L2M,2053
Mancilla-Martinez & Lesaux (2010),173,L2DA,L2L,1,1,1,1,,Young,SL,II,AA,Beyond,2010,Mancilla-Martinez & Lesaux,1.1,,0.0058823529411764705,L2DA.L2L,2054
Mancilla-Martinez & Lesaux (2010),173,L2DF,L2V,1,1,1,1,,Young,SL,II,AA,Beyond,2010,Mancilla-Martinez & Lesaux,1.1,,0.0058823529411764705,L2DF.L2V,2055
Mancilla-Martinez & Lesaux (2010),173,L2DF,L2G,1,1,1,1,,Young,SL,II,AA,Beyond,2010,Mancilla-Martinez & Lesaux,1.1,,0.0058823529411764705,L2DF.L2G,2056
Mancilla-Martinez & Lesaux (2010),173,L2DF,L2P,1,1,1,1,,Young,SL,II,AA,Beyond,2010,Mancilla-Martinez & Lesaux,1.1,,0.0058823529411764705,L2DF.L2P,2057
Mancilla-Martinez & Lesaux (2010),173,L2DF,L2M,1,1,1,1,,Young,SL,II,AA,Beyond,2010,Mancilla-Martinez & Lesaux,1.1,,0.0058823529411764705,L2DF.L2M,2058
Mancilla-Martinez & Lesaux (2010),173,L2DF,L2L,1,1,1,1,,Young,SL,II,AA,Beyond,2010,Mancilla-Martinez & Lesaux,1.1,,0.0058823529411764705,L2DF.L2L,2059
Mancilla-Martinez & Lesaux (2010),173,L2V,L2G,1,1,1,1,,Young,SL,II,AA,Beyond,2010,Mancilla-Martinez & Lesaux,1.1,,0.0058823529411764705,L2V.L2G,2060
Mancilla-Martinez & Lesaux (2010),173,L2V,L2P,1,1,1,1,,Young,SL,II,AA,Beyond,2010,Mancilla-Martinez & Lesaux,1.1,,0.0058823529411764705,L2V.L2P,2061
Mancilla-Martinez & Lesaux (2010),173,L2V,L2M,1,1,1,1,,Young,SL,II,AA,Beyond,2010,Mancilla-Martinez & Lesaux,1.1,,0.0058823529411764705,L2V.L2M,2062
Mancilla-Martinez & Lesaux (2010),173,L2V,L2L,1,1,1,1,,Young,SL,II,AA,Beyond,2010,Mancilla-Martinez & Lesaux,1.1,,0.0058823529411764705,L2V.L2L,2063
Mancilla-Martinez & Lesaux (2010),173,L2G,L2P,1,1,1,1,,Young,SL,II,AA,Beyond,2010,Mancilla-Martinez & Lesaux,1.1,,0.0058823529411764705,L2G.L2P,2064
Mancilla-Martinez & Lesaux (2010),173,L2G,L2M,1,1,1,1,,Young,SL,II,AA,Beyond,2010,Mancilla-Martinez & Lesaux,1.1,,0.0058823529411764705,L2G.L2M,2065
Mancilla-Martinez & Lesaux (2010),173,L2G,L2L,1,1,1,1,,Young,SL,II,AA,Beyond,2010,Mancilla-Martinez & Lesaux,1.1,,0.0058823529411764705,L2G.L2L,2066
Mancilla-Martinez & Lesaux (2010),173,L2P,L2M,1,1,1,1,,Young,SL,II,AA,Beyond,2010,Mancilla-Martinez & Lesaux,1.1,,0.0058823529411764705,L2P.L2M,2067
Mancilla-Martinez & Lesaux (2010),173,L2P,L2L,1,1,1,1,,Young,SL,II,AA,Beyond,2010,Mancilla-Martinez & Lesaux,1.1,,0.0058823529411764705,L2P.L2L,2068
Mancilla-Martinez & Lesaux (2010),173,L2M,L2L,1,1,1,1,,Young,SL,II,AA,Beyond,2010,Mancilla-Martinez & Lesaux,1.1,,0.0058823529411764705,L2M.L2L,2069
Mecartty (2000): Sample 1,77,L2R,L2DA,1,1,1,1,,Adolescent/Adult,FL,II,AA,Beyond,2000,Mecartty,1.1,,0.013513513513513514,L2R.L2DA,2070
Mecartty (2000): Sample 1,77,L2R,L2DF,1,1,1,1,,Adolescent/Adult,FL,II,AA,Beyond,2000,Mecartty,1.1,,0.013513513513513514,L2R.L2DF,2071
Mecartty (2000): Sample 1,77,L2R,L2V,1,1,1,1,,Adolescent/Adult,FL,II,AA,Beyond,2000,Mecartty,1.1,,0.013513513513513514,L2R.L2V,2072
Mecartty (2000): Sample 1,77,L2R,L2G,1,1,1,1,,Adolescent/Adult,FL,II,AA,Beyond,2000,Mecartty,1.1,,0.013513513513513514,L2R.L2G,2073
Mecartty (2000): Sample 1,77,L2R,L2P,1,1,1,1,,Adolescent/Adult,FL,II,AA,Beyond,2000,Mecartty,1.1,,0.013513513513513514,L2R.L2P,2074
Mecartty (2000): Sample 1,77,L2R,L2M,1,1,1,1,,Adolescent/Adult,FL,II,AA,Beyond,2000,Mecartty,1.1,,0.013513513513513514,L2R.L2M,2075
Mecartty (2000): Sample 1,77,L2R,L2L,1,1,1,1,,Adolescent/Adult,FL,II,AA,Beyond,2000,Mecartty,1.1,,0.013513513513513514,L2R.L2L,2076
Mecartty (2000): Sample 1,77,L2DA,L2DF,1,1,1,1,,Adolescent/Adult,FL,II,AA,Beyond,2000,Mecartty,1.1,,0.013513513513513514,L2DA.L2DF,2077
Mecartty (2000): Sample 1,77,L2DA,L2V,1,1,1,1,,Adolescent/Adult,FL,II,AA,Beyond,2000,Mecartty,1.1,,0.013513513513513514,L2DA.L2V,2078
Mecartty (2000): Sample 1,77,L2DA,L2G,1,1,1,1,,Adolescent/Adult,FL,II,AA,Beyond,2000,Mecartty,1.1,,0.013513513513513514,L2DA.L2G,2079
Mecartty (2000): Sample 1,77,L2DA,L2P,1,1,1,1,,Adolescent/Adult,FL,II,AA,Beyond,2000,Mecartty,1.1,,0.013513513513513514,L2DA.L2P,2080
Mecartty (2000): Sample 1,77,L2DA,L2M,1,1,1,1,,Adolescent/Adult,FL,II,AA,Beyond,2000,Mecartty,1.1,,0.013513513513513514,L2DA.L2M,2081
Mecartty (2000): Sample 1,77,L2DA,L2L,1,1,1,1,,Adolescent/Adult,FL,II,AA,Beyond,2000,Mecartty,1.1,,0.013513513513513514,L2DA.L2L,2082
Mecartty (2000): Sample 1,77,L2DF,L2V,1,1,1,1,,Adolescent/Adult,FL,II,AA,Beyond,2000,Mecartty,1.1,,0.013513513513513514,L2DF.L2V,2083
Mecartty (2000): Sample 1,77,L2DF,L2G,1,1,1,1,,Adolescent/Adult,FL,II,AA,Beyond,2000,Mecartty,1.1,,0.013513513513513514,L2DF.L2G,2084
Mecartty (2000): Sample 1,77,L2DF,L2P,1,1,1,1,,Adolescent/Adult,FL,II,AA,Beyond,2000,Mecartty,1.1,,0.013513513513513514,L2DF.L2P,2085
Mecartty (2000): Sample 1,77,L2DF,L2M,1,1,1,1,,Adolescent/Adult,FL,II,AA,Beyond,2000,Mecartty,1.1,,0.013513513513513514,L2DF.L2M,2086
Mecartty (2000): Sample 1,77,L2DF,L2L,1,1,1,1,,Adolescent/Adult,FL,II,AA,Beyond,2000,Mecartty,1.1,,0.013513513513513514,L2DF.L2L,2087
Mecartty (2000): Sample 1,77,L2V,L2G,1,1,1,1,,Adolescent/Adult,FL,II,AA,Beyond,2000,Mecartty,1.1,,0.013513513513513514,L2V.L2G,2088
Mecartty (2000): Sample 1,77,L2V,L2P,1,1,1,1,,Adolescent/Adult,FL,II,AA,Beyond,2000,Mecartty,1.1,,0.013513513513513514,L2V.L2P,2089
Mecartty (2000): Sample 1,77,L2V,L2M,1,1,1,1,,Adolescent/Adult,FL,II,AA,Beyond,2000,Mecartty,1.1,,0.013513513513513514,L2V.L2M,2090
Mecartty (2000): Sample 1,77,L2V,L2L,1,1,1,1,0.38,Adolescent/Adult,FL,II,AA,Beyond,2000,Mecartty,1.1,0.40005965005605654,0.013513513513513514,L2V.L2L,2091
Mecartty (2000): Sample 1,77,L2G,L2P,1,1,1,1,,Adolescent/Adult,FL,II,AA,Beyond,2000,Mecartty,1.1,,0.013513513513513514,L2G.L2P,2092
Mecartty (2000): Sample 1,77,L2G,L2M,1,1,1,1,,Adolescent/Adult,FL,II,AA,Beyond,2000,Mecartty,1.1,,0.013513513513513514,L2G.L2M,2093
Mecartty (2000): Sample 1,77,L2G,L2L,1,1,1,1,0.26,Adolescent/Adult,FL,II,AA,Beyond,2000,Mecartty,1.1,0.2661084068736541,0.013513513513513514,L2G.L2L,2094
Mecartty (2000): Sample 1,77,L2P,L2M,1,1,1,1,,Adolescent/Adult,FL,II,AA,Beyond,2000,Mecartty,1.1,,0.013513513513513514,L2P.L2M,2095
Mecartty (2000): Sample 1,77,L2P,L2L,1,1,1,1,,Adolescent/Adult,FL,II,AA,Beyond,2000,Mecartty,1.1,,0.013513513513513514,L2P.L2L,2096
Mecartty (2000): Sample 1,77,L2M,L2L,1,1,1,1,,Adolescent/Adult,FL,II,AA,Beyond,2000,Mecartty,1.1,,0.013513513513513514,L2M.L2L,2097
Mecartty (2000): Sample 2,79,L2R,L2DA,2,1,1,1,,Adolescent/Adult,FL,II,AA,Beyond,2000,Mecartty,1.1,,0.013157894736842105,L2R.L2DA,2098
Mecartty (2000): Sample 2,79,L2R,L2DF,2,1,1,1,,Adolescent/Adult,FL,II,AA,Beyond,2000,Mecartty,1.1,,0.013157894736842105,L2R.L2DF,2099
Mecartty (2000): Sample 2,79,L2R,L2V,2,1,1,1,0.5,Adolescent/Adult,FL,II,AA,Beyond,2000,Mecartty,1.1,0.5493061443340549,0.013157894736842105,L2R.L2V,2100
Mecartty (2000): Sample 2,79,L2R,L2G,2,1,1,1,0.34,Adolescent/Adult,FL,II,AA,Beyond,2000,Mecartty,1.1,0.3540925289622429,0.013157894736842105,L2R.L2G,2101
Mecartty (2000): Sample 2,79,L2R,L2P,2,1,1,1,,Adolescent/Adult,FL,II,AA,Beyond,2000,Mecartty,1.1,,0.013157894736842105,L2R.L2P,2102
Mecartty (2000): Sample 2,79,L2R,L2M,2,1,1,1,,Adolescent/Adult,FL,II,AA,Beyond,2000,Mecartty,1.1,,0.013157894736842105,L2R.L2M,2103
Mecartty (2000): Sample 2,79,L2R,L2L,2,1,1,1,,Adolescent/Adult,FL,II,AA,Beyond,2000,Mecartty,1.1,,0.013157894736842105,L2R.L2L,2104
Mecartty (2000): Sample 2,79,L2DA,L2DF,2,1,1,1,,Adolescent/Adult,FL,II,AA,Beyond,2000,Mecartty,1.1,,0.013157894736842105,L2DA.L2DF,2105
Mecartty (2000): Sample 2,79,L2DA,L2V,2,1,1,1,,Adolescent/Adult,FL,II,AA,Beyond,2000,Mecartty,1.1,,0.013157894736842105,L2DA.L2V,2106
Mecartty (2000): Sample 2,79,L2DA,L2G,2,1,1,1,,Adolescent/Adult,FL,II,AA,Beyond,2000,Mecartty,1.1,,0.013157894736842105,L2DA.L2G,2107
Mecartty (2000): Sample 2,79,L2DA,L2P,2,1,1,1,,Adolescent/Adult,FL,II,AA,Beyond,2000,Mecartty,1.1,,0.013157894736842105,L2DA.L2P,2108
Mecartty (2000): Sample 2,79,L2DA,L2M,2,1,1,1,,Adolescent/Adult,FL,II,AA,Beyond,2000,Mecartty,1.1,,0.013157894736842105,L2DA.L2M,2109
Mecartty (2000): Sample 2,79,L2DA,L2L,2,1,1,1,,Adolescent/Adult,FL,II,AA,Beyond,2000,Mecartty,1.1,,0.013157894736842105,L2DA.L2L,2110
Mecartty (2000): Sample 2,79,L2DF,L2V,2,1,1,1,,Adolescent/Adult,FL,II,AA,Beyond,2000,Mecartty,1.1,,0.013157894736842105,L2DF.L2V,2111
Mecartty (2000): Sample 2,79,L2DF,L2G,2,1,1,1,,Adolescent/Adult,FL,II,AA,Beyond,2000,Mecartty,1.1,,0.013157894736842105,L2DF.L2G,2112
Mecartty (2000): Sample 2,79,L2DF,L2P,2,1,1,1,,Adolescent/Adult,FL,II,AA,Beyond,2000,Mecartty,1.1,,0.013157894736842105,L2DF.L2P,2113
Mecartty (2000): Sample 2,79,L2DF,L2M,2,1,1,1,,Adolescent/Adult,FL,II,AA,Beyond,2000,Mecartty,1.1,,0.013157894736842105,L2DF.L2M,2114
Mecartty (2000): Sample 2,79,L2DF,L2L,2,1,1,1,,Adolescent/Adult,FL,II,AA,Beyond,2000,Mecartty,1.1,,0.013157894736842105,L2DF.L2L,2115
Mecartty (2000): Sample 2,79,L2V,L2G,2,1,1,1,0.53,Adolescent/Adult,FL,II,AA,Beyond,2000,Mecartty,1.1,0.5901451598411885,0.013157894736842105,L2V.L2G,2116
Mecartty (2000): Sample 2,79,L2V,L2P,2,1,1,1,,Adolescent/Adult,FL,II,AA,Beyond,2000,Mecartty,1.1,,0.013157894736842105,L2V.L2P,2117
Mecartty (2000): Sample 2,79,L2V,L2M,2,1,1,1,,Adolescent/Adult,FL,II,AA,Beyond,2000,Mecartty,1.1,,0.013157894736842105,L2V.L2M,2118
Mecartty (2000): Sample 2,79,L2V,L2L,2,1,1,1,,Adolescent/Adult,FL,II,AA,Beyond,2000,Mecartty,1.1,,0.013157894736842105,L2V.L2L,2119
Mecartty (2000): Sample 2,79,L2G,L2P,2,1,1,1,,Adolescent/Adult,FL,II,AA,Beyond,2000,Mecartty,1.1,,0.013157894736842105,L2G.L2P,2120
Mecartty (2000): Sample 2,79,L2G,L2M,2,1,1,1,,Adolescent/Adult,FL,II,AA,Beyond,2000,Mecartty,1.1,,0.013157894736842105,L2G.L2M,2121
Mecartty (2000): Sample 2,79,L2G,L2L,2,1,1,1,,Adolescent/Adult,FL,II,AA,Beyond,2000,Mecartty,1.1,,0.013157894736842105,L2G.L2L,2122
Mecartty (2000): Sample 2,79,L2P,L2M,2,1,1,1,,Adolescent/Adult,FL,II,AA,Beyond,2000,Mecartty,1.1,,0.013157894736842105,L2P.L2M,2123
Mecartty (2000): Sample 2,79,L2P,L2L,2,1,1,1,,Adolescent/Adult,FL,II,AA,Beyond,2000,Mecartty,1.1,,0.013157894736842105,L2P.L2L,2124
Mecartty (2000): Sample 2,79,L2M,L2L,2,1,1,1,,Adolescent/Adult,SL,II,AA,Beyond,2000,Mecartty,1.1,,0.013157894736842105,L2M.L2L,2125
Nassaji & Geva (1999),60,L2R,L2DA,1,1,1,1,0.53,Adolescent/Adult,SL,II,AA,Beyond,1999,Nassaji & Geva,1.1,0.5901451598411885,0.017543859649122806,L2R.L2DA,2126
Nassaji & Geva (1999),60,L2R,L2DA,1,1,1,2,-0.2,Adolescent/Adult,SL,II,AA,Beyond,1999,Nassaji & Geva,1.2,-0.2027325540540822,0.017543859649122806,L2R.L2DA,2127
Nassaji & Geva (1999),60,L2R,L2DF,1,1,1,1,,Adolescent/Adult,SL,II,AA,Beyond,1999,Nassaji & Geva,1.1,,0.017543859649122806,L2R.L2DF,2128
Nassaji & Geva (1999),60,L2R,L2V,1,1,1,1,0.59,Adolescent/Adult,SL,II,AA,Beyond,1999,Nassaji & Geva,1.1,0.6776660677579618,0.017543859649122806,L2R.L2V,2129
Nassaji & Geva (1999),60,L2R,L2G,1,1,1,1,0.44,Adolescent/Adult,SL,II,AA,Beyond,1999,Nassaji & Geva,1.1,0.47223080442042564,0.017543859649122806,L2R.L2G,2130
Nassaji & Geva (1999),60,L2R,L2P,1,1,1,1,,Adolescent/Adult,SL,II,AA,Beyond,1999,Nassaji & Geva,1.1,,0.017543859649122806,L2R.L2P,2131
Nassaji & Geva (1999),60,L2R,L2M,1,1,1,1,,Adolescent/Adult,SL,II,AA,Beyond,1999,Nassaji & Geva,1.1,,0.017543859649122806,L2R.L2M,2132
Nassaji & Geva (1999),60,L2R,L2L,1,1,1,1,,Adolescent/Adult,SL,II,AA,Beyond,1999,Nassaji & Geva,1.1,,0.017543859649122806,L2R.L2L,2133
Nassaji & Geva (1999),60,L2DA,L2DF,1,1,1,1,,Adolescent/Adult,SL,II,AA,Beyond,1999,Nassaji & Geva,1.1,,0.017543859649122806,L2DA.L2DF,2134
Nassaji & Geva (1999),60,L2DA,L2DF,1,1,1,2,,Adolescent/Adult,SL,II,AA,Beyond,1999,Nassaji & Geva,1.2,,0.017543859649122806,L2DA.L2DF,2135
Nassaji & Geva (1999),60,L2DA,L2V,1,1,1,1,0.58,Adolescent/Adult,SL,II,AA,Beyond,1999,Nassaji & Geva,1.1,0.6624627073717991,0.017543859649122806,L2DA.L2V,2136
Nassaji & Geva (1999),60,L2DA,L2V,1,1,1,2,-0.17,Adolescent/Adult,SL,II,AA,Beyond,1999,Nassaji & Geva,1.2,-0.1716666635005791,0.017543859649122806,L2DA.L2V,2137
Nassaji & Geva (1999),60,L2DA,L2G,1,1,1,1,0.42,Adolescent/Adult,SL,II,AA,Beyond,1999,Nassaji & Geva,1.1,0.44769202352742066,0.017543859649122806,L2DA.L2G,2138
Nassaji & Geva (1999),60,L2DA,L2G,1,1,1,2,-0.22,Adolescent/Adult,SL,II,AA,Beyond,1999,Nassaji & Geva,1.2,-0.22365610902183242,0.017543859649122806,L2DA.L2G,2139
Nassaji & Geva (1999),60,L2DA,L2P,1,1,1,1,,Adolescent/Adult,SL,II,AA,Beyond,1999,Nassaji & Geva,1.1,,0.017543859649122806,L2DA.L2P,2140
Nassaji & Geva (1999),60,L2DA,L2P,1,1,1,2,,Adolescent/Adult,SL,II,AA,Beyond,1999,Nassaji & Geva,1.2,,0.017543859649122806,L2DA.L2P,2141
Nassaji & Geva (1999),60,L2DA,L2M,1,1,1,1,,Adolescent/Adult,SL,II,AA,Beyond,1999,Nassaji & Geva,1.1,,0.017543859649122806,L2DA.L2M,2142
Nassaji & Geva (1999),60,L2DA,L2M,1,1,1,2,,Adolescent/Adult,SL,II,AA,Beyond,1999,Nassaji & Geva,1.2,,0.017543859649122806,L2DA.L2M,2143
Nassaji & Geva (1999),60,L2DA,L2L,1,1,1,1,,Adolescent/Adult,SL,II,AA,Beyond,1999,Nassaji & Geva,1.1,,0.017543859649122806,L2DA.L2L,2144
Nassaji & Geva (1999),60,L2DA,L2L,1,1,1,2,,Adolescent/Adult,SL,II,AA,Beyond,1999,Nassaji & Geva,1.2,,0.017543859649122806,L2DA.L2L,2145
Nassaji & Geva (1999),60,L2DF,L2V,1,1,1,1,,Adolescent/Adult,SL,II,AA,Beyond,1999,Nassaji & Geva,1.1,,0.017543859649122806,L2DF.L2V,2146
Nassaji & Geva (1999),60,L2DF,L2G,1,1,1,1,,Adolescent/Adult,SL,II,AA,Beyond,1999,Nassaji & Geva,1.1,,0.017543859649122806,L2DF.L2G,2147
Nassaji & Geva (1999),60,L2DF,L2P,1,1,1,1,,Adolescent/Adult,SL,II,AA,Beyond,1999,Nassaji & Geva,1.1,,0.017543859649122806,L2DF.L2P,2148
Nassaji & Geva (1999),60,L2DF,L2M,1,1,1,1,,Adolescent/Adult,SL,II,AA,Beyond,1999,Nassaji & Geva,1.1,,0.017543859649122806,L2DF.L2M,2149
Nassaji & Geva (1999),60,L2DF,L2L,1,1,1,1,,Adolescent/Adult,SL,II,AA,Beyond,1999,Nassaji & Geva,1.1,,0.017543859649122806,L2DF.L2L,2150
Nassaji & Geva (1999),60,L2V,L2G,1,1,1,1,0.55,Adolescent/Adult,SL,II,AA,Beyond,1999,Nassaji & Geva,1.1,0.6183813135744636,0.017543859649122806,L2V.L2G,2151
Nassaji & Geva (1999),60,L2V,L2P,1,1,1,1,,Adolescent/Adult,SL,II,AA,Beyond,1999,Nassaji & Geva,1.1,,0.017543859649122806,L2V.L2P,2152
Nassaji & Geva (1999),60,L2V,L2M,1,1,1,1,,Adolescent/Adult,SL,II,AA,Beyond,1999,Nassaji & Geva,1.1,,0.017543859649122806,L2V.L2M,2153
Nassaji & Geva (1999),60,L2V,L2L,1,1,1,1,,Adolescent/Adult,SL,II,AA,Beyond,1999,Nassaji & Geva,1.1,,0.017543859649122806,L2V.L2L,2154
Nassaji & Geva (1999),60,L2G,L2P,1,1,1,1,,Adolescent/Adult,SL,II,AA,Beyond,1999,Nassaji & Geva,1.1,,0.017543859649122806,L2G.L2P,2155
Nassaji & Geva (1999),60,L2G,L2M,1,1,1,1,,Adolescent/Adult,SL,II,AA,Beyond,1999,Nassaji & Geva,1.1,,0.017543859649122806,L2G.L2M,2156
Nassaji & Geva (1999),60,L2G,L2L,1,1,1,1,,Adolescent/Adult,SL,II,AA,Beyond,1999,Nassaji & Geva,1.1,,0.017543859649122806,L2G.L2L,2157
Nassaji & Geva (1999),60,L2P,L2M,1,1,1,1,,Adolescent/Adult,SL,II,AA,Beyond,1999,Nassaji & Geva,1.1,,0.017543859649122806,L2P.L2M,2158
Nassaji & Geva (1999),60,L2P,L2L,1,1,1,1,,Adolescent/Adult,SL,II,AA,Beyond,1999,Nassaji & Geva,1.1,,0.017543859649122806,L2P.L2L,2159
Nassaji & Geva (1999),60,L2M,L2L,1,1,1,1,,Adolescent/Adult,SL,II,AA,Beyond,1999,Nassaji & Geva,1.1,,0.017543859649122806,L2M.L2L,2160
Noonan et al. (1997),94,L2R,L2DA,1,1,1,1,,Young,SL,II,AA,Beyond,1997,Noonan et al.,1.1,,0.01098901098901099,L2R.L2DA,2161
Noonan et al. (1997),94,L2R,L2DF,1,1,1,1,,Young,SL,II,AA,Beyond,1997,Noonan et al.,1.1,,0.01098901098901099,L2R.L2DF,2162
Noonan et al. (1997),94,L2R,L2V,1,1,1,1,0.75,Young,SL,II,AA,Beyond,1997,Noonan et al.,1.1,0.9729550745276566,0.01098901098901099,L2R.L2V,2163
Noonan et al. (1997),94,L2R,L2G,1,1,1,1,,Young,SL,II,AA,Beyond,1997,Noonan et al.,1.1,,0.01098901098901099,L2R.L2G,2164
Noonan et al. (1997),94,L2R,L2P,1,1,1,1,,Young,SL,II,AA,Beyond,1997,Noonan et al.,1.1,,0.01098901098901099,L2R.L2P,2165
Noonan et al. (1997),94,L2R,L2M,1,1,1,1,,Young,SL,II,AA,Beyond,1997,Noonan et al.,1.1,,0.01098901098901099,L2R.L2M,2166
Noonan et al. (1997),94,L2R,L2L,1,1,1,1,,Young,SL,II,AA,Beyond,1997,Noonan et al.,1.1,,0.01098901098901099,L2R.L2L,2167
Noonan et al. (1997),94,L2DA,L2DF,1,1,1,1,,Young,SL,II,AA,Beyond,1997,Noonan et al.,1.1,,0.01098901098901099,L2DA.L2DF,2168
Noonan et al. (1997),94,L2DA,L2V,1,1,1,1,,Young,SL,II,AA,Beyond,1997,Noonan et al.,1.1,,0.01098901098901099,L2DA.L2V,2169
Noonan et al. (1997),94,L2DA,L2G,1,1,1,1,,Young,SL,II,AA,Beyond,1997,Noonan et al.,1.1,,0.01098901098901099,L2DA.L2G,2170
Noonan et al. (1997),94,L2DA,L2P,1,1,1,1,,Young,SL,II,AA,Beyond,1997,Noonan et al.,1.1,,0.01098901098901099,L2DA.L2P,2171
Noonan et al. (1997),94,L2DA,L2M,1,1,1,1,,Young,SL,II,AA,Beyond,1997,Noonan et al.,1.1,,0.01098901098901099,L2DA.L2M,2172
Noonan et al. (1997),94,L2DA,L2L,1,1,1,1,,Young,SL,II,AA,Beyond,1997,Noonan et al.,1.1,,0.01098901098901099,L2DA.L2L,2173
Noonan et al. (1997),94,L2DF,L2V,1,1,1,1,,Young,SL,II,AA,Beyond,1997,Noonan et al.,1.1,,0.01098901098901099,L2DF.L2V,2174
Noonan et al. (1997),94,L2DF,L2G,1,1,1,1,,Young,SL,II,AA,Beyond,1997,Noonan et al.,1.1,,0.01098901098901099,L2DF.L2G,2175
Noonan et al. (1997),94,L2DF,L2P,1,1,1,1,,Young,SL,II,AA,Beyond,1997,Noonan et al.,1.1,,0.01098901098901099,L2DF.L2P,2176
Noonan et al. (1997),94,L2DF,L2M,1,1,1,1,,Young,SL,II,AA,Beyond,1997,Noonan et al.,1.1,,0.01098901098901099,L2DF.L2M,2177
Noonan et al. (1997),94,L2DF,L2L,1,1,1,1,,Young,SL,II,AA,Beyond,1997,Noonan et al.,1.1,,0.01098901098901099,L2DF.L2L,2178
Noonan et al. (1997),94,L2V,L2G,1,1,1,1,,Young,SL,II,AA,Beyond,1997,Noonan et al.,1.1,,0.01098901098901099,L2V.L2G,2179
Noonan et al. (1997),94,L2V,L2P,1,1,1,1,,Young,SL,II,AA,Beyond,1997,Noonan et al.,1.1,,0.01098901098901099,L2V.L2P,2180
Noonan et al. (1997),94,L2V,L2M,1,1,1,1,,Young,SL,II,AA,Beyond,1997,Noonan et al.,1.1,,0.01098901098901099,L2V.L2M,2181
Noonan et al. (1997),94,L2V,L2L,1,1,1,1,,Young,SL,II,AA,Beyond,1997,Noonan et al.,1.1,,0.01098901098901099,L2V.L2L,2182
Noonan et al. (1997),94,L2G,L2P,1,1,1,1,,Young,SL,II,AA,Beyond,1997,Noonan et al.,1.1,,0.01098901098901099,L2G.L2P,2183
Noonan et al. (1997),94,L2G,L2M,1,1,1,1,,Young,SL,II,AA,Beyond,1997,Noonan et al.,1.1,,0.01098901098901099,L2G.L2M,2184
Noonan et al. (1997),94,L2G,L2L,1,1,1,1,,Young,SL,II,AA,Beyond,1997,Noonan et al.,1.1,,0.01098901098901099,L2G.L2L,2185
Noonan et al. (1997),94,L2P,L2M,1,1,1,1,,Young,SL,II,AA,Beyond,1997,Noonan et al.,1.1,,0.01098901098901099,L2P.L2M,2186
Noonan et al. (1997),94,L2P,L2L,1,1,1,1,,Young,SL,II,AA,Beyond,1997,Noonan et al.,1.1,,0.01098901098901099,L2P.L2L,2187
Noonan et al. (1997),94,L2M,L2L,1,1,1,1,,Young,SL,II,AA,Beyond,1997,Noonan et al.,1.1,,0.01098901098901099,L2M.L2L,2188
Oh (2016),75,L2R,L2DA,1,1,1,1,,Adolescent/Adult,FL,,,Beyond,2016,Oh,1.1,,0.013888888888888888,L2R.L2DA,2189
Oh (2016),75,L2R,L2DF,1,1,1,1,,Adolescent/Adult,FL,,,Beyond,2016,Oh,1.1,,0.013888888888888888,L2R.L2DF,2190
Oh (2016),75,L2R,L2V,1,1,1,1,0.56,Adolescent/Adult,FL,,,Beyond,2016,Oh,1.1,0.632833186665638,0.013888888888888888,L2R.L2V,2191
Oh (2016),75,L2R,L2V,1,1,1,2,0.6,Adolescent/Adult,FL,,,Beyond,2016,Oh,1.2,0.6931471805599453,0.013888888888888888,L2R.L2V,2192
Oh (2016),75,L2R,L2V,1,1,1,3,0.55,Adolescent/Adult,FL,,,Beyond,2016,Oh,1.3,0.6183813135744636,0.013888888888888888,L2R.L2V,2193
Oh (2016),75,L2R,L2G,1,1,1,1,0.53,Adolescent/Adult,FL,,,Beyond,2016,Oh,1.1,0.5901451598411885,0.013888888888888888,L2R.L2G,2194
Oh (2016),75,L2R,L2G,1,1,1,2,0.59,Adolescent/Adult,FL,,,Beyond,2016,Oh,1.2,0.6776660677579618,0.013888888888888888,L2R.L2G,2195
Oh (2016),75,L2R,L2P,1,1,1,1,,Adolescent/Adult,FL,,,Beyond,2016,Oh,1.1,,0.013888888888888888,L2R.L2P,2196
Oh (2016),75,L2R,L2M,1,1,1,1,,Adolescent/Adult,FL,,,Beyond,2016,Oh,1.1,,0.013888888888888888,L2R.L2M,2197
Oh (2016),75,L2R,L2L,1,1,1,1,0.64,Adolescent/Adult,FL,,,Beyond,2016,Oh,1.1,0.7581737446840442,0.013888888888888888,L2R.L2L,2198
Oh (2016),75,L2DA,L2DF,1,1,1,1,,Adolescent/Adult,FL,,,Beyond,2016,Oh,1.1,,0.013888888888888888,L2DA.L2DF,2199
Oh (2016),75,L2DA,L2V,1,1,1,1,,Adolescent/Adult,FL,,,Beyond,2016,Oh,1.1,,0.013888888888888888,L2DA.L2V,2200
Oh (2016),75,L2DA,L2V,1,1,1,2,,Adolescent/Adult,FL,,,Beyond,2016,Oh,1.2,,0.013888888888888888,L2DA.L2V,2201
Oh (2016),75,L2DA,L2V,1,1,1,3,,Adolescent/Adult,FL,,,Beyond,2016,Oh,1.3,,0.013888888888888888,L2DA.L2V,2202
Oh (2016),75,L2DA,L2G,1,1,1,1,,Adolescent/Adult,FL,,,Beyond,2016,Oh,1.1,,0.013888888888888888,L2DA.L2G,2203
Oh (2016),75,L2DA,L2G,1,1,1,2,,Adolescent/Adult,FL,,,Beyond,2016,Oh,1.2,,0.013888888888888888,L2DA.L2G,2204
Oh (2016),75,L2DA,L2G,1,1,1,3,,Adolescent/Adult,FL,,,Beyond,2016,Oh,1.3,,0.013888888888888888,L2DA.L2G,2205
Oh (2016),75,L2DA,L2P,1,1,1,1,,Adolescent/Adult,FL,,,Beyond,2016,Oh,1.1,,0.013888888888888888,L2DA.L2P,2206
Oh (2016),75,L2DA,L2M,1,1,1,1,,Adolescent/Adult,FL,,,Beyond,2016,Oh,1.1,,0.013888888888888888,L2DA.L2M,2207
Oh (2016),75,L2DA,L2L,1,1,1,1,,Adolescent/Adult,FL,,,Beyond,2016,Oh,1.1,,0.013888888888888888,L2DA.L2L,2208
Oh (2016),75,L2DF,L2V,1,1,1,1,,Adolescent/Adult,FL,,,Beyond,2016,Oh,1.1,,0.013888888888888888,L2DF.L2V,2209
Oh (2016),75,L2DF,L2V,1,1,1,2,,Adolescent/Adult,FL,,,Beyond,2016,Oh,1.2,,0.013888888888888888,L2DF.L2V,2210
Oh (2016),75,L2DF,L2V,1,1,1,3,,Adolescent/Adult,FL,,,Beyond,2016,Oh,1.3,,0.013888888888888888,L2DF.L2V,2211
Oh (2016),75,L2DF,L2G,1,1,1,1,,Adolescent/Adult,FL,,,Beyond,2016,Oh,1.1,,0.013888888888888888,L2DF.L2G,2212
Oh (2016),75,L2DF,L2G,1,1,1,2,,Adolescent/Adult,FL,,,Beyond,2016,Oh,1.2,,0.013888888888888888,L2DF.L2G,2213
Oh (2016),75,L2DF,L2P,1,1,1,1,,Adolescent/Adult,FL,,,Beyond,2016,Oh,1.1,,0.013888888888888888,L2DF.L2P,2214
Oh (2016),75,L2DF,L2M,1,1,1,1,,Adolescent/Adult,FL,,,Beyond,2016,Oh,1.1,,0.013888888888888888,L2DF.L2M,2215
Oh (2016),75,L2DF,L2L,1,1,1,1,,Adolescent/Adult,FL,,,Beyond,2016,Oh,1.1,,0.013888888888888888,L2DF.L2L,2216
Oh (2016),75,L2V,L2V,1,1,1,2,0.58,Adolescent/Adult,FL,,,Beyond,2016,Oh,1.2,0.6624627073717991,0.013888888888888888,L2V.L2V,2217
Oh (2016),75,L2V,L2V,1,1,1,3,0.51,Adolescent/Adult,FL,,,Beyond,2016,Oh,1.3,0.5627297693521489,0.013888888888888888,L2V.L2V,2218
Oh (2016),75,L2V,L2V,1,1,2,3,0.75,Adolescent/Adult,FL,,,Beyond,2016,Oh,2.3,0.9729550745276566,0.013888888888888888,L2V.L2V,2219
Oh (2016),75,L2V,L2G,1,1,1,1,0.45,Adolescent/Adult,FL,,,Beyond,2016,Oh,1.1,0.48470027859405174,0.013888888888888888,L2V.L2G,2220
Oh (2016),75,L2V,L2G,1,1,2,1,0.61,Adolescent/Adult,FL,,,Beyond,2016,Oh,2.1,0.7089213594274082,0.013888888888888888,L2V.L2G,2221
Oh (2016),75,L2V,L2G,1,1,3,1,0.55,Adolescent/Adult,FL,,,Beyond,2016,Oh,3.1,0.6183813135744636,0.013888888888888888,L2V.L2G,2222
Oh (2016),75,L2V,L2G,1,1,1,2,0.65,Adolescent/Adult,FL,,,Beyond,2016,Oh,1.2,0.7752987062055836,0.013888888888888888,L2V.L2G,2223
Oh (2016),75,L2V,L2G,1,1,2,2,0.57,Adolescent/Adult,FL,,,Beyond,2016,Oh,2.2,0.6475228448273728,0.013888888888888888,L2V.L2G,2224
Oh (2016),75,L2V,L2G,1,1,3,2,0.52,Adolescent/Adult,FL,,,Beyond,2016,Oh,3.2,0.5763397549691928,0.013888888888888888,L2V.L2G,2225
Oh (2016),75,L2V,L2P,1,1,1,1,,Adolescent/Adult,FL,,,Beyond,2016,Oh,1.1,,0.013888888888888888,L2V.L2P,2226
Oh (2016),75,L2V,L2P,1,1,2,1,,Adolescent/Adult,FL,,,Beyond,2016,Oh,2.1,,0.013888888888888888,L2V.L2P,2227
Oh (2016),75,L2V,L2P,1,1,3,1,,Adolescent/Adult,FL,,,Beyond,2016,Oh,3.1,,0.013888888888888888,L2V.L2P,2228
Oh (2016),75,L2V,L2M,1,1,1,1,,Adolescent/Adult,FL,,,Beyond,2016,Oh,1.1,,0.013888888888888888,L2V.L2M,2229
Oh (2016),75,L2V,L2M,1,1,2,1,,Adolescent/Adult,FL,,,Beyond,2016,Oh,2.1,,0.013888888888888888,L2V.L2M,2230
Oh (2016),75,L2V,L2M,1,1,3,1,,Adolescent/Adult,FL,,,Beyond,2016,Oh,3.1,,0.013888888888888888,L2V.L2M,2231
Oh (2016),75,L2V,L2L,1,1,1,1,0.6,Adolescent/Adult,FL,,,Beyond,2016,Oh,1.1,0.6931471805599453,0.013888888888888888,L2V.L2L,2232
Oh (2016),75,L2V,L2L,1,1,2,1,0.46,Adolescent/Adult,FL,,,Beyond,2016,Oh,2.1,0.497311287572031,0.013888888888888888,L2V.L2L,2233
Oh (2016),75,L2V,L2L,1,1,3,1,0.46,Adolescent/Adult,FL,,,Beyond,2016,Oh,3.1,0.497311287572031,0.013888888888888888,L2V.L2L,2234
Oh (2016),75,L2G,L2G,1,1,1,2,0.56,Adolescent/Adult,FL,,,Beyond,2016,Oh,1.2,0.632833186665638,0.013888888888888888,L2G.L2G,2235
Oh (2016),75,L2G,L2P,1,1,1,1,,Adolescent/Adult,FL,,,Beyond,2016,Oh,1.1,,0.013888888888888888,L2G.L2P,2236
Oh (2016),75,L2G,L2P,1,1,2,1,,Adolescent/Adult,FL,,,Beyond,2016,Oh,2.1,,0.013888888888888888,L2G.L2P,2237
Oh (2016),75,L2G,L2M,1,1,1,1,,Adolescent/Adult,FL,,,Beyond,2016,Oh,1.1,,0.013888888888888888,L2G.L2M,2238
Oh (2016),75,L2G,L2M,1,1,2,1,,Adolescent/Adult,FL,,,Beyond,2016,Oh,2.1,,0.013888888888888888,L2G.L2M,2239
Oh (2016),75,L2G,L2L,1,1,1,1,0.39,Adolescent/Adult,FL,,,Beyond,2016,Oh,1.1,0.4118000344786903,0.013888888888888888,L2G.L2L,2240
Oh (2016),75,L2G,L2L,1,1,2,1,0.56,Adolescent/Adult,FL,,,Beyond,2016,Oh,2.1,0.632833186665638,0.013888888888888888,L2G.L2L,2241
Oh (2016),75,L2P,L2M,1,1,1,1,,Adolescent/Adult,FL,,,Beyond,2016,Oh,1.1,,0.013888888888888888,L2P.L2M,2242
Oh (2016),75,L2P,L2L,1,1,1,1,,Adolescent/Adult,FL,,,Beyond,2016,Oh,1.1,,0.013888888888888888,L2P.L2L,2243
Oh (2016),75,L2M,L2L,1,1,1,1,,Adolescent/Adult,FL,,,Beyond,2016,Oh,1.1,,0.013888888888888888,L2M.L2L,2244
Olmez (2016),83,L2R,L2DA,1,1,1,1,,Adolescent/Adult,FL,IL,AA,Beyond,2016,Olmez,1.1,,0.0125,L2R.L2DA,2245
Olmez (2016),83,L2R,L2DF,1,1,1,1,,Adolescent/Adult,FL,IL,AA,Beyond,2016,Olmez,1.1,,0.0125,L2R.L2DF,2246
Olmez (2016),83,L2R,L2V,1,1,1,1,0.12,Adolescent/Adult,FL,IL,AA,Beyond,2016,Olmez,1.1,0.12058102840844402,0.0125,L2R.L2V,2247
Olmez (2016),83,L2R,L2G,1,1,1,1,,Adolescent/Adult,FL,IL,AA,Beyond,2016,Olmez,1.1,,0.0125,L2R.L2G,2248
Olmez (2016),83,L2R,L2P,1,1,1,1,,Adolescent/Adult,FL,IL,AA,Beyond,2016,Olmez,1.1,,0.0125,L2R.L2P,2249
Olmez (2016),83,L2R,L2M,1,1,1,1,,Adolescent/Adult,FL,IL,AA,Beyond,2016,Olmez,1.1,,0.0125,L2R.L2M,2250
Olmez (2016),83,L2R,L2L,1,1,1,1,,Adolescent/Adult,FL,IL,AA,Beyond,2016,Olmez,1.1,,0.0125,L2R.L2L,2251
Olmez (2016),83,L2DA,L2DF,1,1,1,1,,Adolescent/Adult,FL,IL,AA,Beyond,2016,Olmez,1.1,,0.0125,L2DA.L2DF,2252
Olmez (2016),83,L2DA,L2V,1,1,1,1,,Adolescent/Adult,FL,IL,AA,Beyond,2016,Olmez,1.1,,0.0125,L2DA.L2V,2253
Olmez (2016),83,L2DA,L2G,1,1,1,1,,Adolescent/Adult,FL,IL,AA,Beyond,2016,Olmez,1.1,,0.0125,L2DA.L2G,2254
Olmez (2016),83,L2DA,L2P,1,1,1,1,,Adolescent/Adult,FL,IL,AA,Beyond,2016,Olmez,1.1,,0.0125,L2DA.L2P,2255
Olmez (2016),83,L2DA,L2M,1,1,1,1,,Adolescent/Adult,FL,IL,AA,Beyond,2016,Olmez,1.1,,0.0125,L2DA.L2M,2256
Olmez (2016),83,L2DA,L2L,1,1,1,1,,Adolescent/Adult,FL,IL,AA,Beyond,2016,Olmez,1.1,,0.0125,L2DA.L2L,2257
Olmez (2016),83,L2DF,L2V,1,1,1,1,,Adolescent/Adult,FL,IL,AA,Beyond,2016,Olmez,1.1,,0.0125,L2DF.L2V,2258
Olmez (2016),83,L2DF,L2G,1,1,1,1,,Adolescent/Adult,FL,IL,AA,Beyond,2016,Olmez,1.1,,0.0125,L2DF.L2G,2259
Olmez (2016),83,L2DF,L2P,1,1,1,1,,Adolescent/Adult,FL,IL,AA,Beyond,2016,Olmez,1.1,,0.0125,L2DF.L2P,2260
Olmez (2016),83,L2DF,L2M,1,1,1,1,,Adolescent/Adult,FL,IL,AA,Beyond,2016,Olmez,1.1,,0.0125,L2DF.L2M,2261
Olmez (2016),83,L2DF,L2L,1,1,1,1,,Adolescent/Adult,FL,IL,AA,Beyond,2016,Olmez,1.1,,0.0125,L2DF.L2L,2262
Olmez (2016),83,L2V,L2G,1,1,1,1,,Adolescent/Adult,FL,IL,AA,Beyond,2016,Olmez,1.1,,0.0125,L2V.L2G,2263
Olmez (2016),83,L2V,L2P,1,1,1,1,,Adolescent/Adult,FL,IL,AA,Beyond,2016,Olmez,1.1,,0.0125,L2V.L2P,2264
Olmez (2016),83,L2V,L2M,1,1,1,1,,Adolescent/Adult,FL,IL,AA,Beyond,2016,Olmez,1.1,,0.0125,L2V.L2M,2265
Olmez (2016),83,L2V,L2L,1,1,1,1,,Adolescent/Adult,FL,IL,AA,Beyond,2016,Olmez,1.1,,0.0125,L2V.L2L,2266
Olmez (2016),83,L2G,L2P,1,1,1,1,,Adolescent/Adult,FL,IL,AA,Beyond,2016,Olmez,1.1,,0.0125,L2G.L2P,2267
Olmez (2016),83,L2G,L2M,1,1,1,1,,Adolescent/Adult,FL,IL,AA,Beyond,2016,Olmez,1.1,,0.0125,L2G.L2M,2268
Olmez (2016),83,L2G,L2L,1,1,1,1,,Adolescent/Adult,FL,IL,AA,Beyond,2016,Olmez,1.1,,0.0125,L2G.L2L,2269
Olmez (2016),83,L2P,L2M,1,1,1,1,,Adolescent/Adult,FL,IL,AA,Beyond,2016,Olmez,1.1,,0.0125,L2P.L2M,2270
Olmez (2016),83,L2P,L2L,1,1,1,1,,Adolescent/Adult,FL,IL,AA,Beyond,2016,Olmez,1.1,,0.0125,L2P.L2L,2271
Olmez (2016),83,L2M,L2L,1,1,1,1,,Adolescent/Adult,FL,IL,AA,Beyond,2016,Olmez,1.1,,0.0125,L2M.L2L,2272
Pasquarella et al. (2011),137,L2R,L2DA,1,1,1,1,0.79,Young,SL,IL,AL,Beyond,2011,Pasquarella et al.,1.1,1.0714316840586662,0.007462686567164179,L2R.L2DA,2273
Pasquarella et al. (2011),137,L2R,L2DF,1,1,1,1,,Young,SL,IL,AL,Beyond,2011,Pasquarella et al.,1.1,,0.007462686567164179,L2R.L2DF,2274
Pasquarella et al. (2011),137,L2R,L2V,1,1,1,1,0.57,Young,SL,IL,AL,Beyond,2011,Pasquarella et al.,1.1,0.6475228448273728,0.007462686567164179,L2R.L2V,2275
Pasquarella et al. (2011),137,L2R,L2G,1,1,1,1,,Young,SL,IL,AL,Beyond,2011,Pasquarella et al.,1.1,,0.007462686567164179,L2R.L2G,2276
Pasquarella et al. (2011),137,L2R,L2P,1,1,1,1,0.59,Young,SL,IL,AL,Beyond,2011,Pasquarella et al.,1.1,0.6776660677579618,0.007462686567164179,L2R.L2P,2277
Pasquarella et al. (2011),137,L2R,L2M,1,1,1,1,0.66,Young,SL,IL,AL,Beyond,2011,Pasquarella et al.,1.1,0.7928136318701909,0.007462686567164179,L2R.L2M,2278
Pasquarella et al. (2011),137,L2R,L2L,1,1,1,1,,Young,SL,IL,AL,Beyond,2011,Pasquarella et al.,1.1,,0.007462686567164179,L2R.L2L,2279
Pasquarella et al. (2011),137,L2DA,L2DF,1,1,1,1,,Young,SL,IL,AL,Beyond,2011,Pasquarella et al.,1.1,,0.007462686567164179,L2DA.L2DF,2280
Pasquarella et al. (2011),137,L2DA,L2V,1,1,1,1,0.59,Young,SL,IL,AL,Beyond,2011,Pasquarella et al.,1.1,0.6776660677579618,0.007462686567164179,L2DA.L2V,2281
Pasquarella et al. (2011),137,L2DA,L2G,1,1,1,1,,Young,SL,IL,AL,Beyond,2011,Pasquarella et al.,1.1,,0.007462686567164179,L2DA.L2G,2282
Pasquarella et al. (2011),137,L2DA,L2P,1,1,1,1,0.69,Young,SL,IL,AL,Beyond,2011,Pasquarella et al.,1.1,0.8479557552189635,0.007462686567164179,L2DA.L2P,2283
Pasquarella et al. (2011),137,L2DA,L2M,1,1,1,1,0.71,Young,SL,IL,AL,Beyond,2011,Pasquarella et al.,1.1,0.8871838632580928,0.007462686567164179,L2DA.L2M,2284
Pasquarella et al. (2011),137,L2DA,L2L,1,1,1,1,,Young,SL,IL,AL,Beyond,2011,Pasquarella et al.,1.1,,0.007462686567164179,L2DA.L2L,2285
Pasquarella et al. (2011),137,L2DF,L2V,1,1,1,1,,Young,SL,IL,AL,Beyond,2011,Pasquarella et al.,1.1,,0.007462686567164179,L2DF.L2V,2286
Pasquarella et al. (2011),137,L2DF,L2G,1,1,1,1,,Young,SL,IL,AL,Beyond,2011,Pasquarella et al.,1.1,,0.007462686567164179,L2DF.L2G,2287
Pasquarella et al. (2011),137,L2DF,L2P,1,1,1,1,,Young,SL,IL,AL,Beyond,2011,Pasquarella et al.,1.1,,0.007462686567164179,L2DF.L2P,2288
Pasquarella et al. (2011),137,L2DF,L2M,1,1,1,1,,Young,SL,IL,AL,Beyond,2011,Pasquarella et al.,1.1,,0.007462686567164179,L2DF.L2M,2289
Pasquarella et al. (2011),137,L2DF,L2L,1,1,1,1,,Young,SL,IL,AL,Beyond,2011,Pasquarella et al.,1.1,,0.007462686567164179,L2DF.L2L,2290
Pasquarella et al. (2011),137,L2V,L2G,1,1,1,1,,Young,SL,IL,AL,Beyond,2011,Pasquarella et al.,1.1,,0.007462686567164179,L2V.L2G,2291
Pasquarella et al. (2011),137,L2V,L2P,1,1,1,1,0.47,Young,SL,IL,AL,Beyond,2011,Pasquarella et al.,1.1,0.5100703366133073,0.007462686567164179,L2V.L2P,2292
Pasquarella et al. (2011),137,L2V,L2M,1,1,1,1,0.57,Young,SL,IL,AL,Beyond,2011,Pasquarella et al.,1.1,0.6475228448273728,0.007462686567164179,L2V.L2M,2293
Pasquarella et al. (2011),137,L2V,L2L,1,1,1,1,,Young,SL,IL,AL,Beyond,2011,Pasquarella et al.,1.1,,0.007462686567164179,L2V.L2L,2294
Pasquarella et al. (2011),137,L2G,L2P,1,1,1,1,,Young,SL,IL,AL,Beyond,2011,Pasquarella et al.,1.1,,0.007462686567164179,L2G.L2P,2295
Pasquarella et al. (2011),137,L2G,L2M,1,1,1,1,,Young,SL,IL,AL,Beyond,2011,Pasquarella et al.,1.1,,0.007462686567164179,L2G.L2M,2296
Pasquarella et al. (2011),137,L2G,L2L,1,1,1,1,,Young,SL,IL,AL,Beyond,2011,Pasquarella et al.,1.1,,0.007462686567164179,L2G.L2L,2297
Pasquarella et al. (2011),137,L2P,L2M,1,1,1,1,0.54,Young,SL,IL,AL,Beyond,2011,Pasquarella et al.,1.1,0.6041556029622671,0.007462686567164179,L2P.L2M,2298
Pasquarella et al. (2011),137,L2P,L2L,1,1,1,1,,Young,SL,IL,AL,Beyond,2011,Pasquarella et al.,1.1,,0.007462686567164179,L2P.L2L,2299
Pasquarella et al. (2011),137,L2M,L2L,1,1,1,1,,Young,SL,IL,AL,Beyond,2011,Pasquarella et al.,1.1,,0.007462686567164179,L2M.L2L,2300
Proctor et al. (2005),135,L2R,L2DA,1,1,1,1,0.48,Young,SL,II,AA,Beyond,2005,Proctor et al.,1.1,0.5229842775913438,0.007575757575757576,L2R.L2DA,2301
Proctor et al. (2005),135,L2R,L2DF,1,1,1,1,0.22,Young,SL,II,AA,Beyond,2005,Proctor et al.,1.1,0.22365610902183242,0.007575757575757576,L2R.L2DF,2302
Proctor et al. (2005),135,L2R,L2V,1,1,1,1,0.73,Young,SL,II,AA,Beyond,2005,Proctor et al.,1.1,0.9287273642467249,0.007575757575757576,L2R.L2V,2303
Proctor et al. (2005),135,L2R,L2G,1,1,1,1,,Young,SL,II,AA,Beyond,2005,Proctor et al.,1.1,,0.007575757575757576,L2R.L2G,2304
Proctor et al. (2005),135,L2R,L2P,1,1,1,1,,Young,SL,II,AA,Beyond,2005,Proctor et al.,1.1,,0.007575757575757576,L2R.L2P,2305
Proctor et al. (2005),135,L2R,L2M,1,1,1,1,,Young,SL,II,AA,Beyond,2005,Proctor et al.,1.1,,0.007575757575757576,L2R.L2M,2306
Proctor et al. (2005),135,L2R,L2L,1,1,1,1,0.76,Young,SL,II,AA,Beyond,2005,Proctor et al.,1.1,0.9962150823451031,0.007575757575757576,L2R.L2L,2307
Proctor et al. (2005),135,L2DA,L2DF,1,1,1,1,0.43,Young,SL,II,AA,Beyond,2005,Proctor et al.,1.1,0.4598966812126785,0.007575757575757576,L2DA.L2DF,2308
Proctor et al. (2005),135,L2DA,L2V,1,1,1,1,0.33,Young,SL,II,AA,Beyond,2005,Proctor et al.,1.1,0.3428282544153939,0.007575757575757576,L2DA.L2V,2309
Proctor et al. (2005),135,L2DA,L2G,1,1,1,1,,Young,SL,II,AA,Beyond,2005,Proctor et al.,1.1,,0.007575757575757576,L2DA.L2G,2310
Proctor et al. (2005),135,L2DA,L2P,1,1,1,1,,Young,SL,II,AA,Beyond,2005,Proctor et al.,1.1,,0.007575757575757576,L2DA.L2P,2311
Proctor et al. (2005),135,L2DA,L2M,1,1,1,1,,Young,SL,II,AA,Beyond,2005,Proctor et al.,1.1,,0.007575757575757576,L2DA.L2M,2312
Proctor et al. (2005),135,L2DA,L2L,1,1,1,1,0.35,Young,SL,II,AA,Beyond,2005,Proctor et al.,1.1,0.3654437542713961,0.007575757575757576,L2DA.L2L,2313
Proctor et al. (2005),135,L2DF,L2V,1,1,1,1,0.01,Young,SL,II,AA,Beyond,2005,Proctor et al.,1.1,0.010000333353334763,0.007575757575757576,L2DF.L2V,2314
Proctor et al. (2005),135,L2DF,L2G,1,1,1,1,,Young,SL,II,AA,Beyond,2005,Proctor et al.,1.1,,0.007575757575757576,L2DF.L2G,2315
Proctor et al. (2005),135,L2DF,L2P,1,1,1,1,,Young,SL,II,AA,Beyond,2005,Proctor et al.,1.1,,0.007575757575757576,L2DF.L2P,2316
Proctor et al. (2005),135,L2DF,L2M,1,1,1,1,,Young,SL,II,AA,Beyond,2005,Proctor et al.,1.1,,0.007575757575757576,L2DF.L2M,2317
Proctor et al. (2005),135,L2DF,L2L,1,1,1,1,0.06,Young,SL,II,AA,Beyond,2005,Proctor et al.,1.1,0.06007215592103162,0.007575757575757576,L2DF.L2L,2318
Proctor et al. (2005),135,L2V,L2G,1,1,1,1,,Young,SL,II,AA,Beyond,2005,Proctor et al.,1.1,,0.007575757575757576,L2V.L2G,2319
Proctor et al. (2005),135,L2V,L2P,1,1,1,1,,Young,SL,II,AA,Beyond,2005,Proctor et al.,1.1,,0.007575757575757576,L2V.L2P,2320
Proctor et al. (2005),135,L2V,L2M,1,1,1,1,,Young,SL,II,AA,Beyond,2005,Proctor et al.,1.1,,0.007575757575757576,L2V.L2M,2321
Proctor et al. (2005),135,L2V,L2L,1,1,1,1,0.85,Young,SL,II,AA,Beyond,2005,Proctor et al.,1.1,1.2561528119880574,0.007575757575757576,L2V.L2L,2322
Proctor et al. (2005),135,L2G,L2P,1,1,1,1,,Young,SL,II,AA,Beyond,2005,Proctor et al.,1.1,,0.007575757575757576,L2G.L2P,2323
Proctor et al. (2005),135,L2G,L2M,1,1,1,1,,Young,SL,II,AA,Beyond,2005,Proctor et al.,1.1,,0.007575757575757576,L2G.L2M,2324
Proctor et al. (2005),135,L2G,L2L,1,1,1,1,,Young,SL,II,AA,Beyond,2005,Proctor et al.,1.1,,0.007575757575757576,L2G.L2L,2325
Proctor et al. (2005),135,L2P,L2M,1,1,1,1,,Young,SL,II,AA,Beyond,2005,Proctor et al.,1.1,,0.007575757575757576,L2P.L2M,2326
Proctor et al. (2005),135,L2P,L2L,1,1,1,1,,Young,SL,II,AA,Beyond,2005,Proctor et al.,1.1,,0.007575757575757576,L2P.L2L,2327
Proctor et al. (2005),135,L2M,L2L,1,1,1,1,,Young,SL,II,AA,Beyond,2005,Proctor et al.,1.1,,0.007575757575757576,L2M.L2L,2328
Pulido & Hambrick (2008),99,L2R,L2R,1,1,1,2,0.73,Adolescent/Adult,FL,II,AA,Mixed,2008,Pulido & Hambrick,1.2,0.9287273642467249,0.010416666666666666,L2R.L2R,2329
Pulido & Hambrick (2009),99,L2R,L2R,1,1,1,3,0.8,Adolescent/Adult,FL,II,AA,Mixed,2009,Pulido & Hambrick,1.3,1.0986122886681098,0.010416666666666666,L2R.L2R,2330
Pulido & Hambrick (2010),99,L2R,L2R,1,1,1,4,0.69,Adolescent/Adult,FL,II,AA,Mixed,2010,Pulido & Hambrick,1.4,0.8479557552189635,0.010416666666666666,L2R.L2R,2331
Pulido & Hambrick (2011),99,L2R,L2R,1,1,2,3,0.81,Adolescent/Adult,FL,II,AA,Mixed,2011,Pulido & Hambrick,2.3,1.1270290260496927,0.010416666666666666,L2R.L2R,2332
Pulido & Hambrick (2012),99,L2R,L2R,1,1,2,4,0.78,Adolescent/Adult,FL,II,AA,Mixed,2012,Pulido & Hambrick,2.4,1.0453705484668847,0.010416666666666666,L2R.L2R,2333
Pulido & Hambrick (2013),99,L2R,L2R,1,1,3,4,0.78,Adolescent/Adult,FL,II,AA,Mixed,2013,Pulido & Hambrick,3.4,1.0453705484668847,0.010416666666666666,L2R.L2R,2334
Pulido & Hambrick (2008),99,L2R,L2DA,1,1,1,1,,Adolescent/Adult,FL,II,AA,Mixed,2008,Pulido & Hambrick,1.1,,0.010416666666666666,L2R.L2DA,2335
Pulido & Hambrick (2008),99,L2R,L2DA,1,1,2,1,,Adolescent/Adult,FL,II,AA,Mixed,2008,Pulido & Hambrick,2.1,,0.010416666666666666,L2R.L2DA,2336
Pulido & Hambrick (2008),99,L2R,L2DA,1,1,3,1,,Adolescent/Adult,FL,II,AA,Mixed,2008,Pulido & Hambrick,3.1,,0.010416666666666666,L2R.L2DA,2337
Pulido & Hambrick (2008),99,L2R,L2DA,1,1,4,1,,Adolescent/Adult,FL,II,AA,Mixed,2008,Pulido & Hambrick,4.1,,0.010416666666666666,L2R.L2DA,2338
Pulido & Hambrick (2008),99,L2R,L2DF,1,1,1,1,,Adolescent/Adult,FL,II,AA,Mixed,2008,Pulido & Hambrick,1.1,,0.010416666666666666,L2R.L2DF,2339
Pulido & Hambrick (2008),99,L2R,L2DF,1,1,2,1,,Adolescent/Adult,FL,II,AA,Mixed,2008,Pulido & Hambrick,2.1,,0.010416666666666666,L2R.L2DF,2340
Pulido & Hambrick (2008),99,L2R,L2DF,1,1,3,1,,Adolescent/Adult,FL,II,AA,Mixed,2008,Pulido & Hambrick,3.1,,0.010416666666666666,L2R.L2DF,2341
Pulido & Hambrick (2008),99,L2R,L2DF,1,1,4,1,,Adolescent/Adult,FL,II,AA,Mixed,2008,Pulido & Hambrick,4.1,,0.010416666666666666,L2R.L2DF,2342
Pulido & Hambrick (2008),99,L2R,L2V,1,1,1,1,0.58,Adolescent/Adult,FL,II,AA,Mixed,2008,Pulido & Hambrick,1.1,0.6624627073717991,0.010416666666666666,L2R.L2V,2343
Pulido & Hambrick (2008),99,L2R,L2V,1,1,2,1,0.57,Adolescent/Adult,FL,II,AA,Mixed,2008,Pulido & Hambrick,2.1,0.6475228448273728,0.010416666666666666,L2R.L2V,2344
Pulido & Hambrick (2008),99,L2R,L2V,1,1,3,1,0.7,Adolescent/Adult,FL,II,AA,Mixed,2008,Pulido & Hambrick,3.1,0.8673005276940532,0.010416666666666666,L2R.L2V,2345
Pulido & Hambrick (2008),99,L2R,L2V,1,1,4,1,0.72,Adolescent/Adult,FL,II,AA,Mixed,2008,Pulido & Hambrick,4.1,0.9076449833191245,0.010416666666666666,L2R.L2V,2346
Pulido & Hambrick (2008),99,L2R,L2V,1,1,1,2,0.58,Adolescent/Adult,FL,II,AA,Mixed,2008,Pulido & Hambrick,1.2,0.6624627073717991,0.010416666666666666,L2R.L2V,2347
Pulido & Hambrick (2008),99,L2R,L2V,1,1,2,2,0.62,Adolescent/Adult,FL,II,AA,Mixed,2008,Pulido & Hambrick,2.2,0.7250050877529992,0.010416666666666666,L2R.L2V,2348
Pulido & Hambrick (2008),99,L2R,L2V,1,1,3,2,0.71,Adolescent/Adult,FL,II,AA,Mixed,2008,Pulido & Hambrick,3.2,0.8871838632580928,0.010416666666666666,L2R.L2V,2349
Pulido & Hambrick (2008),99,L2R,L2V,1,1,4,2,0.72,Adolescent/Adult,FL,II,AA,Mixed,2008,Pulido & Hambrick,4.2,0.9076449833191245,0.010416666666666666,L2R.L2V,2350
Pulido & Hambrick (2008),99,L2R,L2V,1,1,1,3,0.51,Adolescent/Adult,FL,II,AA,Mixed,2008,Pulido & Hambrick,1.3,0.5627297693521489,0.010416666666666666,L2R.L2V,2351
Pulido & Hambrick (2008),99,L2R,L2V,1,1,2,3,0.58,Adolescent/Adult,FL,II,AA,Mixed,2008,Pulido & Hambrick,2.3,0.6624627073717991,0.010416666666666666,L2R.L2V,2352
Pulido & Hambrick (2008),99,L2R,L2V,1,1,3,3,0.67,Adolescent/Adult,FL,II,AA,Mixed,2008,Pulido & Hambrick,3.3,0.8107431254751375,0.010416666666666666,L2R.L2V,2353
Pulido & Hambrick (2008),99,L2R,L2V,1,1,4,3,0.67,Adolescent/Adult,FL,II,AA,Mixed,2008,Pulido & Hambrick,4.3,0.8107431254751375,0.010416666666666666,L2R.L2V,2354
Pulido & Hambrick (2008),99,L2R,L2V,1,1,1,4,0.55,Adolescent/Adult,FL,II,AA,Mixed,2008,Pulido & Hambrick,1.4,0.6183813135744636,0.010416666666666666,L2R.L2V,2355
Pulido & Hambrick (2008),99,L2R,L2V,1,1,2,4,0.57,Adolescent/Adult,FL,II,AA,Mixed,2008,Pulido & Hambrick,2.4,0.6475228448273728,0.010416666666666666,L2R.L2V,2356
Pulido & Hambrick (2008),99,L2R,L2V,1,1,3,4,0.7,Adolescent/Adult,FL,II,AA,Mixed,2008,Pulido & Hambrick,3.4,0.8673005276940532,0.010416666666666666,L2R.L2V,2357
Pulido & Hambrick (2008),99,L2R,L2V,1,1,4,4,0.73,Adolescent/Adult,FL,II,AA,Mixed,2008,Pulido & Hambrick,4.4,0.9287273642467249,0.010416666666666666,L2R.L2V,2358
Pulido & Hambrick (2008),99,L2R,L2G,1,1,1,1,,Adolescent/Adult,FL,II,AA,Mixed,2008,Pulido & Hambrick,1.1,,0.010416666666666666,L2R.L2G,2359
Pulido & Hambrick (2008),99,L2R,L2G,1,1,2,1,,Adolescent/Adult,FL,II,AA,Mixed,2008,Pulido & Hambrick,2.1,,0.010416666666666666,L2R.L2G,2360
Pulido & Hambrick (2008),99,L2R,L2G,1,1,3,1,,Adolescent/Adult,FL,II,AA,Mixed,2008,Pulido & Hambrick,3.1,,0.010416666666666666,L2R.L2G,2361
Pulido & Hambrick (2008),99,L2R,L2G,1,1,4,1,,Adolescent/Adult,FL,II,AA,Mixed,2008,Pulido & Hambrick,4.1,,0.010416666666666666,L2R.L2G,2362
Pulido & Hambrick (2008),99,L2R,L2P,1,1,1,1,,Adolescent/Adult,FL,II,AA,Mixed,2008,Pulido & Hambrick,1.1,,0.010416666666666666,L2R.L2P,2363
Pulido & Hambrick (2008),99,L2R,L2P,1,1,2,1,,Adolescent/Adult,FL,II,AA,Mixed,2008,Pulido & Hambrick,2.1,,0.010416666666666666,L2R.L2P,2364
Pulido & Hambrick (2008),99,L2R,L2P,1,1,3,1,,Adolescent/Adult,FL,II,AA,Mixed,2008,Pulido & Hambrick,3.1,,0.010416666666666666,L2R.L2P,2365
Pulido & Hambrick (2008),99,L2R,L2P,1,1,4,1,,Adolescent/Adult,FL,II,AA,Mixed,2008,Pulido & Hambrick,4.1,,0.010416666666666666,L2R.L2P,2366
Pulido & Hambrick (2008),99,L2R,L2M,1,1,1,1,,Adolescent/Adult,FL,II,AA,Mixed,2008,Pulido & Hambrick,1.1,,0.010416666666666666,L2R.L2M,2367
Pulido & Hambrick (2008),99,L2R,L2M,1,1,2,1,,Adolescent/Adult,FL,II,AA,Mixed,2008,Pulido & Hambrick,2.1,,0.010416666666666666,L2R.L2M,2368
Pulido & Hambrick (2008),99,L2R,L2M,1,1,3,1,,Adolescent/Adult,FL,II,AA,Mixed,2008,Pulido & Hambrick,3.1,,0.010416666666666666,L2R.L2M,2369
Pulido & Hambrick (2008),99,L2R,L2M,1,1,4,1,,Adolescent/Adult,FL,II,AA,Mixed,2008,Pulido & Hambrick,4.1,,0.010416666666666666,L2R.L2M,2370
Pulido & Hambrick (2008),99,L2R,L2L,1,1,1,1,,Adolescent/Adult,FL,II,AA,Mixed,2008,Pulido & Hambrick,1.1,,0.010416666666666666,L2R.L2L,2371
Pulido & Hambrick (2008),99,L2R,L2L,1,1,2,1,,Adolescent/Adult,FL,II,AA,Mixed,2008,Pulido & Hambrick,2.1,,0.010416666666666666,L2R.L2L,2372
Pulido & Hambrick (2008),99,L2R,L2L,1,1,3,1,,Adolescent/Adult,FL,II,AA,Mixed,2008,Pulido & Hambrick,3.1,,0.010416666666666666,L2R.L2L,2373
Pulido & Hambrick (2008),99,L2R,L2L,1,1,4,1,,Adolescent/Adult,FL,II,AA,Mixed,2008,Pulido & Hambrick,4.1,,0.010416666666666666,L2R.L2L,2374
Pulido & Hambrick (2008),99,L2DA,L2DF,1,1,1,1,,Adolescent/Adult,FL,II,AA,Mixed,2008,Pulido & Hambrick,1.1,,0.010416666666666666,L2DA.L2DF,2375
Pulido & Hambrick (2008),99,L2DA,L2V,1,1,1,1,,Adolescent/Adult,FL,II,AA,Mixed,2008,Pulido & Hambrick,1.1,,0.010416666666666666,L2DA.L2V,2376
Pulido & Hambrick (2008),99,L2DA,L2V,1,1,2,1,,Adolescent/Adult,FL,II,AA,Mixed,2008,Pulido & Hambrick,2.1,,0.010416666666666666,L2DA.L2V,2377
Pulido & Hambrick (2008),99,L2DA,L2V,1,1,3,1,,Adolescent/Adult,FL,II,AA,Mixed,2008,Pulido & Hambrick,3.1,,0.010416666666666666,L2DA.L2V,2378
Pulido & Hambrick (2008),99,L2DA,L2V,1,1,4,1,,Adolescent/Adult,FL,II,AA,Mixed,2008,Pulido & Hambrick,4.1,,0.010416666666666666,L2DA.L2V,2379
Pulido & Hambrick (2008),99,L2DA,L2G,1,1,1,1,,Adolescent/Adult,FL,II,AA,Mixed,2008,Pulido & Hambrick,1.1,,0.010416666666666666,L2DA.L2G,2380
Pulido & Hambrick (2008),99,L2DA,L2P,1,1,1,1,,Adolescent/Adult,FL,II,AA,Mixed,2008,Pulido & Hambrick,1.1,,0.010416666666666666,L2DA.L2P,2381
Pulido & Hambrick (2008),99,L2DA,L2M,1,1,1,1,,Adolescent/Adult,FL,II,AA,Mixed,2008,Pulido & Hambrick,1.1,,0.010416666666666666,L2DA.L2M,2382
Pulido & Hambrick (2008),99,L2DA,L2L,1,1,1,1,,Adolescent/Adult,FL,II,AA,Mixed,2008,Pulido & Hambrick,1.1,,0.010416666666666666,L2DA.L2L,2383
Pulido & Hambrick (2008),99,L2DF,L2V,1,1,1,1,,Adolescent/Adult,FL,II,AA,Mixed,2008,Pulido & Hambrick,1.1,,0.010416666666666666,L2DF.L2V,2384
Pulido & Hambrick (2008),99,L2DF,L2V,1,1,2,1,,Adolescent/Adult,FL,II,AA,Mixed,2008,Pulido & Hambrick,2.1,,0.010416666666666666,L2DF.L2V,2385
Pulido & Hambrick (2008),99,L2DF,L2V,1,1,3,1,,Adolescent/Adult,FL,II,AA,Mixed,2008,Pulido & Hambrick,3.1,,0.010416666666666666,L2DF.L2V,2386
Pulido & Hambrick (2008),99,L2DF,L2V,1,1,4,1,,Adolescent/Adult,FL,II,AA,Mixed,2008,Pulido & Hambrick,4.1,,0.010416666666666666,L2DF.L2V,2387
Pulido & Hambrick (2008),99,L2DF,L2G,1,1,1,1,,Adolescent/Adult,FL,II,AA,Mixed,2008,Pulido & Hambrick,1.1,,0.010416666666666666,L2DF.L2G,2388
Pulido & Hambrick (2008),99,L2DF,L2P,1,1,1,1,,Adolescent/Adult,FL,II,AA,Mixed,2008,Pulido & Hambrick,1.1,,0.010416666666666666,L2DF.L2P,2389
Pulido & Hambrick (2008),99,L2DF,L2M,1,1,1,1,,Adolescent/Adult,FL,II,AA,Mixed,2008,Pulido & Hambrick,1.1,,0.010416666666666666,L2DF.L2M,2390
Pulido & Hambrick (2008),99,L2DF,L2L,1,1,1,1,,Adolescent/Adult,FL,II,AA,Mixed,2008,Pulido & Hambrick,1.1,,0.010416666666666666,L2DF.L2L,2391
Pulido & Hambrick (2008),99,L2V,L2V,1,1,1,2,0.94,Adolescent/Adult,FL,II,AA,Mixed,2008,Pulido & Hambrick,1.2,1.738049344917636,0.010416666666666666,L2V.L2V,2392
Pulido & Hambrick (2008),99,L2V,L2V,1,1,1,3,0.9,Adolescent/Adult,FL,II,AA,Mixed,2008,Pulido & Hambrick,1.3,1.4722194895832204,0.010416666666666666,L2V.L2V,2393
Pulido & Hambrick (2008),99,L2V,L2V,1,1,1,4,0.93,Adolescent/Adult,FL,II,AA,Mixed,2008,Pulido & Hambrick,1.4,1.6583900199247865,0.010416666666666666,L2V.L2V,2394
Pulido & Hambrick (2008),99,L2V,L2V,1,1,2,3,0.96,Adolescent/Adult,FL,II,AA,Mixed,2008,Pulido & Hambrick,2.3,1.9459101490553128,0.010416666666666666,L2V.L2V,2395
Pulido & Hambrick (2008),99,L2V,L2V,1,1,2,4,0.96,Adolescent/Adult,FL,II,AA,Mixed,2008,Pulido & Hambrick,2.4,1.9459101490553128,0.010416666666666666,L2V.L2V,2396
Pulido & Hambrick (2008),99,L2V,L2V,1,1,3,4,0.94,Adolescent/Adult,FL,II,AA,Mixed,2008,Pulido & Hambrick,3.4,1.738049344917636,0.010416666666666666,L2V.L2V,2397
Pulido & Hambrick (2008),99,L2V,L2G,1,1,1,1,,Adolescent/Adult,FL,II,AA,Mixed,2008,Pulido & Hambrick,1.1,,0.010416666666666666,L2V.L2G,2398
Pulido & Hambrick (2008),99,L2V,L2G,1,1,2,1,,Adolescent/Adult,FL,II,AA,Mixed,2008,Pulido & Hambrick,2.1,,0.010416666666666666,L2V.L2G,2399
Pulido & Hambrick (2008),99,L2V,L2G,1,1,3,1,,Adolescent/Adult,FL,II,AA,Mixed,2008,Pulido & Hambrick,3.1,,0.010416666666666666,L2V.L2G,2400
Pulido & Hambrick (2008),99,L2V,L2G,1,1,4,1,,Adolescent/Adult,FL,II,AA,Mixed,2008,Pulido & Hambrick,4.1,,0.010416666666666666,L2V.L2G,2401
Pulido & Hambrick (2008),99,L2V,L2P,1,1,1,1,,Adolescent/Adult,FL,II,AA,Mixed,2008,Pulido & Hambrick,1.1,,0.010416666666666666,L2V.L2P,2402
Pulido & Hambrick (2008),99,L2V,L2P,1,1,2,1,,Adolescent/Adult,FL,II,AA,Mixed,2008,Pulido & Hambrick,2.1,,0.010416666666666666,L2V.L2P,2403
Pulido & Hambrick (2008),99,L2V,L2P,1,1,3,1,,Adolescent/Adult,FL,II,AA,Mixed,2008,Pulido & Hambrick,3.1,,0.010416666666666666,L2V.L2P,2404
Pulido & Hambrick (2008),99,L2V,L2P,1,1,4,1,,Adolescent/Adult,FL,II,AA,Mixed,2008,Pulido & Hambrick,4.1,,0.010416666666666666,L2V.L2P,2405
Pulido & Hambrick (2008),99,L2V,L2M,1,1,1,1,,Adolescent/Adult,FL,II,AA,Mixed,2008,Pulido & Hambrick,1.1,,0.010416666666666666,L2V.L2M,2406
Pulido & Hambrick (2008),99,L2V,L2M,1,1,2,1,,Adolescent/Adult,FL,II,AA,Mixed,2008,Pulido & Hambrick,2.1,,0.010416666666666666,L2V.L2M,2407
Pulido & Hambrick (2008),99,L2V,L2M,1,1,3,1,,Adolescent/Adult,FL,II,AA,Mixed,2008,Pulido & Hambrick,3.1,,0.010416666666666666,L2V.L2M,2408
Pulido & Hambrick (2008),99,L2V,L2M,1,1,4,1,,Adolescent/Adult,FL,II,AA,Mixed,2008,Pulido & Hambrick,4.1,,0.010416666666666666,L2V.L2M,2409
Pulido & Hambrick (2008),99,L2V,L2L,1,1,1,1,,Adolescent/Adult,FL,II,AA,Mixed,2008,Pulido & Hambrick,1.1,,0.010416666666666666,L2V.L2L,2410
Pulido & Hambrick (2008),99,L2V,L2L,1,1,2,1,,Adolescent/Adult,FL,II,AA,Mixed,2008,Pulido & Hambrick,2.1,,0.010416666666666666,L2V.L2L,2411
Pulido & Hambrick (2008),99,L2V,L2L,1,1,3,1,,Adolescent/Adult,FL,II,AA,Mixed,2008,Pulido & Hambrick,3.1,,0.010416666666666666,L2V.L2L,2412
Pulido & Hambrick (2008),99,L2V,L2L,1,1,4,1,,Adolescent/Adult,FL,II,AA,Mixed,2008,Pulido & Hambrick,4.1,,0.010416666666666666,L2V.L2L,2413
Pulido & Hambrick (2008),99,L2G,L2P,1,1,1,1,,Adolescent/Adult,FL,II,AA,Mixed,2008,Pulido & Hambrick,1.1,,0.010416666666666666,L2G.L2P,2414
Pulido & Hambrick (2008),99,L2G,L2M,1,1,1,1,,Adolescent/Adult,FL,II,AA,Mixed,2008,Pulido & Hambrick,1.1,,0.010416666666666666,L2G.L2M,2415
Pulido & Hambrick (2008),99,L2G,L2L,1,1,1,1,,Adolescent/Adult,FL,II,AA,Mixed,2008,Pulido & Hambrick,1.1,,0.010416666666666666,L2G.L2L,2416
Pulido & Hambrick (2008),99,L2P,L2M,1,1,1,1,,Adolescent/Adult,FL,II,AA,Mixed,2008,Pulido & Hambrick,1.1,,0.010416666666666666,L2P.L2M,2417
Pulido & Hambrick (2008),99,L2P,L2L,1,1,1,1,,Adolescent/Adult,FL,II,AA,Mixed,2008,Pulido & Hambrick,1.1,,0.010416666666666666,L2P.L2L,2418
Pulido & Hambrick (2008),99,L2M,L2L,1,1,1,1,,Adolescent/Adult,FL,II,AA,Mixed,2008,Pulido & Hambrick,1.1,,0.010416666666666666,L2M.L2L,2419
Royer & Carlo (1991),49,L2R,L2DA,1,1,1,1,,Young,SL,II,AA,Beyond,1991,Royer & Carlo,1.1,,0.021739130434782608,L2R.L2DA,2420
Royer & Carlo (1991),49,L2R,L2DF,1,1,1,1,,Young,SL,II,AA,Beyond,1991,Royer & Carlo,1.1,,0.021739130434782608,L2R.L2DF,2421
Royer & Carlo (1991),49,L2R,L2V,1,1,1,1,,Young,SL,II,AA,Beyond,1991,Royer & Carlo,1.1,,0.021739130434782608,L2R.L2V,2422
Royer & Carlo (1991),49,L2R,L2G,1,1,1,1,,Young,SL,II,AA,Beyond,1991,Royer & Carlo,1.1,,0.021739130434782608,L2R.L2G,2423
Royer & Carlo (1991),49,L2R,L2P,1,1,1,1,,Young,SL,II,AA,Beyond,1991,Royer & Carlo,1.1,,0.021739130434782608,L2R.L2P,2424
Royer & Carlo (1991),49,L2R,L2M,1,1,1,1,,Young,SL,II,AA,Beyond,1991,Royer & Carlo,1.1,,0.021739130434782608,L2R.L2M,2425
Royer & Carlo (1991),49,L2R,L2L,1,1,1,1,0.16,Young,SL,II,AA,Beyond,1991,Royer & Carlo,1.1,0.1613866961315255,0.021739130434782608,L2R.L2L,2426
Royer & Carlo (1991),49,L2DA,L2DF,1,1,1,1,,Young,SL,II,AA,Beyond,1991,Royer & Carlo,1.1,,0.021739130434782608,L2DA.L2DF,2427
Royer & Carlo (1991),49,L2DA,L2V,1,1,1,1,,Young,SL,II,AA,Beyond,1991,Royer & Carlo,1.1,,0.021739130434782608,L2DA.L2V,2428
Royer & Carlo (1991),49,L2DA,L2G,1,1,1,1,,Young,SL,II,AA,Beyond,1991,Royer & Carlo,1.1,,0.021739130434782608,L2DA.L2G,2429
Royer & Carlo (1991),49,L2DA,L2P,1,1,1,1,,Young,SL,II,AA,Beyond,1991,Royer & Carlo,1.1,,0.021739130434782608,L2DA.L2P,2430
Royer & Carlo (1991),49,L2DA,L2M,1,1,1,1,,Young,SL,II,AA,Beyond,1991,Royer & Carlo,1.1,,0.021739130434782608,L2DA.L2M,2431
Royer & Carlo (1991),49,L2DA,L2L,1,1,1,1,,Young,SL,II,AA,Beyond,1991,Royer & Carlo,1.1,,0.021739130434782608,L2DA.L2L,2432
Royer & Carlo (1991),49,L2DF,L2V,1,1,1,1,,Young,SL,II,AA,Beyond,1991,Royer & Carlo,1.1,,0.021739130434782608,L2DF.L2V,2433
Royer & Carlo (1991),49,L2DF,L2G,1,1,1,1,,Young,SL,II,AA,Beyond,1991,Royer & Carlo,1.1,,0.021739130434782608,L2DF.L2G,2434
Royer & Carlo (1991),49,L2DF,L2P,1,1,1,1,,Young,SL,II,AA,Beyond,1991,Royer & Carlo,1.1,,0.021739130434782608,L2DF.L2P,2435
Royer & Carlo (1991),49,L2DF,L2M,1,1,1,1,,Young,SL,II,AA,Beyond,1991,Royer & Carlo,1.1,,0.021739130434782608,L2DF.L2M,2436
Royer & Carlo (1991),49,L2DF,L2L,1,1,1,1,,Young,SL,II,AA,Beyond,1991,Royer & Carlo,1.1,,0.021739130434782608,L2DF.L2L,2437
Royer & Carlo (1991),49,L2V,L2G,1,1,1,1,,Young,SL,II,AA,Beyond,1991,Royer & Carlo,1.1,,0.021739130434782608,L2V.L2G,2438
Royer & Carlo (1991),49,L2V,L2P,1,1,1,1,,Young,SL,II,AA,Beyond,1991,Royer & Carlo,1.1,,0.021739130434782608,L2V.L2P,2439
Royer & Carlo (1991),49,L2V,L2M,1,1,1,1,,Young,SL,II,AA,Beyond,1991,Royer & Carlo,1.1,,0.021739130434782608,L2V.L2M,2440
Royer & Carlo (1991),49,L2V,L2L,1,1,1,1,,Young,SL,II,AA,Beyond,1991,Royer & Carlo,1.1,,0.021739130434782608,L2V.L2L,2441
Royer & Carlo (1991),49,L2G,L2P,1,1,1,1,,Young,SL,II,AA,Beyond,1991,Royer & Carlo,1.1,,0.021739130434782608,L2G.L2P,2442
Royer & Carlo (1991),49,L2G,L2M,1,1,1,1,,Young,SL,II,AA,Beyond,1991,Royer & Carlo,1.1,,0.021739130434782608,L2G.L2M,2443
Royer & Carlo (1991),49,L2G,L2L,1,1,1,1,,Young,SL,II,AA,Beyond,1991,Royer & Carlo,1.1,,0.021739130434782608,L2G.L2L,2444
Royer & Carlo (1991),49,L2P,L2M,1,1,1,1,,Young,SL,II,AA,Beyond,1991,Royer & Carlo,1.1,,0.021739130434782608,L2P.L2M,2445
Royer & Carlo (1991),49,L2P,L2L,1,1,1,1,,Young,SL,II,AA,Beyond,1991,Royer & Carlo,1.1,,0.021739130434782608,L2P.L2L,2446
Royer & Carlo (1991),49,L2M,L2L,1,1,1,1,,Young,SL,II,AA,Beyond,1991,Royer & Carlo,1.1,,0.021739130434782608,L2M.L2L,2447
Royer & Carlo (1991),49,L2R,L2DA,1,2,1,1,,Young,SL,II,AA,Beyond,1991,Royer & Carlo,1.1,,0.021739130434782608,L2R.L2DA,2448
Royer & Carlo (1991),49,L2R,L2DF,1,2,1,1,,Young,SL,II,AA,Beyond,1991,Royer & Carlo,1.1,,0.021739130434782608,L2R.L2DF,2449
Royer & Carlo (1991),49,L2R,L2V,1,2,1,1,,Young,SL,II,AA,Beyond,1991,Royer & Carlo,1.1,,0.021739130434782608,L2R.L2V,2450
Royer & Carlo (1991),49,L2R,L2G,1,2,1,1,,Young,SL,II,AA,Beyond,1991,Royer & Carlo,1.1,,0.021739130434782608,L2R.L2G,2451
Royer & Carlo (1991),49,L2R,L2P,1,2,1,1,,Young,SL,II,AA,Beyond,1991,Royer & Carlo,1.1,,0.021739130434782608,L2R.L2P,2452
Royer & Carlo (1991),49,L2R,L2M,1,2,1,1,,Young,SL,II,AA,Beyond,1991,Royer & Carlo,1.1,,0.021739130434782608,L2R.L2M,2453
Royer & Carlo (1991),49,L2R,L2L,1,2,1,1,0.23,Young,SL,II,AA,Beyond,1991,Royer & Carlo,1.1,0.2341894667593668,0.021739130434782608,L2R.L2L,2454
Royer & Carlo (1991),49,L2DA,L2DF,1,2,1,1,,Young,SL,II,AA,Beyond,1991,Royer & Carlo,1.1,,0.021739130434782608,L2DA.L2DF,2455
Royer & Carlo (1991),49,L2DA,L2V,1,2,1,1,,Young,SL,II,AA,Beyond,1991,Royer & Carlo,1.1,,0.021739130434782608,L2DA.L2V,2456
Royer & Carlo (1991),49,L2DA,L2G,1,2,1,1,,Young,SL,II,AA,Beyond,1991,Royer & Carlo,1.1,,0.021739130434782608,L2DA.L2G,2457
Royer & Carlo (1991),49,L2DA,L2P,1,2,1,1,,Young,SL,II,AA,Beyond,1991,Royer & Carlo,1.1,,0.021739130434782608,L2DA.L2P,2458
Royer & Carlo (1991),49,L2DA,L2M,1,2,1,1,,Young,SL,II,AA,Beyond,1991,Royer & Carlo,1.1,,0.021739130434782608,L2DA.L2M,2459
Royer & Carlo (1991),49,L2DA,L2L,1,2,1,1,,Young,SL,II,AA,Beyond,1991,Royer & Carlo,1.1,,0.021739130434782608,L2DA.L2L,2460
Royer & Carlo (1991),49,L2DF,L2V,1,2,1,1,,Young,SL,II,AA,Beyond,1991,Royer & Carlo,1.1,,0.021739130434782608,L2DF.L2V,2461
Royer & Carlo (1991),49,L2DF,L2G,1,2,1,1,,Young,SL,II,AA,Beyond,1991,Royer & Carlo,1.1,,0.021739130434782608,L2DF.L2G,2462
Royer & Carlo (1991),49,L2DF,L2P,1,2,1,1,,Young,SL,II,AA,Beyond,1991,Royer & Carlo,1.1,,0.021739130434782608,L2DF.L2P,2463
Royer & Carlo (1991),49,L2DF,L2M,1,2,1,1,,Young,SL,II,AA,Beyond,1991,Royer & Carlo,1.1,,0.021739130434782608,L2DF.L2M,2464
Royer & Carlo (1991),49,L2DF,L2L,1,2,1,1,,Young,SL,II,AA,Beyond,1991,Royer & Carlo,1.1,,0.021739130434782608,L2DF.L2L,2465
Royer & Carlo (1991),49,L2V,L2G,1,2,1,1,,Young,SL,II,AA,Beyond,1991,Royer & Carlo,1.1,,0.021739130434782608,L2V.L2G,2466
Royer & Carlo (1991),49,L2V,L2P,1,2,1,1,,Young,SL,II,AA,Beyond,1991,Royer & Carlo,1.1,,0.021739130434782608,L2V.L2P,2467
Royer & Carlo (1991),49,L2V,L2M,1,2,1,1,,Young,SL,II,AA,Beyond,1991,Royer & Carlo,1.1,,0.021739130434782608,L2V.L2M,2468
Royer & Carlo (1991),49,L2V,L2L,1,2,1,1,,Young,SL,II,AA,Beyond,1991,Royer & Carlo,1.1,,0.021739130434782608,L2V.L2L,2469
Royer & Carlo (1991),49,L2G,L2P,1,2,1,1,,Young,SL,II,AA,Beyond,1991,Royer & Carlo,1.1,,0.021739130434782608,L2G.L2P,2470
Royer & Carlo (1991),49,L2G,L2M,1,2,1,1,,Young,SL,II,AA,Beyond,1991,Royer & Carlo,1.1,,0.021739130434782608,L2G.L2M,2471
Royer & Carlo (1991),49,L2G,L2L,1,2,1,1,,Young,SL,II,AA,Beyond,1991,Royer & Carlo,1.1,,0.021739130434782608,L2G.L2L,2472
Royer & Carlo (1991),49,L2P,L2M,1,2,1,1,,Young,SL,II,AA,Beyond,1991,Royer & Carlo,1.1,,0.021739130434782608,L2P.L2M,2473
Royer & Carlo (1991),49,L2P,L2L,1,2,1,1,,Young,SL,II,AA,Beyond,1991,Royer & Carlo,1.1,,0.021739130434782608,L2P.L2L,2474
Royer & Carlo (1991),49,L2M,L2L,1,2,1,1,,Young,SL,II,AA,Beyond,1991,Royer & Carlo,1.1,,0.021739130434782608,L2M.L2L,2475
Royer & Carlo (1991),49,L2R,L2DA,1,3,1,1,,Young,SL,II,AA,Beyond,1991,Royer & Carlo,1.1,,0.021739130434782608,L2R.L2DA,2476
Royer & Carlo (1991),49,L2R,L2DF,1,3,1,1,,Young,SL,II,AA,Beyond,1991,Royer & Carlo,1.1,,0.021739130434782608,L2R.L2DF,2477
Royer & Carlo (1991),49,L2R,L2V,1,3,1,1,,Young,SL,II,AA,Beyond,1991,Royer & Carlo,1.1,,0.021739130434782608,L2R.L2V,2478
Royer & Carlo (1991),49,L2R,L2G,1,3,1,1,,Young,SL,II,AA,Beyond,1991,Royer & Carlo,1.1,,0.021739130434782608,L2R.L2G,2479
Royer & Carlo (1991),49,L2R,L2P,1,3,1,1,,Young,SL,II,AA,Beyond,1991,Royer & Carlo,1.1,,0.021739130434782608,L2R.L2P,2480
Royer & Carlo (1991),49,L2R,L2M,1,3,1,1,,Young,SL,II,AA,Beyond,1991,Royer & Carlo,1.1,,0.021739130434782608,L2R.L2M,2481
Royer & Carlo (1991),49,L2R,L2L,1,3,1,1,0.17,Young,SL,II,AA,Beyond,1991,Royer & Carlo,1.1,0.1716666635005791,0.021739130434782608,L2R.L2L,2482
Royer & Carlo (1991),49,L2DA,L2DF,1,3,1,1,,Young,SL,II,AA,Beyond,1991,Royer & Carlo,1.1,,0.021739130434782608,L2DA.L2DF,2483
Royer & Carlo (1991),49,L2DA,L2V,1,3,1,1,,Young,SL,II,AA,Beyond,1991,Royer & Carlo,1.1,,0.021739130434782608,L2DA.L2V,2484
Royer & Carlo (1991),49,L2DA,L2G,1,3,1,1,,Young,SL,II,AA,Beyond,1991,Royer & Carlo,1.1,,0.021739130434782608,L2DA.L2G,2485
Royer & Carlo (1991),49,L2DA,L2P,1,3,1,1,,Young,SL,II,AA,Beyond,1991,Royer & Carlo,1.1,,0.021739130434782608,L2DA.L2P,2486
Royer & Carlo (1991),49,L2DA,L2M,1,3,1,1,,Young,SL,II,AA,Beyond,1991,Royer & Carlo,1.1,,0.021739130434782608,L2DA.L2M,2487
Royer & Carlo (1991),49,L2DA,L2L,1,3,1,1,,Young,SL,II,AA,Beyond,1991,Royer & Carlo,1.1,,0.021739130434782608,L2DA.L2L,2488
Royer & Carlo (1991),49,L2DF,L2V,1,3,1,1,,Young,SL,II,AA,Beyond,1991,Royer & Carlo,1.1,,0.021739130434782608,L2DF.L2V,2489
Royer & Carlo (1991),49,L2DF,L2G,1,3,1,1,,Young,SL,II,AA,Beyond,1991,Royer & Carlo,1.1,,0.021739130434782608,L2DF.L2G,2490
Royer & Carlo (1991),49,L2DF,L2P,1,3,1,1,,Young,SL,II,AA,Beyond,1991,Royer & Carlo,1.1,,0.021739130434782608,L2DF.L2P,2491
Royer & Carlo (1991),49,L2DF,L2M,1,3,1,1,,Young,SL,II,AA,Beyond,1991,Royer & Carlo,1.1,,0.021739130434782608,L2DF.L2M,2492
Royer & Carlo (1991),49,L2DF,L2L,1,3,1,1,,Young,SL,II,AA,Beyond,1991,Royer & Carlo,1.1,,0.021739130434782608,L2DF.L2L,2493
Royer & Carlo (1991),49,L2V,L2G,1,3,1,1,,Young,SL,II,AA,Beyond,1991,Royer & Carlo,1.1,,0.021739130434782608,L2V.L2G,2494
Royer & Carlo (1991),49,L2V,L2P,1,3,1,1,,Young,SL,II,AA,Beyond,1991,Royer & Carlo,1.1,,0.021739130434782608,L2V.L2P,2495
Royer & Carlo (1991),49,L2V,L2M,1,3,1,1,,Young,SL,II,AA,Beyond,1991,Royer & Carlo,1.1,,0.021739130434782608,L2V.L2M,2496
Royer & Carlo (1991),49,L2V,L2L,1,3,1,1,,Young,SL,II,AA,Beyond,1991,Royer & Carlo,1.1,,0.021739130434782608,L2V.L2L,2497
Royer & Carlo (1991),49,L2G,L2P,1,3,1,1,,Young,SL,II,AA,Beyond,1991,Royer & Carlo,1.1,,0.021739130434782608,L2G.L2P,2498
Royer & Carlo (1991),49,L2G,L2M,1,3,1,1,,Young,SL,II,AA,Beyond,1991,Royer & Carlo,1.1,,0.021739130434782608,L2G.L2M,2499
Royer & Carlo (1991),49,L2G,L2L,1,3,1,1,,Young,SL,II,AA,Beyond,1991,Royer & Carlo,1.1,,0.021739130434782608,L2G.L2L,2500
Royer & Carlo (1991),49,L2P,L2M,1,3,1,1,,Young,SL,II,AA,Beyond,1991,Royer & Carlo,1.1,,0.021739130434782608,L2P.L2M,2501
Royer & Carlo (1991),49,L2P,L2L,1,3,1,1,,Young,SL,II,AA,Beyond,1991,Royer & Carlo,1.1,,0.021739130434782608,L2P.L2L,2502
Royer & Carlo (1991),49,L2M,L2L,1,3,1,1,,Young,SL,II,AA,Beyond,1991,Royer & Carlo,1.1,,0.021739130434782608,L2M.L2L,2503
Sang et al. (1986),12252,L2R,L2DA,1,1,1,1,,Adolescent/Adult,FL,II,AA,,1986,Sang et al.,1.1,,8.163931749530574e-5,L2R.L2DA,2504
Sang et al. (1986),12252,L2R,L2DF,1,1,1,1,,Adolescent/Adult,FL,II,AA,,1986,Sang et al.,1.1,,8.163931749530574e-5,L2R.L2DF,2505
Sang et al. (1986),12252,L2R,L2V,1,1,1,1,0.33,Adolescent/Adult,FL,II,AA,,1986,Sang et al.,1.1,0.3428282544153939,8.163931749530574e-5,L2R.L2V,2506
Sang et al. (1986),12252,L2R,L2G,1,1,1,1,0.51,Adolescent/Adult,FL,II,AA,,1986,Sang et al.,1.1,0.5627297693521489,8.163931749530574e-5,L2R.L2G,2507
Sang et al. (1986),12252,L2R,L2P,1,1,1,1,,Adolescent/Adult,FL,II,AA,,1986,Sang et al.,1.1,,8.163931749530574e-5,L2R.L2P,2508
Sang et al. (1986),12252,L2R,L2M,1,1,1,1,,Adolescent/Adult,FL,II,AA,,1986,Sang et al.,1.1,,8.163931749530574e-5,L2R.L2M,2509
Sang et al. (1986),12252,L2R,L2L,1,1,1,1,0.48,Adolescent/Adult,FL,II,AA,,1986,Sang et al.,1.1,0.5229842775913438,8.163931749530574e-5,L2R.L2L,2510
Sang et al. (1986),12252,L2DA,L2DF,1,1,1,1,,Adolescent/Adult,FL,II,AA,,1986,Sang et al.,1.1,,8.163931749530574e-5,L2DA.L2DF,2511
Sang et al. (1986),12252,L2DA,L2V,1,1,1,1,,Adolescent/Adult,FL,II,AA,,1986,Sang et al.,1.1,,8.163931749530574e-5,L2DA.L2V,2512
Sang et al. (1986),12252,L2DA,L2G,1,1,1,1,,Adolescent/Adult,FL,II,AA,,1986,Sang et al.,1.1,,8.163931749530574e-5,L2DA.L2G,2513
Sang et al. (1986),12252,L2DA,L2P,1,1,1,1,,Adolescent/Adult,FL,II,AA,,1986,Sang et al.,1.1,,8.163931749530574e-5,L2DA.L2P,2514
Sang et al. (1986),12252,L2DA,L2M,1,1,1,1,,Adolescent/Adult,FL,II,AA,,1986,Sang et al.,1.1,,8.163931749530574e-5,L2DA.L2M,2515
Sang et al. (1986),12252,L2DA,L2L,1,1,1,1,,Adolescent/Adult,FL,II,AA,,1986,Sang et al.,1.1,,8.163931749530574e-5,L2DA.L2L,2516
Sang et al. (1986),12252,L2DF,L2V,1,1,1,1,,Adolescent/Adult,FL,II,AA,,1986,Sang et al.,1.1,,8.163931749530574e-5,L2DF.L2V,2517
Sang et al. (1986),12252,L2DF,L2G,1,1,1,1,,Adolescent/Adult,FL,II,AA,,1986,Sang et al.,1.1,,8.163931749530574e-5,L2DF.L2G,2518
Sang et al. (1986),12252,L2DF,L2P,1,1,1,1,,Adolescent/Adult,FL,II,AA,,1986,Sang et al.,1.1,,8.163931749530574e-5,L2DF.L2P,2519
Sang et al. (1986),12252,L2DF,L2M,1,1,1,1,,Adolescent/Adult,FL,II,AA,,1986,Sang et al.,1.1,,8.163931749530574e-5,L2DF.L2M,2520
Sang et al. (1986),12252,L2DF,L2L,1,1,1,1,,Adolescent/Adult,FL,II,AA,,1986,Sang et al.,1.1,,8.163931749530574e-5,L2DF.L2L,2521
Sang et al. (1986),12252,L2V,L2G,1,1,1,1,0.31,Adolescent/Adult,FL,II,AA,,1986,Sang et al.,1.1,0.3205454093019461,8.163931749530574e-5,L2V.L2G,2522
Sang et al. (1986),12252,L2V,L2P,1,1,1,1,,Adolescent/Adult,FL,II,AA,,1986,Sang et al.,1.1,,8.163931749530574e-5,L2V.L2P,2523
Sang et al. (1986),12252,L2V,L2M,1,1,1,1,,Adolescent/Adult,FL,II,AA,,1986,Sang et al.,1.1,,8.163931749530574e-5,L2V.L2M,2524
Sang et al. (1986),12252,L2V,L2L,1,1,1,1,0.28,Adolescent/Adult,FL,II,AA,,1986,Sang et al.,1.1,0.28768207245178096,8.163931749530574e-5,L2V.L2L,2525
Sang et al. (1986),12252,L2G,L2P,1,1,1,1,,Adolescent/Adult,FL,II,AA,,1986,Sang et al.,1.1,,8.163931749530574e-5,L2G.L2P,2526
Sang et al. (1986),12252,L2G,L2M,1,1,1,1,,Adolescent/Adult,FL,II,AA,,1986,Sang et al.,1.1,,8.163931749530574e-5,L2G.L2M,2527
Sang et al. (1986),12252,L2G,L2L,1,1,1,1,0.39,Adolescent/Adult,FL,II,AA,,1986,Sang et al.,1.1,0.4118000344786903,8.163931749530574e-5,L2G.L2L,2528
Sang et al. (1986),12252,L2P,L2M,1,1,1,1,,Adolescent/Adult,FL,II,AA,,1986,Sang et al.,1.1,,8.163931749530574e-5,L2P.L2M,2529
Sang et al. (1986),12252,L2P,L2L,1,1,1,1,,Adolescent/Adult,FL,II,AA,,1986,Sang et al.,1.1,,8.163931749530574e-5,L2P.L2L,2530
Sang et al. (1986),12252,L2M,L2L,1,1,1,1,,Adolescent/Adult,FL,II,AA,,1986,Sang et al.,1.1,,8.163931749530574e-5,L2M.L2L,2531
Shiotsu & Weir (2007): Sample 1,107,L2R,L2DA,1,1,1,1,,Adolescent/Adult,SL,,,Beyond,2007,Shiotsu & Weir,1.1,,0.009615384615384616,L2R.L2DA,2532
Shiotsu & Weir (2007): Sample 1,107,L2R,L2DF,1,1,1,1,,Adolescent/Adult,SL,,,Beyond,2007,Shiotsu & Weir,1.1,,0.009615384615384616,L2R.L2DF,2533
Shiotsu & Weir (2007): Sample 1,107,L2R,L2V,1,1,1,1,0.6,Adolescent/Adult,SL,,,Beyond,2007,Shiotsu & Weir,1.1,0.6931471805599453,0.009615384615384616,L2R.L2V,2534
Shiotsu & Weir (2007): Sample 1,107,L2R,L2G,1,1,1,1,0.62,Adolescent/Adult,SL,,,Beyond,2007,Shiotsu & Weir,1.1,0.7250050877529992,0.009615384615384616,L2R.L2G,2535
Shiotsu & Weir (2007): Sample 1,107,L2R,L2P,1,1,1,1,,Adolescent/Adult,SL,,,Beyond,2007,Shiotsu & Weir,1.1,,0.009615384615384616,L2R.L2P,2536
Shiotsu & Weir (2007): Sample 1,107,L2R,L2M,1,1,1,1,,Adolescent/Adult,SL,,,Beyond,2007,Shiotsu & Weir,1.1,,0.009615384615384616,L2R.L2M,2537
Shiotsu & Weir (2007): Sample 1,107,L2R,L2L,1,1,1,1,,Adolescent/Adult,SL,,,Beyond,2007,Shiotsu & Weir,1.1,,0.009615384615384616,L2R.L2L,2538
Shiotsu & Weir (2007): Sample 1,107,L2DA,L2DF,1,1,1,1,,Adolescent/Adult,SL,,,Beyond,2007,Shiotsu & Weir,1.1,,0.009615384615384616,L2DA.L2DF,2539
Shiotsu & Weir (2007): Sample 1,107,L2DA,L2V,1,1,1,1,,Adolescent/Adult,SL,,,Beyond,2007,Shiotsu & Weir,1.1,,0.009615384615384616,L2DA.L2V,2540
Shiotsu & Weir (2007): Sample 1,107,L2DA,L2G,1,1,1,1,,Adolescent/Adult,SL,,,Beyond,2007,Shiotsu & Weir,1.1,,0.009615384615384616,L2DA.L2G,2541
Shiotsu & Weir (2007): Sample 1,107,L2DA,L2P,1,1,1,1,,Adolescent/Adult,SL,,,Beyond,2007,Shiotsu & Weir,1.1,,0.009615384615384616,L2DA.L2P,2542
Shiotsu & Weir (2007): Sample 1,107,L2DA,L2M,1,1,1,1,,Adolescent/Adult,SL,,,Beyond,2007,Shiotsu & Weir,1.1,,0.009615384615384616,L2DA.L2M,2543
Shiotsu & Weir (2007): Sample 1,107,L2DA,L2L,1,1,1,1,,Adolescent/Adult,SL,,,Beyond,2007,Shiotsu & Weir,1.1,,0.009615384615384616,L2DA.L2L,2544
Shiotsu & Weir (2007): Sample 1,107,L2DF,L2V,1,1,1,1,,Adolescent/Adult,SL,,,Beyond,2007,Shiotsu & Weir,1.1,,0.009615384615384616,L2DF.L2V,2545
Shiotsu & Weir (2007): Sample 1,107,L2DF,L2G,1,1,1,1,,Adolescent/Adult,SL,,,Beyond,2007,Shiotsu & Weir,1.1,,0.009615384615384616,L2DF.L2G,2546
Shiotsu & Weir (2007): Sample 1,107,L2DF,L2P,1,1,1,1,,Adolescent/Adult,SL,,,Beyond,2007,Shiotsu & Weir,1.1,,0.009615384615384616,L2DF.L2P,2547
Shiotsu & Weir (2007): Sample 1,107,L2DF,L2M,1,1,1,1,,Adolescent/Adult,SL,,,Beyond,2007,Shiotsu & Weir,1.1,,0.009615384615384616,L2DF.L2M,2548
Shiotsu & Weir (2007): Sample 1,107,L2DF,L2L,1,1,1,1,,Adolescent/Adult,SL,,,Beyond,2007,Shiotsu & Weir,1.1,,0.009615384615384616,L2DF.L2L,2549
Shiotsu & Weir (2007): Sample 1,107,L2V,L2G,1,1,1,1,0.37,Adolescent/Adult,SL,,,Beyond,2007,Shiotsu & Weir,1.1,0.3884230997182962,0.009615384615384616,L2V.L2G,2550
Shiotsu & Weir (2007): Sample 1,107,L2V,L2P,1,1,1,1,,Adolescent/Adult,SL,,,Beyond,2007,Shiotsu & Weir,1.1,,0.009615384615384616,L2V.L2P,2551
Shiotsu & Weir (2007): Sample 1,107,L2V,L2M,1,1,1,1,,Adolescent/Adult,SL,,,Beyond,2007,Shiotsu & Weir,1.1,,0.009615384615384616,L2V.L2M,2552
Shiotsu & Weir (2007): Sample 1,107,L2V,L2L,1,1,1,1,,Adolescent/Adult,SL,,,Beyond,2007,Shiotsu & Weir,1.1,,0.009615384615384616,L2V.L2L,2553
Shiotsu & Weir (2007): Sample 1,107,L2G,L2P,1,1,1,1,,Adolescent/Adult,SL,,,Beyond,2007,Shiotsu & Weir,1.1,,0.009615384615384616,L2G.L2P,2554
Shiotsu & Weir (2007): Sample 1,107,L2G,L2M,1,1,1,1,,Adolescent/Adult,SL,,,Beyond,2007,Shiotsu & Weir,1.1,,0.009615384615384616,L2G.L2M,2555
Shiotsu & Weir (2007): Sample 1,107,L2G,L2L,1,1,1,1,,Adolescent/Adult,SL,,,Beyond,2007,Shiotsu & Weir,1.1,,0.009615384615384616,L2G.L2L,2556
Shiotsu & Weir (2007): Sample 1,107,L2P,L2M,1,1,1,1,,Adolescent/Adult,SL,,,Beyond,2007,Shiotsu & Weir,1.1,,0.009615384615384616,L2P.L2M,2557
Shiotsu & Weir (2007): Sample 1,107,L2P,L2L,1,1,1,1,,Adolescent/Adult,SL,,,Beyond,2007,Shiotsu & Weir,1.1,,0.009615384615384616,L2P.L2L,2558
Shiotsu & Weir (2007): Sample 1,107,L2M,L2L,1,1,1,1,,Adolescent/Adult,SL,,,Beyond,2007,Shiotsu & Weir,1.1,,0.009615384615384616,L2M.L2L,2559
Shiotsu & Weir (2007): Sample 2,182,L2R,L2DA,2,1,1,1,,Adolescent/Adult,FL,IL,AM,Beyond,2007,Shiotsu & Weir,1.1,,0.00558659217877095,L2R.L2DA,2560
Shiotsu & Weir (2007): Sample 2,182,L2R,L2DF,2,1,1,1,,Adolescent/Adult,FL,IL,AM,Beyond,2007,Shiotsu & Weir,1.1,,0.00558659217877095,L2R.L2DF,2561
Shiotsu & Weir (2007): Sample 2,182,L2R,L2V,2,1,1,1,0.85,Adolescent/Adult,FL,IL,AM,Beyond,2007,Shiotsu & Weir,1.1,1.2561528119880574,0.00558659217877095,L2R.L2V,2562
Shiotsu & Weir (2007): Sample 2,182,L2R,L2G,2,1,1,1,0.89,Adolescent/Adult,FL,IL,AM,Beyond,2007,Shiotsu & Weir,1.1,1.421925871130636,0.00558659217877095,L2R.L2G,2563
Shiotsu & Weir (2007): Sample 2,182,L2R,L2P,2,1,1,1,,Adolescent/Adult,FL,IL,AM,Beyond,2007,Shiotsu & Weir,1.1,,0.00558659217877095,L2R.L2P,2564
Shiotsu & Weir (2007): Sample 2,182,L2R,L2M,2,1,1,1,,Adolescent/Adult,FL,IL,AM,Beyond,2007,Shiotsu & Weir,1.1,,0.00558659217877095,L2R.L2M,2565
Shiotsu & Weir (2007): Sample 2,182,L2R,L2L,2,1,1,1,,Adolescent/Adult,FL,IL,AM,Beyond,2007,Shiotsu & Weir,1.1,,0.00558659217877095,L2R.L2L,2566
Shiotsu & Weir (2007): Sample 2,182,L2DA,L2DF,2,1,1,1,,Adolescent/Adult,FL,IL,AM,Beyond,2007,Shiotsu & Weir,1.1,,0.00558659217877095,L2DA.L2DF,2567
Shiotsu & Weir (2007): Sample 2,182,L2DA,L2V,2,1,1,1,,Adolescent/Adult,FL,IL,AM,Beyond,2007,Shiotsu & Weir,1.1,,0.00558659217877095,L2DA.L2V,2568
Shiotsu & Weir (2007): Sample 2,182,L2DA,L2G,2,1,1,1,,Adolescent/Adult,FL,IL,AM,Beyond,2007,Shiotsu & Weir,1.1,,0.00558659217877095,L2DA.L2G,2569
Shiotsu & Weir (2007): Sample 2,182,L2DA,L2P,2,1,1,1,,Adolescent/Adult,FL,IL,AM,Beyond,2007,Shiotsu & Weir,1.1,,0.00558659217877095,L2DA.L2P,2570
Shiotsu & Weir (2007): Sample 2,182,L2DA,L2M,2,1,1,1,,Adolescent/Adult,FL,IL,AM,Beyond,2007,Shiotsu & Weir,1.1,,0.00558659217877095,L2DA.L2M,2571
Shiotsu & Weir (2007): Sample 2,182,L2DA,L2L,2,1,1,1,,Adolescent/Adult,FL,IL,AM,Beyond,2007,Shiotsu & Weir,1.1,,0.00558659217877095,L2DA.L2L,2572
Shiotsu & Weir (2007): Sample 2,182,L2DF,L2V,2,1,1,1,,Adolescent/Adult,FL,IL,AM,Beyond,2007,Shiotsu & Weir,1.1,,0.00558659217877095,L2DF.L2V,2573
Shiotsu & Weir (2007): Sample 2,182,L2DF,L2G,2,1,1,1,,Adolescent/Adult,FL,IL,AM,Beyond,2007,Shiotsu & Weir,1.1,,0.00558659217877095,L2DF.L2G,2574
Shiotsu & Weir (2007): Sample 2,182,L2DF,L2P,2,1,1,1,,Adolescent/Adult,FL,IL,AM,Beyond,2007,Shiotsu & Weir,1.1,,0.00558659217877095,L2DF.L2P,2575
Shiotsu & Weir (2007): Sample 2,182,L2DF,L2M,2,1,1,1,,Adolescent/Adult,FL,IL,AM,Beyond,2007,Shiotsu & Weir,1.1,,0.00558659217877095,L2DF.L2M,2576
Shiotsu & Weir (2007): Sample 2,182,L2DF,L2L,2,1,1,1,,Adolescent/Adult,FL,IL,AM,Beyond,2007,Shiotsu & Weir,1.1,,0.00558659217877095,L2DF.L2L,2577
Shiotsu & Weir (2007): Sample 2,182,L2V,L2G,2,1,1,1,0.84,Adolescent/Adult,FL,IL,AM,Beyond,2007,Shiotsu & Weir,1.1,1.2211735176846021,0.00558659217877095,L2V.L2G,2578
Shiotsu & Weir (2007): Sample 2,182,L2V,L2P,2,1,1,1,,Adolescent/Adult,FL,IL,AM,Beyond,2007,Shiotsu & Weir,1.1,,0.00558659217877095,L2V.L2P,2579
Shiotsu & Weir (2007): Sample 2,182,L2V,L2M,2,1,1,1,,Adolescent/Adult,FL,IL,AM,Beyond,2007,Shiotsu & Weir,1.1,,0.00558659217877095,L2V.L2M,2580
Shiotsu & Weir (2007): Sample 2,182,L2V,L2L,2,1,1,1,,Adolescent/Adult,FL,IL,AM,Beyond,2007,Shiotsu & Weir,1.1,,0.00558659217877095,L2V.L2L,2581
Shiotsu & Weir (2007): Sample 2,182,L2G,L2P,2,1,1,1,,Adolescent/Adult,FL,IL,AM,Beyond,2007,Shiotsu & Weir,1.1,,0.00558659217877095,L2G.L2P,2582
Shiotsu & Weir (2007): Sample 2,182,L2G,L2M,2,1,1,1,,Adolescent/Adult,FL,IL,AM,Beyond,2007,Shiotsu & Weir,1.1,,0.00558659217877095,L2G.L2M,2583
Shiotsu & Weir (2007): Sample 2,182,L2G,L2L,2,1,1,1,,Adolescent/Adult,FL,IL,AM,Beyond,2007,Shiotsu & Weir,1.1,,0.00558659217877095,L2G.L2L,2584
Shiotsu & Weir (2007): Sample 2,182,L2P,L2M,2,1,1,1,,Adolescent/Adult,FL,IL,AM,Beyond,2007,Shiotsu & Weir,1.1,,0.00558659217877095,L2P.L2M,2585
Shiotsu & Weir (2007): Sample 2,182,L2P,L2L,2,1,1,1,,Adolescent/Adult,FL,IL,AM,Beyond,2007,Shiotsu & Weir,1.1,,0.00558659217877095,L2P.L2L,2586
Shiotsu & Weir (2007): Sample 2,182,L2M,L2L,2,1,1,1,,Adolescent/Adult,FL,IL,AM,Beyond,2007,Shiotsu & Weir,1.1,,0.00558659217877095,L2M.L2L,2587
Shiotsu & Weir (2007): Sample 3,591,L2R,L2DA,3,1,1,1,,Adolescent/Adult,FL,IL,AM,Beyond,2007,Shiotsu & Weir,1.1,,0.0017006802721088435,L2R.L2DA,2588
Shiotsu & Weir (2007): Sample 3,591,L2R,L2DF,3,1,1,1,,Adolescent/Adult,FL,IL,AM,Beyond,2007,Shiotsu & Weir,1.1,,0.0017006802721088435,L2R.L2DF,2589
Shiotsu & Weir (2007): Sample 3,591,L2R,L2V,3,1,1,1,0.79,Adolescent/Adult,FL,IL,AM,Beyond,2007,Shiotsu & Weir,1.1,1.0714316840586662,0.0017006802721088435,L2R.L2V,2590
Shiotsu & Weir (2007): Sample 3,591,L2R,L2G,3,1,1,1,0.85,Adolescent/Adult,FL,IL,AM,Beyond,2007,Shiotsu & Weir,1.1,1.2561528119880574,0.0017006802721088435,L2R.L2G,2591
Shiotsu & Weir (2007): Sample 3,591,L2R,L2P,3,1,1,1,,Adolescent/Adult,FL,IL,AM,Beyond,2007,Shiotsu & Weir,1.1,,0.0017006802721088435,L2R.L2P,2592
Shiotsu & Weir (2007): Sample 3,591,L2R,L2M,3,1,1,1,,Adolescent/Adult,FL,IL,AM,Beyond,2007,Shiotsu & Weir,1.1,,0.0017006802721088435,L2R.L2M,2593
Shiotsu & Weir (2007): Sample 3,591,L2R,L2L,3,1,1,1,,Adolescent/Adult,FL,IL,AM,Beyond,2007,Shiotsu & Weir,1.1,,0.0017006802721088435,L2R.L2L,2594
Shiotsu & Weir (2007): Sample 3,591,L2DA,L2DF,3,1,1,1,,Adolescent/Adult,FL,IL,AM,Beyond,2007,Shiotsu & Weir,1.1,,0.0017006802721088435,L2DA.L2DF,2595
Shiotsu & Weir (2007): Sample 3,591,L2DA,L2V,3,1,1,1,,Adolescent/Adult,FL,IL,AM,Beyond,2007,Shiotsu & Weir,1.1,,0.0017006802721088435,L2DA.L2V,2596
Shiotsu & Weir (2007): Sample 3,591,L2DA,L2G,3,1,1,1,,Adolescent/Adult,FL,IL,AM,Beyond,2007,Shiotsu & Weir,1.1,,0.0017006802721088435,L2DA.L2G,2597
Shiotsu & Weir (2007): Sample 3,591,L2DA,L2P,3,1,1,1,,Adolescent/Adult,FL,IL,AM,Beyond,2007,Shiotsu & Weir,1.1,,0.0017006802721088435,L2DA.L2P,2598
Shiotsu & Weir (2007): Sample 3,591,L2DA,L2M,3,1,1,1,,Adolescent/Adult,FL,IL,AM,Beyond,2007,Shiotsu & Weir,1.1,,0.0017006802721088435,L2DA.L2M,2599
Shiotsu & Weir (2007): Sample 3,591,L2DA,L2L,3,1,1,1,,Adolescent/Adult,FL,IL,AM,Beyond,2007,Shiotsu & Weir,1.1,,0.0017006802721088435,L2DA.L2L,2600
Shiotsu & Weir (2007): Sample 3,591,L2DF,L2V,3,1,1,1,,Adolescent/Adult,FL,IL,AM,Beyond,2007,Shiotsu & Weir,1.1,,0.0017006802721088435,L2DF.L2V,2601
Shiotsu & Weir (2007): Sample 3,591,L2DF,L2G,3,1,1,1,,Adolescent/Adult,FL,IL,AM,Beyond,2007,Shiotsu & Weir,1.1,,0.0017006802721088435,L2DF.L2G,2602
Shiotsu & Weir (2007): Sample 3,591,L2DF,L2P,3,1,1,1,,Adolescent/Adult,FL,IL,AM,Beyond,2007,Shiotsu & Weir,1.1,,0.0017006802721088435,L2DF.L2P,2603
Shiotsu & Weir (2007): Sample 3,591,L2DF,L2M,3,1,1,1,,Adolescent/Adult,FL,IL,AM,Beyond,2007,Shiotsu & Weir,1.1,,0.0017006802721088435,L2DF.L2M,2604
Shiotsu & Weir (2007): Sample 3,591,L2DF,L2L,3,1,1,1,,Adolescent/Adult,FL,IL,AM,Beyond,2007,Shiotsu & Weir,1.1,,0.0017006802721088435,L2DF.L2L,2605
Shiotsu & Weir (2007): Sample 3,591,L2V,L2G,3,1,1,1,0.84,Adolescent/Adult,FL,IL,AM,Beyond,2007,Shiotsu & Weir,1.1,1.2211735176846021,0.0017006802721088435,L2V.L2G,2606
Shiotsu & Weir (2007): Sample 3,591,L2V,L2P,3,1,1,1,,Adolescent/Adult,FL,IL,AM,Beyond,2007,Shiotsu & Weir,1.1,,0.0017006802721088435,L2V.L2P,2607
Shiotsu & Weir (2007): Sample 3,591,L2V,L2M,3,1,1,1,,Adolescent/Adult,FL,IL,AM,Beyond,2007,Shiotsu & Weir,1.1,,0.0017006802721088435,L2V.L2M,2608
Shiotsu & Weir (2007): Sample 3,591,L2V,L2L,3,1,1,1,,Adolescent/Adult,FL,IL,AM,Beyond,2007,Shiotsu & Weir,1.1,,0.0017006802721088435,L2V.L2L,2609
Shiotsu & Weir (2007): Sample 3,591,L2G,L2P,3,1,1,1,,Adolescent/Adult,FL,IL,AM,Beyond,2007,Shiotsu & Weir,1.1,,0.0017006802721088435,L2G.L2P,2610
Shiotsu & Weir (2007): Sample 3,591,L2G,L2M,3,1,1,1,,Adolescent/Adult,FL,IL,AM,Beyond,2007,Shiotsu & Weir,1.1,,0.0017006802721088435,L2G.L2M,2611
Shiotsu & Weir (2007): Sample 3,591,L2G,L2L,3,1,1,1,,Adolescent/Adult,FL,IL,AM,Beyond,2007,Shiotsu & Weir,1.1,,0.0017006802721088435,L2G.L2L,2612
Shiotsu & Weir (2007): Sample 3,591,L2P,L2M,3,1,1,1,,Adolescent/Adult,FL,IL,AM,Beyond,2007,Shiotsu & Weir,1.1,,0.0017006802721088435,L2P.L2M,2613
Shiotsu & Weir (2007): Sample 3,591,L2P,L2L,3,1,1,1,,Adolescent/Adult,FL,IL,AM,Beyond,2007,Shiotsu & Weir,1.1,,0.0017006802721088435,L2P.L2L,2614
Shiotsu & Weir (2007): Sample 3,591,L2M,L2L,3,1,1,1,,Adolescent/Adult,FL,IL,AM,Beyond,2007,Shiotsu & Weir,1.1,,0.0017006802721088435,L2M.L2L,2615
Shiotsu (2010): Sample 1,69,L2R,L2DA,1,1,1,1,,Adolescent/Adult,FL,IL,AM,Beyond,2010,Shiotsu,1.1,,0.015151515151515152,L2R.L2DA,2616
Shiotsu (2010): Sample 1,69,L2R,L2DF,1,1,1,1,0.03,Adolescent/Adult,FL,IL,AM,Beyond,2010,Shiotsu,1.1,0.030009004863126475,0.015151515151515152,L2R.L2DF,2617
Shiotsu (2010): Sample 1,69,L2R,L2DF,1,1,1,2,-0.02,Adolescent/Adult,FL,IL,AM,Beyond,2010,Shiotsu,1.2,-0.020002667306849582,0.015151515151515152,L2R.L2DF,2618
Shiotsu (2010): Sample 1,69,L2R,L2DF,1,1,1,3,0.09,Adolescent/Adult,FL,IL,AM,Beyond,2010,Shiotsu,1.3,0.09024418785614682,0.015151515151515152,L2R.L2DF,2619
Shiotsu (2010): Sample 1,69,L2R,L2DF,1,1,1,4,0.19,Adolescent/Adult,FL,IL,AM,Beyond,2010,Shiotsu,1.4,0.19233716921954527,0.015151515151515152,L2R.L2DF,2620
Shiotsu (2010): Sample 1,69,L2R,L2DF,1,1,1,5,-0.4,Adolescent/Adult,FL,IL,AM,Beyond,2010,Shiotsu,1.5,-0.42364893019360184,0.015151515151515152,L2R.L2DF,2621
Shiotsu (2010): Sample 1,69,L2R,L2DF,1,1,1,6,0.2,Adolescent/Adult,FL,IL,AM,Beyond,2010,Shiotsu,1.6,0.2027325540540822,0.015151515151515152,L2R.L2DF,2622
Shiotsu (2010): Sample 1,69,L2R,L2V,1,1,1,1,0.68,Adolescent/Adult,FL,IL,AM,Beyond,2010,Shiotsu,1.1,0.8291140383017662,0.015151515151515152,L2R.L2V,2623
Shiotsu (2010): Sample 1,69,L2R,L2G,1,1,1,1,0.7,Adolescent/Adult,FL,IL,AM,Beyond,2010,Shiotsu,1.1,0.8673005276940532,0.015151515151515152,L2R.L2G,2624
Shiotsu (2010): Sample 1,69,L2R,L2P,1,1,1,1,,Adolescent/Adult,FL,IL,AM,Beyond,2010,Shiotsu,1.1,,0.015151515151515152,L2R.L2P,2625
Shiotsu (2010): Sample 1,69,L2R,L2M,1,1,1,1,,Adolescent/Adult,FL,IL,AM,Beyond,2010,Shiotsu,1.1,,0.015151515151515152,L2R.L2M,2626
Shiotsu (2010): Sample 1,69,L2R,L2L,1,1,1,1,,Adolescent/Adult,FL,IL,AM,Beyond,2010,Shiotsu,1.1,,0.015151515151515152,L2R.L2L,2627
Shiotsu (2010): Sample 1,69,L2DA,L2DA,1,1,1,2,0.56,Adolescent/Adult,FL,IL,AM,Beyond,2010,Shiotsu,1.2,0.632833186665638,0.015151515151515152,L2DA.L2DA,2628
Shiotsu (2010): Sample 1,69,L2DA,L2DA,1,1,1,3,0.59,Adolescent/Adult,FL,IL,AM,Beyond,2010,Shiotsu,1.3,0.6776660677579618,0.015151515151515152,L2DA.L2DA,2629
Shiotsu (2010): Sample 1,69,L2DA,L2DA,1,1,1,4,0.55,Adolescent/Adult,FL,IL,AM,Beyond,2010,Shiotsu,1.4,0.6183813135744636,0.015151515151515152,L2DA.L2DA,2630
Shiotsu (2010): Sample 1,69,L2DA,L2DA,1,1,1,5,0.16,Adolescent/Adult,FL,IL,AM,Beyond,2010,Shiotsu,1.5,0.1613866961315255,0.015151515151515152,L2DA.L2DA,2631
Shiotsu (2010): Sample 1,69,L2DA,L2DA,1,1,1,6,0.14,Adolescent/Adult,FL,IL,AM,Beyond,2010,Shiotsu,1.6,0.1409255760704939,0.015151515151515152,L2DA.L2DA,2632
Shiotsu (2010): Sample 1,69,L2DA,L2DA,1,1,2,3,0.85,Adolescent/Adult,FL,IL,AM,Beyond,2010,Shiotsu,2.3,1.2561528119880574,0.015151515151515152,L2DA.L2DA,2633
Shiotsu (2010): Sample 1,69,L2DA,L2DA,1,1,2,4,0.83,Adolescent/Adult,FL,IL,AM,Beyond,2010,Shiotsu,2.4,1.1881364043926024,0.015151515151515152,L2DA.L2DA,2634
Shiotsu (2010): Sample 1,69,L2DA,L2DA,1,1,2,5,0.45,Adolescent/Adult,FL,IL,AM,Beyond,2010,Shiotsu,2.5,0.48470027859405174,0.015151515151515152,L2DA.L2DA,2635
Shiotsu (2010): Sample 1,69,L2DA,L2DA,1,1,2,6,-0.15,Adolescent/Adult,FL,IL,AM,Beyond,2010,Shiotsu,2.6,-0.15114043593646684,0.015151515151515152,L2DA.L2DA,2636
Shiotsu (2010): Sample 1,69,L2DA,L2DA,1,1,3,4,0.83,Adolescent/Adult,FL,IL,AM,Beyond,2010,Shiotsu,3.4,1.1881364043926024,0.015151515151515152,L2DA.L2DA,2637
Shiotsu (2010): Sample 1,69,L2DA,L2DA,1,1,3,5,0.44,Adolescent/Adult,FL,IL,AM,Beyond,2010,Shiotsu,3.5,0.47223080442042564,0.015151515151515152,L2DA.L2DA,2638
Shiotsu (2010): Sample 1,69,L2DA,L2DA,1,1,3,6,0.4,Adolescent/Adult,FL,IL,AM,Beyond,2010,Shiotsu,3.6,0.42364893019360184,0.015151515151515152,L2DA.L2DA,2639
Shiotsu (2010): Sample 1,69,L2DA,L2DA,1,1,4,5,0.32,Adolescent/Adult,FL,IL,AM,Beyond,2010,Shiotsu,4.5,0.33164710870513214,0.015151515151515152,L2DA.L2DA,2640
Shiotsu (2010): Sample 1,69,L2DA,L2DA,1,1,4,6,0.11,Adolescent/Adult,FL,IL,AM,Beyond,2010,Shiotsu,4.6,0.11044691579009715,0.015151515151515152,L2DA.L2DA,2641
Shiotsu (2010): Sample 1,69,L2DA,L2DA,1,1,5,6,0.03,Adolescent/Adult,FL,IL,AM,Beyond,2010,Shiotsu,5.6,0.030009004863126475,0.015151515151515152,L2DA.L2DA,2642
Shiotsu (2010): Sample 1,69,L2DA,L2DF,1,1,1,1,,Adolescent/Adult,FL,IL,AM,Beyond,2010,Shiotsu,1.1,,0.015151515151515152,L2DA.L2DF,2643
Shiotsu (2010): Sample 1,69,L2DA,L2DF,1,1,1,2,,Adolescent/Adult,FL,IL,AM,Beyond,2010,Shiotsu,1.2,,0.015151515151515152,L2DA.L2DF,2644
Shiotsu (2010): Sample 1,69,L2DA,L2DF,1,1,1,3,,Adolescent/Adult,FL,IL,AM,Beyond,2010,Shiotsu,1.3,,0.015151515151515152,L2DA.L2DF,2645
Shiotsu (2010): Sample 1,69,L2DA,L2DF,1,1,1,4,,Adolescent/Adult,FL,IL,AM,Beyond,2010,Shiotsu,1.4,,0.015151515151515152,L2DA.L2DF,2646
Shiotsu (2010): Sample 1,69,L2DA,L2DF,1,1,1,5,,Adolescent/Adult,FL,IL,AM,Beyond,2010,Shiotsu,1.5,,0.015151515151515152,L2DA.L2DF,2647
Shiotsu (2010): Sample 1,69,L2DA,L2DF,1,1,1,6,,Adolescent/Adult,FL,IL,AM,Beyond,2010,Shiotsu,1.6,,0.015151515151515152,L2DA.L2DF,2648
Shiotsu (2010): Sample 1,69,L2DA,L2V,1,1,1,1,,Adolescent/Adult,FL,IL,AM,Beyond,2010,Shiotsu,1.1,,0.015151515151515152,L2DA.L2V,2649
Shiotsu (2010): Sample 1,69,L2DA,L2G,1,1,1,1,,Adolescent/Adult,FL,IL,AM,Beyond,2010,Shiotsu,1.1,,0.015151515151515152,L2DA.L2G,2650
Shiotsu (2010): Sample 1,69,L2DA,L2P,1,1,1,1,,Adolescent/Adult,FL,IL,AM,Beyond,2010,Shiotsu,1.1,,0.015151515151515152,L2DA.L2P,2651
Shiotsu (2010): Sample 1,69,L2DA,L2M,1,1,1,1,,Adolescent/Adult,FL,IL,AM,Beyond,2010,Shiotsu,1.1,,0.015151515151515152,L2DA.L2M,2652
Shiotsu (2010): Sample 1,69,L2DA,L2L,1,1,1,1,,Adolescent/Adult,FL,IL,AM,Beyond,2010,Shiotsu,1.1,,0.015151515151515152,L2DA.L2L,2653
Shiotsu (2010): Sample 1,69,L2DF,L2V,1,1,1,1,,Adolescent/Adult,FL,IL,AM,Beyond,2010,Shiotsu,1.1,,0.015151515151515152,L2DF.L2V,2654
Shiotsu (2010): Sample 1,69,L2DF,L2V,1,1,2,1,,Adolescent/Adult,FL,IL,AM,Beyond,2010,Shiotsu,2.1,,0.015151515151515152,L2DF.L2V,2655
Shiotsu (2010): Sample 1,69,L2DF,L2V,1,1,3,1,,Adolescent/Adult,FL,IL,AM,Beyond,2010,Shiotsu,3.1,,0.015151515151515152,L2DF.L2V,2656
Shiotsu (2010): Sample 1,69,L2DF,L2V,1,1,4,1,,Adolescent/Adult,FL,IL,AM,Beyond,2010,Shiotsu,4.1,,0.015151515151515152,L2DF.L2V,2657
Shiotsu (2010): Sample 1,69,L2DF,L2V,1,1,5,1,,Adolescent/Adult,FL,IL,AM,Beyond,2010,Shiotsu,5.1,,0.015151515151515152,L2DF.L2V,2658
Shiotsu (2010): Sample 1,69,L2DF,L2V,1,1,6,1,,Adolescent/Adult,FL,IL,AM,Beyond,2010,Shiotsu,6.1,,0.015151515151515152,L2DF.L2V,2659
Shiotsu (2010): Sample 1,69,L2DF,L2G,1,1,1,1,,Adolescent/Adult,FL,IL,AM,Beyond,2010,Shiotsu,1.1,,0.015151515151515152,L2DF.L2G,2660
Shiotsu (2010): Sample 1,69,L2DF,L2G,1,1,2,1,,Adolescent/Adult,FL,IL,AM,Beyond,2010,Shiotsu,2.1,,0.015151515151515152,L2DF.L2G,2661
Shiotsu (2010): Sample 1,69,L2DF,L2G,1,1,3,1,,Adolescent/Adult,FL,IL,AM,Beyond,2010,Shiotsu,3.1,,0.015151515151515152,L2DF.L2G,2662
Shiotsu (2010): Sample 1,69,L2DF,L2G,1,1,4,1,,Adolescent/Adult,FL,IL,AM,Beyond,2010,Shiotsu,4.1,,0.015151515151515152,L2DF.L2G,2663
Shiotsu (2010): Sample 1,69,L2DF,L2G,1,1,5,1,,Adolescent/Adult,FL,IL,AM,Beyond,2010,Shiotsu,5.1,,0.015151515151515152,L2DF.L2G,2664
Shiotsu (2010): Sample 1,69,L2DF,L2G,1,1,6,1,,Adolescent/Adult,FL,IL,AM,Beyond,2010,Shiotsu,6.1,,0.015151515151515152,L2DF.L2G,2665
Shiotsu (2010): Sample 1,69,L2DF,L2P,1,1,1,1,,Adolescent/Adult,FL,IL,AM,Beyond,2010,Shiotsu,1.1,,0.015151515151515152,L2DF.L2P,2666
Shiotsu (2010): Sample 1,69,L2DF,L2P,1,1,2,1,,Adolescent/Adult,FL,IL,AM,Beyond,2010,Shiotsu,2.1,,0.015151515151515152,L2DF.L2P,2667
Shiotsu (2010): Sample 1,69,L2DF,L2P,1,1,3,1,,Adolescent/Adult,FL,IL,AM,Beyond,2010,Shiotsu,3.1,,0.015151515151515152,L2DF.L2P,2668
Shiotsu (2010): Sample 1,69,L2DF,L2P,1,1,4,1,,Adolescent/Adult,FL,IL,AM,Beyond,2010,Shiotsu,4.1,,0.015151515151515152,L2DF.L2P,2669
Shiotsu (2010): Sample 1,69,L2DF,L2P,1,1,5,1,,Adolescent/Adult,FL,IL,AM,Beyond,2010,Shiotsu,5.1,,0.015151515151515152,L2DF.L2P,2670
Shiotsu (2010): Sample 1,69,L2DF,L2P,1,1,6,1,,Adolescent/Adult,FL,IL,AM,Beyond,2010,Shiotsu,6.1,,0.015151515151515152,L2DF.L2P,2671
Shiotsu (2010): Sample 1,69,L2DF,L2M,1,1,1,1,,Adolescent/Adult,FL,IL,AM,Beyond,2010,Shiotsu,1.1,,0.015151515151515152,L2DF.L2M,2672
Shiotsu (2010): Sample 1,69,L2DF,L2M,1,1,2,1,,Adolescent/Adult,FL,IL,AM,Beyond,2010,Shiotsu,2.1,,0.015151515151515152,L2DF.L2M,2673
Shiotsu (2010): Sample 1,69,L2DF,L2M,1,1,3,1,,Adolescent/Adult,FL,IL,AM,Beyond,2010,Shiotsu,3.1,,0.015151515151515152,L2DF.L2M,2674
Shiotsu (2010): Sample 1,69,L2DF,L2M,1,1,4,1,,Adolescent/Adult,FL,IL,AM,Beyond,2010,Shiotsu,4.1,,0.015151515151515152,L2DF.L2M,2675
Shiotsu (2010): Sample 1,69,L2DF,L2M,1,1,5,1,,Adolescent/Adult,FL,IL,AM,Beyond,2010,Shiotsu,5.1,,0.015151515151515152,L2DF.L2M,2676
Shiotsu (2010): Sample 1,69,L2DF,L2M,1,1,6,1,,Adolescent/Adult,FL,IL,AM,Beyond,2010,Shiotsu,6.1,,0.015151515151515152,L2DF.L2M,2677
Shiotsu (2010): Sample 1,69,L2DF,L2L,1,1,1,1,,Adolescent/Adult,FL,IL,AM,Beyond,2010,Shiotsu,1.1,,0.015151515151515152,L2DF.L2L,2678
Shiotsu (2010): Sample 1,69,L2DF,L2L,1,1,2,1,,Adolescent/Adult,FL,IL,AM,Beyond,2010,Shiotsu,2.1,,0.015151515151515152,L2DF.L2L,2679
Shiotsu (2010): Sample 1,69,L2DF,L2L,1,1,3,1,,Adolescent/Adult,FL,IL,AM,Beyond,2010,Shiotsu,3.1,,0.015151515151515152,L2DF.L2L,2680
Shiotsu (2010): Sample 1,69,L2DF,L2L,1,1,4,1,,Adolescent/Adult,FL,IL,AM,Beyond,2010,Shiotsu,4.1,,0.015151515151515152,L2DF.L2L,2681
Shiotsu (2010): Sample 1,69,L2DF,L2L,1,1,5,1,,Adolescent/Adult,FL,IL,AM,Beyond,2010,Shiotsu,5.1,,0.015151515151515152,L2DF.L2L,2682
Shiotsu (2010): Sample 1,69,L2DF,L2L,1,1,6,1,,Adolescent/Adult,FL,IL,AM,Beyond,2010,Shiotsu,6.1,,0.015151515151515152,L2DF.L2L,2683
Shiotsu (2010): Sample 1,69,L2V,L2G,1,1,1,1,0.72,Adolescent/Adult,FL,IL,AM,Beyond,2010,Shiotsu,1.1,0.9076449833191245,0.015151515151515152,L2V.L2G,2684
Shiotsu (2010): Sample 1,69,L2V,L2P,1,1,1,1,,Adolescent/Adult,FL,IL,AM,Beyond,2010,Shiotsu,1.1,,0.015151515151515152,L2V.L2P,2685
Shiotsu (2010): Sample 1,69,L2V,L2M,1,1,1,1,,Adolescent/Adult,FL,IL,AM,Beyond,2010,Shiotsu,1.1,,0.015151515151515152,L2V.L2M,2686
Shiotsu (2010): Sample 1,69,L2V,L2L,1,1,1,1,,Adolescent/Adult,FL,IL,AM,Beyond,2010,Shiotsu,1.1,,0.015151515151515152,L2V.L2L,2687
Shiotsu (2010): Sample 1,69,L2G,L2P,1,1,1,1,,Adolescent/Adult,FL,IL,AM,Beyond,2010,Shiotsu,1.1,,0.015151515151515152,L2G.L2P,2688
Shiotsu (2010): Sample 1,69,L2G,L2M,1,1,1,1,,Adolescent/Adult,FL,IL,AM,Beyond,2010,Shiotsu,1.1,,0.015151515151515152,L2G.L2M,2689
Shiotsu (2010): Sample 1,69,L2G,L2L,1,1,1,1,,Adolescent/Adult,FL,IL,AM,Beyond,2010,Shiotsu,1.1,,0.015151515151515152,L2G.L2L,2690
Shiotsu (2010): Sample 1,69,L2P,L2M,1,1,1,1,,Adolescent/Adult,FL,IL,AM,Beyond,2010,Shiotsu,1.1,,0.015151515151515152,L2P.L2M,2691
Shiotsu (2010): Sample 1,69,L2P,L2L,1,1,1,1,,Adolescent/Adult,FL,IL,AM,Beyond,2010,Shiotsu,1.1,,0.015151515151515152,L2P.L2L,2692
Shiotsu (2010): Sample 1,69,L2M,L2L,1,1,1,1,,Adolescent/Adult,FL,IL,AM,Beyond,2010,Shiotsu,1.1,,0.015151515151515152,L2M.L2L,2693
Shiotsu (2010): Sample 2,219,L2R,L2DA,1,1,1,1,,Adolescent/Adult,FL,IL,AM,Beyond,2010,Shiotsu,1.1,,0.004629629629629629,L2R.L2DA,2694
Shiotsu (2010): Sample 2,219,L2R,L2DF,1,1,1,1,-0.07,Adolescent/Adult,FL,IL,AM,Beyond,2010,Shiotsu,1.1,-0.07011467065432513,0.004629629629629629,L2R.L2DF,2695
Shiotsu (2010): Sample 2,219,L2R,L2DF,1,1,1,2,0.02,Adolescent/Adult,FL,IL,AM,Beyond,2010,Shiotsu,1.2,0.020002667306849582,0.004629629629629629,L2R.L2DF,2696
Shiotsu (2010): Sample 2,219,L2R,L2DF,1,1,1,3,-0.1,Adolescent/Adult,FL,IL,AM,Beyond,2010,Shiotsu,1.3,-0.10033534773107558,0.004629629629629629,L2R.L2DF,2697
Shiotsu (2010): Sample 2,219,L2R,L2DF,1,1,1,4,0.02,Adolescent/Adult,FL,IL,AM,Beyond,2010,Shiotsu,1.4,0.020002667306849582,0.004629629629629629,L2R.L2DF,2698
Shiotsu (2010): Sample 2,219,L2R,L2DF,1,1,1,5,-0.45,Adolescent/Adult,FL,IL,AM,Beyond,2010,Shiotsu,1.5,-0.48470027859405174,0.004629629629629629,L2R.L2DF,2699
Shiotsu (2010): Sample 2,219,L2R,L2DF,1,1,1,6,-0.17,Adolescent/Adult,FL,IL,AM,Beyond,2010,Shiotsu,1.6,-0.1716666635005791,0.004629629629629629,L2R.L2DF,2700
Shiotsu (2010): Sample 2,219,L2R,L2V,1,1,1,1,0.7,Adolescent/Adult,FL,IL,AM,Beyond,2010,Shiotsu,1.1,0.8673005276940532,0.004629629629629629,L2R.L2V,2701
Shiotsu (2010): Sample 2,219,L2R,L2G,1,1,1,1,0.84,Adolescent/Adult,FL,IL,AM,Beyond,2010,Shiotsu,1.1,1.2211735176846021,0.004629629629629629,L2R.L2G,2702
Shiotsu (2010): Sample 2,219,L2R,L2P,1,1,1,1,,Adolescent/Adult,FL,IL,AM,Beyond,2010,Shiotsu,1.1,,0.004629629629629629,L2R.L2P,2703
Shiotsu (2010): Sample 2,219,L2R,L2M,1,1,1,1,,Adolescent/Adult,FL,IL,AM,Beyond,2010,Shiotsu,1.1,,0.004629629629629629,L2R.L2M,2704
Shiotsu (2010): Sample 2,219,L2R,L2L,1,1,1,1,,Adolescent/Adult,FL,IL,AM,Beyond,2010,Shiotsu,1.1,,0.004629629629629629,L2R.L2L,2705
Shiotsu (2010): Sample 2,219,L2DA,L2DA,1,1,1,2,0.66,Adolescent/Adult,FL,IL,AM,Beyond,2010,Shiotsu,1.2,0.7928136318701909,0.004629629629629629,L2DA.L2DA,2706
Shiotsu (2010): Sample 2,219,L2DA,L2DA,1,1,1,3,0.67,Adolescent/Adult,FL,IL,AM,Beyond,2010,Shiotsu,1.3,0.8107431254751375,0.004629629629629629,L2DA.L2DA,2707
Shiotsu (2010): Sample 2,219,L2DA,L2DA,1,1,1,4,0.68,Adolescent/Adult,FL,IL,AM,Beyond,2010,Shiotsu,1.4,0.8291140383017662,0.004629629629629629,L2DA.L2DA,2708
Shiotsu (2010): Sample 2,219,L2DA,L2DA,1,1,1,5,0.44,Adolescent/Adult,FL,IL,AM,Beyond,2010,Shiotsu,1.5,0.47223080442042564,0.004629629629629629,L2DA.L2DA,2709
Shiotsu (2010): Sample 2,219,L2DA,L2DA,1,1,1,6,0.05,Adolescent/Adult,FL,IL,AM,Beyond,2010,Shiotsu,1.6,0.05004172927849127,0.004629629629629629,L2DA.L2DA,2710
Shiotsu (2010): Sample 2,219,L2DA,L2DA,1,1,2,3,0.78,Adolescent/Adult,FL,IL,AM,Beyond,2010,Shiotsu,2.3,1.0453705484668847,0.004629629629629629,L2DA.L2DA,2711
Shiotsu (2010): Sample 2,219,L2DA,L2DA,1,1,2,4,0.7,Adolescent/Adult,FL,IL,AM,Beyond,2010,Shiotsu,2.4,0.8673005276940532,0.004629629629629629,L2DA.L2DA,2712
Shiotsu (2010): Sample 2,219,L2DA,L2DA,1,1,2,5,0.35,Adolescent/Adult,FL,IL,AM,Beyond,2010,Shiotsu,2.5,0.3654437542713961,0.004629629629629629,L2DA.L2DA,2713
Shiotsu (2010): Sample 2,219,L2DA,L2DA,1,1,2,6,-0.28,Adolescent/Adult,FL,IL,AM,Beyond,2010,Shiotsu,2.6,-0.28768207245178096,0.004629629629629629,L2DA.L2DA,2714
Shiotsu (2010): Sample 2,219,L2DA,L2DA,1,1,3,4,0.78,Adolescent/Adult,FL,IL,AM,Beyond,2010,Shiotsu,3.4,1.0453705484668847,0.004629629629629629,L2DA.L2DA,2715
Shiotsu (2010): Sample 2,219,L2DA,L2DA,1,1,3,5,0.44,Adolescent/Adult,FL,IL,AM,Beyond,2010,Shiotsu,3.5,0.47223080442042564,0.004629629629629629,L2DA.L2DA,2716
Shiotsu (2010): Sample 2,219,L2DA,L2DA,1,1,3,6,0.38,Adolescent/Adult,FL,IL,AM,Beyond,2010,Shiotsu,3.6,0.40005965005605654,0.004629629629629629,L2DA.L2DA,2717
Shiotsu (2010): Sample 2,219,L2DA,L2DA,1,1,4,5,0.44,Adolescent/Adult,FL,IL,AM,Beyond,2010,Shiotsu,4.5,0.47223080442042564,0.004629629629629629,L2DA.L2DA,2718
Shiotsu (2010): Sample 2,219,L2DA,L2DA,1,1,4,6,0.17,Adolescent/Adult,FL,IL,AM,Beyond,2010,Shiotsu,4.6,0.1716666635005791,0.004629629629629629,L2DA.L2DA,2719
Shiotsu (2010): Sample 2,219,L2DA,L2DA,1,1,5,6,0.15,Adolescent/Adult,FL,IL,AM,Beyond,2010,Shiotsu,5.6,0.15114043593646684,0.004629629629629629,L2DA.L2DA,2720
Shiotsu (2010): Sample 2,219,L2DA,L2DF,1,1,1,1,,Adolescent/Adult,FL,IL,AM,Beyond,2010,Shiotsu,1.1,,0.004629629629629629,L2DA.L2DF,2721
Shiotsu (2010): Sample 2,219,L2DA,L2DF,1,1,1,2,,Adolescent/Adult,FL,IL,AM,Beyond,2010,Shiotsu,1.2,,0.004629629629629629,L2DA.L2DF,2722
Shiotsu (2010): Sample 2,219,L2DA,L2DF,1,1,1,3,,Adolescent/Adult,FL,IL,AM,Beyond,2010,Shiotsu,1.3,,0.004629629629629629,L2DA.L2DF,2723
Shiotsu (2010): Sample 2,219,L2DA,L2DF,1,1,1,4,,Adolescent/Adult,FL,IL,AM,Beyond,2010,Shiotsu,1.4,,0.004629629629629629,L2DA.L2DF,2724
Shiotsu (2010): Sample 2,219,L2DA,L2DF,1,1,1,5,,Adolescent/Adult,FL,IL,AM,Beyond,2010,Shiotsu,1.5,,0.004629629629629629,L2DA.L2DF,2725
Shiotsu (2010): Sample 2,219,L2DA,L2DF,1,1,1,6,,Adolescent/Adult,FL,IL,AM,Beyond,2010,Shiotsu,1.6,,0.004629629629629629,L2DA.L2DF,2726
Shiotsu (2010): Sample 2,219,L2DA,L2V,1,1,1,1,,Adolescent/Adult,FL,IL,AM,Beyond,2010,Shiotsu,1.1,,0.004629629629629629,L2DA.L2V,2727
Shiotsu (2010): Sample 2,219,L2DA,L2G,1,1,1,1,,Adolescent/Adult,FL,IL,AM,Beyond,2010,Shiotsu,1.1,,0.004629629629629629,L2DA.L2G,2728
Shiotsu (2010): Sample 2,219,L2DA,L2P,1,1,1,1,,Adolescent/Adult,FL,IL,AM,Beyond,2010,Shiotsu,1.1,,0.004629629629629629,L2DA.L2P,2729
Shiotsu (2010): Sample 2,219,L2DA,L2M,1,1,1,1,,Adolescent/Adult,FL,IL,AM,Beyond,2010,Shiotsu,1.1,,0.004629629629629629,L2DA.L2M,2730
Shiotsu (2010): Sample 2,219,L2DA,L2L,1,1,1,1,,Adolescent/Adult,FL,IL,AM,Beyond,2010,Shiotsu,1.1,,0.004629629629629629,L2DA.L2L,2731
Shiotsu (2010): Sample 2,219,L2DF,L2V,1,1,1,1,,Adolescent/Adult,FL,IL,AM,Beyond,2010,Shiotsu,1.1,,0.004629629629629629,L2DF.L2V,2732
Shiotsu (2010): Sample 2,219,L2DF,L2V,1,1,2,1,,Adolescent/Adult,FL,IL,AM,Beyond,2010,Shiotsu,2.1,,0.004629629629629629,L2DF.L2V,2733
Shiotsu (2010): Sample 2,219,L2DF,L2V,1,1,3,1,,Adolescent/Adult,FL,IL,AM,Beyond,2010,Shiotsu,3.1,,0.004629629629629629,L2DF.L2V,2734
Shiotsu (2010): Sample 2,219,L2DF,L2V,1,1,4,1,,Adolescent/Adult,FL,IL,AM,Beyond,2010,Shiotsu,4.1,,0.004629629629629629,L2DF.L2V,2735
Shiotsu (2010): Sample 2,219,L2DF,L2V,1,1,5,1,,Adolescent/Adult,FL,IL,AM,Beyond,2010,Shiotsu,5.1,,0.004629629629629629,L2DF.L2V,2736
Shiotsu (2010): Sample 2,219,L2DF,L2V,1,1,6,1,,Adolescent/Adult,FL,IL,AM,Beyond,2010,Shiotsu,6.1,,0.004629629629629629,L2DF.L2V,2737
Shiotsu (2010): Sample 2,219,L2DF,L2G,1,1,1,1,,Adolescent/Adult,FL,IL,AM,Beyond,2010,Shiotsu,1.1,,0.004629629629629629,L2DF.L2G,2738
Shiotsu (2010): Sample 2,219,L2DF,L2G,1,1,2,1,,Adolescent/Adult,FL,IL,AM,Beyond,2010,Shiotsu,2.1,,0.004629629629629629,L2DF.L2G,2739
Shiotsu (2010): Sample 2,219,L2DF,L2G,1,1,3,1,,Adolescent/Adult,FL,IL,AM,Beyond,2010,Shiotsu,3.1,,0.004629629629629629,L2DF.L2G,2740
Shiotsu (2010): Sample 2,219,L2DF,L2G,1,1,4,1,,Adolescent/Adult,FL,IL,AM,Beyond,2010,Shiotsu,4.1,,0.004629629629629629,L2DF.L2G,2741
Shiotsu (2010): Sample 2,219,L2DF,L2G,1,1,5,1,,Adolescent/Adult,FL,IL,AM,Beyond,2010,Shiotsu,5.1,,0.004629629629629629,L2DF.L2G,2742
Shiotsu (2010): Sample 2,219,L2DF,L2G,1,1,6,1,,Adolescent/Adult,FL,IL,AM,Beyond,2010,Shiotsu,6.1,,0.004629629629629629,L2DF.L2G,2743
Shiotsu (2010): Sample 2,219,L2DF,L2P,1,1,1,1,,Adolescent/Adult,FL,IL,AM,Beyond,2010,Shiotsu,1.1,,0.004629629629629629,L2DF.L2P,2744
Shiotsu (2010): Sample 2,219,L2DF,L2P,1,1,2,1,,Adolescent/Adult,FL,IL,AM,Beyond,2010,Shiotsu,2.1,,0.004629629629629629,L2DF.L2P,2745
Shiotsu (2010): Sample 2,219,L2DF,L2P,1,1,3,1,,Adolescent/Adult,FL,IL,AM,Beyond,2010,Shiotsu,3.1,,0.004629629629629629,L2DF.L2P,2746
Shiotsu (2010): Sample 2,219,L2DF,L2P,1,1,4,1,,Adolescent/Adult,FL,IL,AM,Beyond,2010,Shiotsu,4.1,,0.004629629629629629,L2DF.L2P,2747
Shiotsu (2010): Sample 2,219,L2DF,L2P,1,1,5,1,,Adolescent/Adult,FL,IL,AM,Beyond,2010,Shiotsu,5.1,,0.004629629629629629,L2DF.L2P,2748
Shiotsu (2010): Sample 2,219,L2DF,L2P,1,1,6,1,,Adolescent/Adult,FL,IL,AM,Beyond,2010,Shiotsu,6.1,,0.004629629629629629,L2DF.L2P,2749
Shiotsu (2010): Sample 2,219,L2DF,L2M,1,1,1,1,,Adolescent/Adult,FL,IL,AM,Beyond,2010,Shiotsu,1.1,,0.004629629629629629,L2DF.L2M,2750
Shiotsu (2010): Sample 2,219,L2DF,L2M,1,1,2,1,,Adolescent/Adult,FL,IL,AM,Beyond,2010,Shiotsu,2.1,,0.004629629629629629,L2DF.L2M,2751
Shiotsu (2010): Sample 2,219,L2DF,L2M,1,1,3,1,,Adolescent/Adult,FL,IL,AM,Beyond,2010,Shiotsu,3.1,,0.004629629629629629,L2DF.L2M,2752
Shiotsu (2010): Sample 2,219,L2DF,L2M,1,1,4,1,,Adolescent/Adult,FL,IL,AM,Beyond,2010,Shiotsu,4.1,,0.004629629629629629,L2DF.L2M,2753
Shiotsu (2010): Sample 2,219,L2DF,L2M,1,1,5,1,,Adolescent/Adult,FL,IL,AM,Beyond,2010,Shiotsu,5.1,,0.004629629629629629,L2DF.L2M,2754
Shiotsu (2010): Sample 2,219,L2DF,L2M,1,1,6,1,,Adolescent/Adult,FL,IL,AM,Beyond,2010,Shiotsu,6.1,,0.004629629629629629,L2DF.L2M,2755
Shiotsu (2010): Sample 2,219,L2DF,L2L,1,1,1,1,,Adolescent/Adult,FL,IL,AM,Beyond,2010,Shiotsu,1.1,,0.004629629629629629,L2DF.L2L,2756
Shiotsu (2010): Sample 2,219,L2DF,L2L,1,1,2,1,,Adolescent/Adult,FL,IL,AM,Beyond,2010,Shiotsu,2.1,,0.004629629629629629,L2DF.L2L,2757
Shiotsu (2010): Sample 2,219,L2DF,L2L,1,1,3,1,,Adolescent/Adult,FL,IL,AM,Beyond,2010,Shiotsu,3.1,,0.004629629629629629,L2DF.L2L,2758
Shiotsu (2010): Sample 2,219,L2DF,L2L,1,1,4,1,,Adolescent/Adult,FL,IL,AM,Beyond,2010,Shiotsu,4.1,,0.004629629629629629,L2DF.L2L,2759
Shiotsu (2010): Sample 2,219,L2DF,L2L,1,1,5,1,,Adolescent/Adult,FL,IL,AM,Beyond,2010,Shiotsu,5.1,,0.004629629629629629,L2DF.L2L,2760
Shiotsu (2010): Sample 2,219,L2DF,L2L,1,1,6,1,,Adolescent/Adult,FL,IL,AM,Beyond,2010,Shiotsu,6.1,,0.004629629629629629,L2DF.L2L,2761
Shiotsu (2010): Sample 2,219,L2V,L2G,1,1,1,1,0.77,Adolescent/Adult,FL,IL,AM,Beyond,2010,Shiotsu,1.1,1.0203277583223398,0.004629629629629629,L2V.L2G,2762
Shiotsu (2010): Sample 2,219,L2V,L2P,1,1,1,1,,Adolescent/Adult,FL,IL,AM,Beyond,2010,Shiotsu,1.1,,0.004629629629629629,L2V.L2P,2763
Shiotsu (2010): Sample 2,219,L2V,L2M,1,1,1,1,,Adolescent/Adult,FL,IL,AM,Beyond,2010,Shiotsu,1.1,,0.004629629629629629,L2V.L2M,2764
Shiotsu (2010): Sample 2,219,L2V,L2L,1,1,1,1,,Adolescent/Adult,FL,IL,AM,Beyond,2010,Shiotsu,1.1,,0.004629629629629629,L2V.L2L,2765
Shiotsu (2010): Sample 2,219,L2G,L2P,1,1,1,1,,Adolescent/Adult,FL,IL,AM,Beyond,2010,Shiotsu,1.1,,0.004629629629629629,L2G.L2P,2766
Shiotsu (2010): Sample 2,219,L2G,L2M,1,1,1,1,,Adolescent/Adult,FL,IL,AM,Beyond,2010,Shiotsu,1.1,,0.004629629629629629,L2G.L2M,2767
Shiotsu (2010): Sample 2,219,L2G,L2L,1,1,1,1,,Adolescent/Adult,FL,IL,AM,Beyond,2010,Shiotsu,1.1,,0.004629629629629629,L2G.L2L,2768
Shiotsu (2010): Sample 2,219,L2P,L2M,1,1,1,1,,Adolescent/Adult,FL,IL,AM,Beyond,2010,Shiotsu,1.1,,0.004629629629629629,L2P.L2M,2769
Shiotsu (2010): Sample 2,219,L2P,L2L,1,1,1,1,,Adolescent/Adult,FL,IL,AM,Beyond,2010,Shiotsu,1.1,,0.004629629629629629,L2P.L2L,2770
Shiotsu (2010): Sample 2,219,L2M,L2L,1,1,1,1,,Adolescent/Adult,FL,IL,AM,Beyond,2010,Shiotsu,1.1,,0.004629629629629629,L2M.L2L,2771
Siu & Ho (2015): Sample 1,202,L2R,L2R,1,1,1,2,0.53,Young,SL,IL,AL,Beyond,2015,Siu & Ho,1.2,0.5901451598411885,0.005025125628140704,L2R.L2R,2772
Siu & Ho (2015): Sample 1,202,L2R,L2DA,1,1,1,1,0.51,Young,SL,IL,AL,Beyond,2015,Siu & Ho,1.1,0.5627297693521489,0.005025125628140704,L2R.L2DA,2773
Siu & Ho (2015): Sample 1,202,L2R,L2DA,1,1,2,1,0.36,Young,SL,IL,AL,Beyond,2015,Siu & Ho,2.1,0.3768859011881901,0.005025125628140704,L2R.L2DA,2774
Siu & Ho (2015): Sample 1,202,L2R,L2DF,1,1,1,1,,Young,SL,IL,AL,Beyond,2015,Siu & Ho,1.1,,0.005025125628140704,L2R.L2DF,2775
Siu & Ho (2015): Sample 1,202,L2R,L2DF,1,1,2,1,,Young,SL,IL,AL,Beyond,2015,Siu & Ho,2.1,,0.005025125628140704,L2R.L2DF,2776
Siu & Ho (2015): Sample 1,202,L2R,L2V,1,1,1,1,0.43,Young,SL,IL,AL,Beyond,2015,Siu & Ho,1.1,0.4598966812126785,0.005025125628140704,L2R.L2V,2777
Siu & Ho (2015): Sample 1,202,L2R,L2V,1,1,2,1,0.47,Young,SL,IL,AL,Beyond,2015,Siu & Ho,2.1,0.5100703366133073,0.005025125628140704,L2R.L2V,2778
Siu & Ho (2015): Sample 1,202,L2R,L2G,1,1,1,1,0.44,Young,SL,IL,AL,Beyond,2015,Siu & Ho,1.1,0.47223080442042564,0.005025125628140704,L2R.L2G,2779
Siu & Ho (2015): Sample 1,202,L2R,L2G,1,1,1,2,0.45,Young,SL,IL,AL,Beyond,2015,Siu & Ho,1.2,0.48470027859405174,0.005025125628140704,L2R.L2G,2780
Siu & Ho (2015): Sample 1,202,L2R,L2G,1,1,2,1,0.36,Young,SL,IL,AL,Beyond,2015,Siu & Ho,2.1,0.3768859011881901,0.005025125628140704,L2R.L2G,2781
Siu & Ho (2015): Sample 1,202,L2R,L2G,1,1,2,2,0.39,Young,SL,IL,AL,Beyond,2015,Siu & Ho,2.2,0.4118000344786903,0.005025125628140704,L2R.L2G,2782
Siu & Ho (2015): Sample 1,202,L2R,L2P,1,1,1,1,,Young,SL,IL,AL,Beyond,2015,Siu & Ho,1.1,,0.005025125628140704,L2R.L2P,2783
Siu & Ho (2015): Sample 1,202,L2R,L2P,1,1,2,1,,Young,SL,IL,AL,Beyond,2015,Siu & Ho,2.1,,0.005025125628140704,L2R.L2P,2784
Siu & Ho (2015): Sample 1,202,L2R,L2M,1,1,1,1,,Young,SL,IL,AL,Beyond,2015,Siu & Ho,1.1,,0.005025125628140704,L2R.L2M,2785
Siu & Ho (2015): Sample 1,202,L2R,L2M,1,1,2,1,,Young,SL,IL,AL,Beyond,2015,Siu & Ho,2.1,,0.005025125628140704,L2R.L2M,2786
Siu & Ho (2015): Sample 1,202,L2R,L2L,1,1,1,1,,Young,SL,IL,AL,Beyond,2015,Siu & Ho,1.1,,0.005025125628140704,L2R.L2L,2787
Siu & Ho (2015): Sample 1,202,L2R,L2L,1,1,2,1,,Young,SL,IL,AL,Beyond,2015,Siu & Ho,2.1,,0.005025125628140704,L2R.L2L,2788
Siu & Ho (2015): Sample 1,202,L2DA,L2DF,1,1,1,1,,Young,SL,IL,AL,Beyond,2015,Siu & Ho,1.1,,0.005025125628140704,L2DA.L2DF,2789
Siu & Ho (2015): Sample 1,202,L2DA,L2V,1,1,1,1,0.53,Young,SL,IL,AL,Beyond,2015,Siu & Ho,1.1,0.5901451598411885,0.005025125628140704,L2DA.L2V,2790
Siu & Ho (2015): Sample 1,202,L2DA,L2G,1,1,1,1,0.53,Young,SL,IL,AL,Beyond,2015,Siu & Ho,1.1,0.5901451598411885,0.005025125628140704,L2DA.L2G,2791
Siu & Ho (2015): Sample 1,202,L2DA,L2G,1,1,1,2,0.68,Young,SL,IL,AL,Beyond,2015,Siu & Ho,1.2,0.8291140383017662,0.005025125628140704,L2DA.L2G,2792
Siu & Ho (2015): Sample 1,202,L2DA,L2P,1,1,1,1,,Young,SL,IL,AL,Beyond,2015,Siu & Ho,1.1,,0.005025125628140704,L2DA.L2P,2793
Siu & Ho (2015): Sample 1,202,L2DA,L2M,1,1,1,1,,Young,SL,IL,AL,Beyond,2015,Siu & Ho,1.1,,0.005025125628140704,L2DA.L2M,2794
Siu & Ho (2015): Sample 1,202,L2DA,L2L,1,1,1,1,,Young,SL,IL,AL,Beyond,2015,Siu & Ho,1.1,,0.005025125628140704,L2DA.L2L,2795
Siu & Ho (2015): Sample 1,202,L2DF,L2V,1,1,1,1,,Young,SL,IL,AL,Beyond,2015,Siu & Ho,1.1,,0.005025125628140704,L2DF.L2V,2796
Siu & Ho (2015): Sample 1,202,L2DF,L2G,1,1,1,1,,Young,SL,IL,AL,Beyond,2015,Siu & Ho,1.1,,0.005025125628140704,L2DF.L2G,2797
Siu & Ho (2015): Sample 1,202,L2DF,L2G,1,1,1,2,,Young,SL,IL,AL,Beyond,2015,Siu & Ho,1.2,,0.005025125628140704,L2DF.L2G,2798
Siu & Ho (2015): Sample 1,202,L2DF,L2P,1,1,1,1,,Young,SL,IL,AL,Beyond,2015,Siu & Ho,1.1,,0.005025125628140704,L2DF.L2P,2799
Siu & Ho (2015): Sample 1,202,L2DF,L2M,1,1,1,1,,Young,SL,IL,AL,Beyond,2015,Siu & Ho,1.1,,0.005025125628140704,L2DF.L2M,2800
Siu & Ho (2015): Sample 1,202,L2DF,L2L,1,1,1,1,,Young,SL,IL,AL,Beyond,2015,Siu & Ho,1.1,,0.005025125628140704,L2DF.L2L,2801
Siu & Ho (2015): Sample 1,202,L2V,L2G,1,1,1,1,0.39,Young,SL,IL,AL,Beyond,2015,Siu & Ho,1.1,0.4118000344786903,0.005025125628140704,L2V.L2G,2802
Siu & Ho (2015): Sample 1,202,L2V,L2G,1,1,1,2,0.52,Young,SL,IL,AL,Beyond,2015,Siu & Ho,1.2,0.5763397549691928,0.005025125628140704,L2V.L2G,2803
Siu & Ho (2015): Sample 1,202,L2V,L2P,1,1,1,1,,Young,SL,IL,AL,Beyond,2015,Siu & Ho,1.1,,0.005025125628140704,L2V.L2P,2804
Siu & Ho (2015): Sample 1,202,L2V,L2M,1,1,1,1,,Young,SL,IL,AL,Beyond,2015,Siu & Ho,1.1,,0.005025125628140704,L2V.L2M,2805
Siu & Ho (2015): Sample 1,202,L2V,L2L,1,1,1,1,,Young,SL,IL,AL,Beyond,2015,Siu & Ho,1.1,,0.005025125628140704,L2V.L2L,2806
Siu & Ho (2015): Sample 1,202,L2G,L2G,1,1,1,2,0.56,Young,SL,IL,AL,Beyond,2015,Siu & Ho,1.2,0.632833186665638,0.005025125628140704,L2G.L2G,2807
Siu & Ho (2015): Sample 1,202,L2G,L2P,1,1,1,1,,Young,SL,IL,AL,Beyond,2015,Siu & Ho,1.1,,0.005025125628140704,L2G.L2P,2808
Siu & Ho (2015): Sample 1,202,L2G,L2P,1,1,2,1,,Young,SL,IL,AL,Beyond,2015,Siu & Ho,2.1,,0.005025125628140704,L2G.L2P,2809
Siu & Ho (2015): Sample 1,202,L2G,L2M,1,1,1,1,,Young,SL,IL,AL,Beyond,2015,Siu & Ho,1.1,,0.005025125628140704,L2G.L2M,2810
Siu & Ho (2015): Sample 1,202,L2G,L2M,1,1,2,1,,Young,SL,IL,AL,Beyond,2015,Siu & Ho,2.1,,0.005025125628140704,L2G.L2M,2811
Siu & Ho (2015): Sample 1,202,L2G,L2L,1,1,1,1,,Young,SL,IL,AL,Beyond,2015,Siu & Ho,1.1,,0.005025125628140704,L2G.L2L,2812
Siu & Ho (2015): Sample 1,202,L2G,L2L,1,1,2,1,,Young,SL,IL,AL,Beyond,2015,Siu & Ho,2.1,,0.005025125628140704,L2G.L2L,2813
Siu & Ho (2015): Sample 1,202,L2P,L2M,1,1,1,1,,Young,SL,IL,AL,Beyond,2015,Siu & Ho,1.1,,0.005025125628140704,L2P.L2M,2814
Siu & Ho (2015): Sample 1,202,L2P,L2L,1,1,1,1,,Young,SL,IL,AL,Beyond,2015,Siu & Ho,1.1,,0.005025125628140704,L2P.L2L,2815
Siu & Ho (2015): Sample 1,202,L2M,L2L,1,1,1,1,,Young,SL,IL,AL,Beyond,2015,Siu & Ho,1.1,,0.005025125628140704,L2M.L2L,2816
Siu & Ho (2015): Sample 2,211,L2R,L2R,2,1,1,2,0.46,Young,SL,IL,AL,Beyond,2015,Siu & Ho,1.2,0.497311287572031,0.004807692307692308,L2R.L2R,2817
Siu & Ho (2015): Sample 2,211,L2R,L2DA,2,1,1,1,0.51,Young,SL,IL,AL,Beyond,2015,Siu & Ho,1.1,0.5627297693521489,0.004807692307692308,L2R.L2DA,2818
Siu & Ho (2015): Sample 2,211,L2R,L2DA,2,1,2,1,0.56,Young,SL,IL,AL,Beyond,2015,Siu & Ho,2.1,0.632833186665638,0.004807692307692308,L2R.L2DA,2819
Siu & Ho (2015): Sample 2,211,L2R,L2DF,2,1,1,1,,Young,SL,IL,AL,Beyond,2015,Siu & Ho,1.1,,0.004807692307692308,L2R.L2DF,2820
Siu & Ho (2015): Sample 2,211,L2R,L2DF,2,1,2,1,,Young,SL,IL,AL,Beyond,2015,Siu & Ho,2.1,,0.004807692307692308,L2R.L2DF,2821
Siu & Ho (2015): Sample 2,211,L2R,L2V,2,1,1,1,0.43,Young,SL,IL,AL,Beyond,2015,Siu & Ho,1.1,0.4598966812126785,0.004807692307692308,L2R.L2V,2822
Siu & Ho (2015): Sample 2,211,L2R,L2V,2,1,2,1,0.35,Young,SL,IL,AL,Beyond,2015,Siu & Ho,2.1,0.3654437542713961,0.004807692307692308,L2R.L2V,2823
Siu & Ho (2015): Sample 2,211,L2R,L2G,2,1,1,1,0.52,Young,SL,IL,AL,Beyond,2015,Siu & Ho,1.1,0.5763397549691928,0.004807692307692308,L2R.L2G,2824
Siu & Ho (2015): Sample 2,211,L2R,L2G,2,1,1,2,0.57,Young,SL,IL,AL,Beyond,2015,Siu & Ho,1.2,0.6475228448273728,0.004807692307692308,L2R.L2G,2825
Siu & Ho (2015): Sample 2,211,L2R,L2G,2,1,2,1,0.49,Young,SL,IL,AL,Beyond,2015,Siu & Ho,2.1,0.5360603366105666,0.004807692307692308,L2R.L2G,2826
Siu & Ho (2015): Sample 2,211,L2R,L2G,2,1,2,2,0.58,Young,SL,IL,AL,Beyond,2015,Siu & Ho,2.2,0.6624627073717991,0.004807692307692308,L2R.L2G,2827
Siu & Ho (2015): Sample 2,211,L2R,L2P,2,1,1,1,,Young,SL,IL,AL,Beyond,2015,Siu & Ho,1.1,,0.004807692307692308,L2R.L2P,2828
Siu & Ho (2015): Sample 2,211,L2R,L2P,2,1,2,1,,Young,SL,IL,AL,Beyond,2015,Siu & Ho,2.1,,0.004807692307692308,L2R.L2P,2829
Siu & Ho (2015): Sample 2,211,L2R,L2M,2,1,1,1,,Young,SL,IL,AL,Beyond,2015,Siu & Ho,1.1,,0.004807692307692308,L2R.L2M,2830
Siu & Ho (2015): Sample 2,211,L2R,L2M,2,1,2,1,,Young,SL,IL,AL,Beyond,2015,Siu & Ho,2.1,,0.004807692307692308,L2R.L2M,2831
Siu & Ho (2015): Sample 2,211,L2R,L2L,2,1,1,1,,Young,SL,IL,AL,Beyond,2015,Siu & Ho,1.1,,0.004807692307692308,L2R.L2L,2832
Siu & Ho (2015): Sample 2,211,L2R,L2L,2,1,2,1,,Young,SL,IL,AL,Beyond,2015,Siu & Ho,2.1,,0.004807692307692308,L2R.L2L,2833
Siu & Ho (2015): Sample 2,211,L2DA,L2DF,2,1,1,1,,Young,SL,IL,AL,Beyond,2015,Siu & Ho,1.1,,0.004807692307692308,L2DA.L2DF,2834
Siu & Ho (2015): Sample 2,211,L2DA,L2V,2,1,1,1,0.55,Young,SL,IL,AL,Beyond,2015,Siu & Ho,1.1,0.6183813135744636,0.004807692307692308,L2DA.L2V,2835
Siu & Ho (2015): Sample 2,211,L2DA,L2G,2,1,1,1,0.63,Young,SL,IL,AL,Beyond,2015,Siu & Ho,1.1,0.7414161440812689,0.004807692307692308,L2DA.L2G,2836
Siu & Ho (2015): Sample 2,211,L2DA,L2G,2,1,1,2,0.68,Young,SL,IL,AL,Beyond,2015,Siu & Ho,1.2,0.8291140383017662,0.004807692307692308,L2DA.L2G,2837
Siu & Ho (2015): Sample 2,211,L2DA,L2P,2,1,1,1,,Young,SL,IL,AL,Beyond,2015,Siu & Ho,1.1,,0.004807692307692308,L2DA.L2P,2838
Siu & Ho (2015): Sample 2,211,L2DA,L2M,2,1,1,1,,Young,SL,IL,AL,Beyond,2015,Siu & Ho,1.1,,0.004807692307692308,L2DA.L2M,2839
Siu & Ho (2015): Sample 2,211,L2DA,L2L,2,1,1,1,,Young,SL,IL,AL,Beyond,2015,Siu & Ho,1.1,,0.004807692307692308,L2DA.L2L,2840
Siu & Ho (2015): Sample 2,211,L2DF,L2V,2,1,1,1,,Young,SL,IL,AL,Beyond,2015,Siu & Ho,1.1,,0.004807692307692308,L2DF.L2V,2841
Siu & Ho (2015): Sample 2,211,L2DF,L2G,2,1,1,1,,Young,SL,IL,AL,Beyond,2015,Siu & Ho,1.1,,0.004807692307692308,L2DF.L2G,2842
Siu & Ho (2015): Sample 2,211,L2DF,L2G,2,1,1,2,,Young,SL,IL,AL,Beyond,2015,Siu & Ho,1.2,,0.004807692307692308,L2DF.L2G,2843
Siu & Ho (2015): Sample 2,211,L2DF,L2P,2,1,1,1,,Young,SL,IL,AL,Beyond,2015,Siu & Ho,1.1,,0.004807692307692308,L2DF.L2P,2844
Siu & Ho (2015): Sample 2,211,L2DF,L2M,2,1,1,1,,Young,SL,IL,AL,Beyond,2015,Siu & Ho,1.1,,0.004807692307692308,L2DF.L2M,2845
Siu & Ho (2015): Sample 2,211,L2DF,L2L,2,1,1,1,,Young,SL,IL,AL,Beyond,2015,Siu & Ho,1.1,,0.004807692307692308,L2DF.L2L,2846
Siu & Ho (2015): Sample 2,211,L2V,L2G,2,1,1,1,,Young,SL,IL,AL,Beyond,2015,Siu & Ho,1.1,,0.004807692307692308,L2V.L2G,2847
Siu & Ho (2015): Sample 2,211,L2V,L2G,2,1,1,2,,Young,SL,IL,AL,Beyond,2015,Siu & Ho,1.2,,0.004807692307692308,L2V.L2G,2848
Siu & Ho (2015): Sample 2,211,L2V,L2P,2,1,1,1,,Young,SL,IL,AL,Beyond,2015,Siu & Ho,1.1,,0.004807692307692308,L2V.L2P,2849
Siu & Ho (2015): Sample 2,211,L2V,L2M,2,1,1,1,,Young,SL,IL,AL,Beyond,2015,Siu & Ho,1.1,,0.004807692307692308,L2V.L2M,2850
Siu & Ho (2015): Sample 2,211,L2V,L2L,2,1,1,1,,Young,SL,IL,AL,Beyond,2015,Siu & Ho,1.1,,0.004807692307692308,L2V.L2L,2851
Siu & Ho (2015): Sample 2,211,L2G,L2G,2,1,1,2,,Young,SL,IL,AL,Beyond,2015,Siu & Ho,1.2,,0.004807692307692308,L2G.L2G,2852
Siu & Ho (2015): Sample 2,211,L2G,L2P,2,1,1,1,,Young,SL,IL,AL,Beyond,2015,Siu & Ho,1.1,,0.004807692307692308,L2G.L2P,2853
Siu & Ho (2015): Sample 2,211,L2G,L2P,2,1,2,1,,Young,SL,IL,AL,Beyond,2015,Siu & Ho,2.1,,0.004807692307692308,L2G.L2P,2854
Siu & Ho (2015): Sample 2,211,L2G,L2M,2,1,1,1,,Young,SL,IL,AL,Beyond,2015,Siu & Ho,1.1,,0.004807692307692308,L2G.L2M,2855
Siu & Ho (2015): Sample 2,211,L2G,L2M,2,1,2,1,,Young,SL,IL,AL,Beyond,2015,Siu & Ho,2.1,,0.004807692307692308,L2G.L2M,2856
Siu & Ho (2015): Sample 2,211,L2G,L2L,2,1,1,1,,Young,SL,IL,AL,Beyond,2015,Siu & Ho,1.1,,0.004807692307692308,L2G.L2L,2857
Siu & Ho (2015): Sample 2,211,L2G,L2L,2,1,2,1,,Young,SL,IL,AL,Beyond,2015,Siu & Ho,2.1,,0.004807692307692308,L2G.L2L,2858
Siu & Ho (2015): Sample 2,211,L2P,L2M,2,1,1,1,,Young,SL,IL,AL,Beyond,2015,Siu & Ho,1.1,,0.004807692307692308,L2P.L2M,2859
Siu & Ho (2015): Sample 2,211,L2P,L2L,2,1,1,1,,Young,SL,IL,AL,Beyond,2015,Siu & Ho,1.1,,0.004807692307692308,L2P.L2L,2860
Siu & Ho (2015): Sample 2,211,L2M,L2L,2,1,1,1,,Young,SL,IL,AL,Beyond,2015,Siu & Ho,1.1,,0.004807692307692308,L2M.L2L,2861
Swanson et al. (2011),471,L2R,L2DA,1,1,1,1,0.84,Young,SL,II,AA,Beyond,2011,Swanson et al.,1.1,1.2211735176846021,0.002136752136752137,L2R.L2DA,2862
Swanson et al. (2011),471,L2R,L2DA,1,1,1,2,0.55,Young,SL,II,AA,Beyond,2011,Swanson et al.,1.2,0.6183813135744636,0.002136752136752137,L2R.L2DA,2863
Swanson et al. (2011),471,L2R,L2DF,1,1,1,1,,Young,SL,II,AA,Beyond,2011,Swanson et al.,1.1,,0.002136752136752137,L2R.L2DF,2864
Swanson et al. (2011),471,L2R,L2V,1,1,1,1,0.63,Young,SL,II,AA,Beyond,2011,Swanson et al.,1.1,0.7414161440812689,0.002136752136752137,L2R.L2V,2865
Swanson et al. (2011),471,L2R,L2G,1,1,1,1,0.73,Young,SL,II,AA,Beyond,2011,Swanson et al.,1.1,0.9287273642467249,0.002136752136752137,L2R.L2G,2866
Swanson et al. (2011),471,L2R,L2P,1,1,1,1,0.59,Young,SL,II,AA,Beyond,2011,Swanson et al.,1.1,0.6776660677579618,0.002136752136752137,L2R.L2P,2867
Swanson et al. (2011),471,L2R,L2M,1,1,1,1,,Young,SL,II,AA,Beyond,2011,Swanson et al.,1.1,,0.002136752136752137,L2R.L2M,2868
Swanson et al. (2011),471,L2R,L2L,1,1,1,1,,Young,SL,II,AA,Beyond,2011,Swanson et al.,1.1,,0.002136752136752137,L2R.L2L,2869
Swanson et al. (2011),471,L2DA,L2DA,1,1,1,2,0.54,Young,SL,II,AA,Beyond,2011,Swanson et al.,1.2,0.6041556029622671,0.002136752136752137,L2DA.L2DA,2870
Swanson et al. (2011),471,L2DA,L2DF,1,1,1,1,,Young,SL,II,AA,Beyond,2011,Swanson et al.,1.1,,0.002136752136752137,L2DA.L2DF,2871
Swanson et al. (2011),471,L2DA,L2DF,1,1,1,2,,Young,SL,II,AA,Beyond,2011,Swanson et al.,1.2,,0.002136752136752137,L2DA.L2DF,2872
Swanson et al. (2011),471,L2DA,L2V,1,1,1,1,0.6,Young,SL,II,AA,Beyond,2011,Swanson et al.,1.1,0.6931471805599453,0.002136752136752137,L2DA.L2V,2873
Swanson et al. (2011),471,L2DA,L2V,1,1,1,2,0.42,Young,SL,II,AA,Beyond,2011,Swanson et al.,1.2,0.44769202352742066,0.002136752136752137,L2DA.L2V,2874
Swanson et al. (2011),471,L2DA,L2G,1,1,1,1,0.7,Young,SL,II,AA,Beyond,2011,Swanson et al.,1.1,0.8673005276940532,0.002136752136752137,L2DA.L2G,2875
Swanson et al. (2011),471,L2DA,L2G,1,1,1,2,0.48,Young,SL,II,AA,Beyond,2011,Swanson et al.,1.2,0.5229842775913438,0.002136752136752137,L2DA.L2G,2876
Swanson et al. (2011),471,L2DA,L2P,1,1,1,1,0.66,Young,SL,II,AA,Beyond,2011,Swanson et al.,1.1,0.7928136318701909,0.002136752136752137,L2DA.L2P,2877
Swanson et al. (2011),471,L2DA,L2P,1,1,1,2,0.36,Young,SL,II,AA,Beyond,2011,Swanson et al.,1.2,0.3768859011881901,0.002136752136752137,L2DA.L2P,2878
Swanson et al. (2011),471,L2DA,L2M,1,1,1,1,,Young,SL,II,AA,Beyond,2011,Swanson et al.,1.1,,0.002136752136752137,L2DA.L2M,2879
Swanson et al. (2011),471,L2DA,L2M,1,1,1,2,,Young,SL,II,AA,Beyond,2011,Swanson et al.,1.2,,0.002136752136752137,L2DA.L2M,2880
Swanson et al. (2011),471,L2DA,L2L,1,1,1,1,,Young,SL,II,AA,Beyond,2011,Swanson et al.,1.1,,0.002136752136752137,L2DA.L2L,2881
Swanson et al. (2011),471,L2DA,L2L,1,1,1,2,,Young,SL,II,AA,Beyond,2011,Swanson et al.,1.2,,0.002136752136752137,L2DA.L2L,2882
Swanson et al. (2011),471,L2DF,L2V,1,1,1,1,,Young,SL,II,AA,Beyond,2011,Swanson et al.,1.1,,0.002136752136752137,L2DF.L2V,2883
Swanson et al. (2011),471,L2DF,L2G,1,1,1,1,,Young,SL,II,AA,Beyond,2011,Swanson et al.,1.1,,0.002136752136752137,L2DF.L2G,2884
Swanson et al. (2011),471,L2DF,L2P,1,1,1,1,,Young,SL,II,AA,Beyond,2011,Swanson et al.,1.1,,0.002136752136752137,L2DF.L2P,2885
Swanson et al. (2011),471,L2DF,L2M,1,1,1,1,,Young,SL,II,AA,Beyond,2011,Swanson et al.,1.1,,0.002136752136752137,L2DF.L2M,2886
Swanson et al. (2011),471,L2DF,L2L,1,1,1,1,,Young,SL,II,AA,Beyond,2011,Swanson et al.,1.1,,0.002136752136752137,L2DF.L2L,2887
Swanson et al. (2011),471,L2V,L2G,1,1,1,1,0.76,Young,SL,II,AA,Beyond,2011,Swanson et al.,1.1,0.9962150823451031,0.002136752136752137,L2V.L2G,2888
Swanson et al. (2011),471,L2V,L2P,1,1,1,1,0.46,Young,SL,II,AA,Beyond,2011,Swanson et al.,1.1,0.497311287572031,0.002136752136752137,L2V.L2P,2889
Swanson et al. (2011),471,L2V,L2M,1,1,1,1,,Young,SL,II,AA,Beyond,2011,Swanson et al.,1.1,,0.002136752136752137,L2V.L2M,2890
Swanson et al. (2011),471,L2V,L2L,1,1,1,1,,Young,SL,II,AA,Beyond,2011,Swanson et al.,1.1,,0.002136752136752137,L2V.L2L,2891
Swanson et al. (2011),471,L2G,L2P,1,1,1,1,0.52,Young,SL,II,AA,Beyond,2011,Swanson et al.,1.1,0.5763397549691928,0.002136752136752137,L2G.L2P,2892
Swanson et al. (2011),471,L2G,L2M,1,1,1,1,,Young,SL,II,AA,Beyond,2011,Swanson et al.,1.1,,0.002136752136752137,L2G.L2M,2893
Swanson et al. (2011),471,L2G,L2L,1,1,1,1,,Young,SL,II,AA,Beyond,2011,Swanson et al.,1.1,,0.002136752136752137,L2G.L2L,2894
Swanson et al. (2011),471,L2P,L2M,1,1,1,1,,Young,SL,II,AA,Beyond,2011,Swanson et al.,1.1,,0.002136752136752137,L2P.L2M,2895
Swanson et al. (2011),471,L2P,L2L,1,1,1,1,,Young,SL,II,AA,Beyond,2011,Swanson et al.,1.1,,0.002136752136752137,L2P.L2L,2896
Swanson et al. (2011),471,L2M,L2L,1,1,1,1,,Young,SL,II,AA,Beyond,2011,Swanson et al.,1.1,,0.002136752136752137,L2M.L2L,2897
Tsai et al. (2010),222,L2R,L2R,1,1,1,2,0.83,Adolescent/Adult,FL,IL,AL,Beyond,2010,Tsai et al.,1.2,1.1881364043926024,0.0045662100456621,L2R.L2R,2898
Tsai et al. (2010),222,L2R,L2R,1,1,1,3,0.87,Adolescent/Adult,FL,IL,AL,Beyond,2010,Tsai et al.,1.3,1.3330796296965248,0.0045662100456621,L2R.L2R,2899
Tsai et al. (2010),222,L2R,L2R,1,1,2,3,0.48,Adolescent/Adult,FL,IL,AL,Beyond,2010,Tsai et al.,2.3,0.5229842775913438,0.0045662100456621,L2R.L2R,2900
Tsai et al. (2010),222,L2R,L2DA,1,1,1,1,,Adolescent/Adult,FL,IL,AL,Beyond,2010,Tsai et al.,1.1,,0.0045662100456621,L2R.L2DA,2901
Tsai et al. (2010),222,L2R,L2DA,1,1,2,1,,Adolescent/Adult,FL,IL,AL,Beyond,2010,Tsai et al.,2.1,,0.0045662100456621,L2R.L2DA,2902
Tsai et al. (2010),222,L2R,L2DA,1,1,3,1,,Adolescent/Adult,FL,IL,AL,Beyond,2010,Tsai et al.,3.1,,0.0045662100456621,L2R.L2DA,2903
Tsai et al. (2010),222,L2R,L2DF,1,1,1,1,,Adolescent/Adult,FL,IL,AL,Beyond,2010,Tsai et al.,1.1,,0.0045662100456621,L2R.L2DF,2904
Tsai et al. (2010),222,L2R,L2DF,1,1,2,1,,Adolescent/Adult,FL,IL,AL,Beyond,2010,Tsai et al.,2.1,,0.0045662100456621,L2R.L2DF,2905
Tsai et al. (2010),222,L2R,L2DF,1,1,3,1,,Adolescent/Adult,FL,IL,AL,Beyond,2010,Tsai et al.,3.1,,0.0045662100456621,L2R.L2DF,2906
Tsai et al. (2010),222,L2R,L2V,1,1,1,1,0.53,Adolescent/Adult,FL,IL,AL,Beyond,2010,Tsai et al.,1.1,0.5901451598411885,0.0045662100456621,L2R.L2V,2907
Tsai et al. (2010),222,L2R,L2V,1,1,2,1,0.44,Adolescent/Adult,FL,IL,AL,Beyond,2010,Tsai et al.,2.1,0.47223080442042564,0.0045662100456621,L2R.L2V,2908
Tsai et al. (2010),222,L2R,L2V,1,1,3,1,0.46,Adolescent/Adult,FL,IL,AL,Beyond,2010,Tsai et al.,3.1,0.497311287572031,0.0045662100456621,L2R.L2V,2909
Tsai et al. (2010),222,L2R,L2G,1,1,1,1,0.51,Adolescent/Adult,FL,IL,AL,Beyond,2010,Tsai et al.,1.1,0.5627297693521489,0.0045662100456621,L2R.L2G,2910
Tsai et al. (2010),222,L2R,L2G,1,1,2,1,0.48,Adolescent/Adult,FL,IL,AL,Beyond,2010,Tsai et al.,2.1,0.5229842775913438,0.0045662100456621,L2R.L2G,2911
Tsai et al. (2010),222,L2R,L2G,1,1,3,1,0.4,Adolescent/Adult,FL,IL,AL,Beyond,2010,Tsai et al.,3.1,0.42364893019360184,0.0045662100456621,L2R.L2G,2912
Tsai et al. (2010),222,L2R,L2P,1,1,1,1,,Adolescent/Adult,FL,IL,AL,Beyond,2010,Tsai et al.,1.1,,0.0045662100456621,L2R.L2P,2913
Tsai et al. (2010),222,L2R,L2P,1,1,2,1,,Adolescent/Adult,FL,IL,AL,Beyond,2010,Tsai et al.,2.1,,0.0045662100456621,L2R.L2P,2914
Tsai et al. (2010),222,L2R,L2P,1,1,3,1,,Adolescent/Adult,FL,IL,AL,Beyond,2010,Tsai et al.,3.1,,0.0045662100456621,L2R.L2P,2915
Tsai et al. (2010),222,L2R,L2M,1,1,1,1,,Adolescent/Adult,FL,IL,AL,Beyond,2010,Tsai et al.,1.1,,0.0045662100456621,L2R.L2M,2916
Tsai et al. (2010),222,L2R,L2M,1,1,2,1,,Adolescent/Adult,FL,IL,AL,Beyond,2010,Tsai et al.,2.1,,0.0045662100456621,L2R.L2M,2917
Tsai et al. (2010),222,L2R,L2M,1,1,3,1,,Adolescent/Adult,FL,IL,AL,Beyond,2010,Tsai et al.,3.1,,0.0045662100456621,L2R.L2M,2918
Tsai et al. (2010),222,L2R,L2L,1,1,1,1,,Adolescent/Adult,FL,IL,AL,Beyond,2010,Tsai et al.,1.1,,0.0045662100456621,L2R.L2L,2919
Tsai et al. (2010),222,L2R,L2L,1,1,2,1,,Adolescent/Adult,FL,IL,AL,Beyond,2010,Tsai et al.,2.1,,0.0045662100456621,L2R.L2L,2920
Tsai et al. (2010),222,L2R,L2L,1,1,3,1,,Adolescent/Adult,FL,IL,AL,Beyond,2010,Tsai et al.,3.1,,0.0045662100456621,L2R.L2L,2921
Tsai et al. (2010),222,L2DA,L2DF,1,1,1,1,,Adolescent/Adult,FL,IL,AL,Beyond,2010,Tsai et al.,1.1,,0.0045662100456621,L2DA.L2DF,2922
Tsai et al. (2010),222,L2DA,L2V,1,1,1,1,,Adolescent/Adult,FL,IL,AL,Beyond,2010,Tsai et al.,1.1,,0.0045662100456621,L2DA.L2V,2923
Tsai et al. (2010),222,L2DA,L2G,1,1,1,1,,Adolescent/Adult,FL,IL,AL,Beyond,2010,Tsai et al.,1.1,,0.0045662100456621,L2DA.L2G,2924
Tsai et al. (2010),222,L2DA,L2P,1,1,1,1,,Adolescent/Adult,FL,IL,AL,Beyond,2010,Tsai et al.,1.1,,0.0045662100456621,L2DA.L2P,2925
Tsai et al. (2010),222,L2DA,L2M,1,1,1,1,,Adolescent/Adult,FL,IL,AL,Beyond,2010,Tsai et al.,1.1,,0.0045662100456621,L2DA.L2M,2926
Tsai et al. (2010),222,L2DA,L2L,1,1,1,1,,Adolescent/Adult,FL,IL,AL,Beyond,2010,Tsai et al.,1.1,,0.0045662100456621,L2DA.L2L,2927
Tsai et al. (2010),222,L2DF,L2V,1,1,1,1,,Adolescent/Adult,FL,IL,AL,Beyond,2010,Tsai et al.,1.1,,0.0045662100456621,L2DF.L2V,2928
Tsai et al. (2010),222,L2DF,L2G,1,1,1,1,,Adolescent/Adult,FL,IL,AL,Beyond,2010,Tsai et al.,1.1,,0.0045662100456621,L2DF.L2G,2929
Tsai et al. (2010),222,L2DF,L2P,1,1,1,1,,Adolescent/Adult,FL,IL,AL,Beyond,2010,Tsai et al.,1.1,,0.0045662100456621,L2DF.L2P,2930
Tsai et al. (2010),222,L2DF,L2M,1,1,1,1,,Adolescent/Adult,FL,IL,AL,Beyond,2010,Tsai et al.,1.1,,0.0045662100456621,L2DF.L2M,2931
Tsai et al. (2010),222,L2DF,L2L,1,1,1,1,,Adolescent/Adult,FL,IL,AL,Beyond,2010,Tsai et al.,1.1,,0.0045662100456621,L2DF.L2L,2932
Tsai et al. (2010),222,L2V,L2G,1,1,1,1,0.59,Adolescent/Adult,FL,IL,AL,Beyond,2010,Tsai et al.,1.1,0.6776660677579618,0.0045662100456621,L2V.L2G,2933
Tsai et al. (2010),222,L2V,L2P,1,1,1,1,,Adolescent/Adult,FL,IL,AL,Beyond,2010,Tsai et al.,1.1,,0.0045662100456621,L2V.L2P,2934
Tsai et al. (2010),222,L2V,L2M,1,1,1,1,,Adolescent/Adult,FL,IL,AL,Beyond,2010,Tsai et al.,1.1,,0.0045662100456621,L2V.L2M,2935
Tsai et al. (2010),222,L2V,L2L,1,1,1,1,,Adolescent/Adult,FL,IL,AL,Beyond,2010,Tsai et al.,1.1,,0.0045662100456621,L2V.L2L,2936
Tsai et al. (2010),222,L2G,L2P,1,1,1,1,,Adolescent/Adult,FL,IL,AL,Beyond,2010,Tsai et al.,1.1,,0.0045662100456621,L2G.L2P,2937
Tsai et al. (2010),222,L2G,L2M,1,1,1,1,,Adolescent/Adult,FL,IL,AL,Beyond,2010,Tsai et al.,1.1,,0.0045662100456621,L2G.L2M,2938
Tsai et al. (2010),222,L2G,L2L,1,1,1,1,,Adolescent/Adult,FL,IL,AL,Beyond,2010,Tsai et al.,1.1,,0.0045662100456621,L2G.L2L,2939
Tsai et al. (2010),222,L2P,L2M,1,1,1,1,,Adolescent/Adult,FL,IL,AL,Beyond,2010,Tsai et al.,1.1,,0.0045662100456621,L2P.L2M,2940
Tsai et al. (2010),222,L2P,L2L,1,1,1,1,,Adolescent/Adult,FL,IL,AL,Beyond,2010,Tsai et al.,1.1,,0.0045662100456621,L2P.L2L,2941
Tsai et al. (2010),222,L2M,L2L,1,1,1,1,,Adolescent/Adult,FL,IL,AL,Beyond,2010,Tsai et al.,1.1,,0.0045662100456621,L2M.L2L,2942
Van Gelderen et al. (2004),281,L2R,L2DA,1,1,1,1,,Adolescent/Adult,FL,II,AA,Beyond,2004,Van Gelderen et al.,1.1,,0.0035971223021582736,L2R.L2DA,2943
Van Gelderen et al. (2004),281,L2R,L2DF,1,1,1,1,0.47,Adolescent/Adult,FL,II,AA,Beyond,2004,Van Gelderen et al.,1.1,0.5100703366133073,0.0035971223021582736,L2R.L2DF,2944
Van Gelderen et al. (2004),281,L2R,L2V,1,1,1,1,0.63,Adolescent/Adult,FL,II,AA,Beyond,2004,Van Gelderen et al.,1.1,0.7414161440812689,0.0035971223021582736,L2R.L2V,2945
Van Gelderen et al. (2004),281,L2R,L2G,1,1,1,1,0.8,Adolescent/Adult,FL,II,AA,Beyond,2004,Van Gelderen et al.,1.1,1.0986122886681098,0.0035971223021582736,L2R.L2G,2946
Van Gelderen et al. (2004),281,L2R,L2P,1,1,1,1,,Adolescent/Adult,FL,II,AA,Beyond,2004,Van Gelderen et al.,1.1,,0.0035971223021582736,L2R.L2P,2947
Van Gelderen et al. (2004),281,L2R,L2M,1,1,1,1,,Adolescent/Adult,FL,II,AA,Beyond,2004,Van Gelderen et al.,1.1,,0.0035971223021582736,L2R.L2M,2948
Van Gelderen et al. (2004),281,L2R,L2L,1,1,1,1,,Adolescent/Adult,FL,II,AA,Beyond,2004,Van Gelderen et al.,1.1,,0.0035971223021582736,L2R.L2L,2949
Van Gelderen et al. (2004),281,L2DA,L2DF,1,1,1,1,,Adolescent/Adult,FL,II,AA,Beyond,2004,Van Gelderen et al.,1.1,,0.0035971223021582736,L2DA.L2DF,2950
Van Gelderen et al. (2004),281,L2DA,L2V,1,1,1,1,,Adolescent/Adult,FL,II,AA,Beyond,2004,Van Gelderen et al.,1.1,,0.0035971223021582736,L2DA.L2V,2951
Van Gelderen et al. (2004),281,L2DA,L2G,1,1,1,1,,Adolescent/Adult,FL,II,AA,Beyond,2004,Van Gelderen et al.,1.1,,0.0035971223021582736,L2DA.L2G,2952
Van Gelderen et al. (2004),281,L2DA,L2P,1,1,1,1,,Adolescent/Adult,FL,II,AA,Beyond,2004,Van Gelderen et al.,1.1,,0.0035971223021582736,L2DA.L2P,2953
Van Gelderen et al. (2004),281,L2DA,L2M,1,1,1,1,,Adolescent/Adult,FL,II,AA,Beyond,2004,Van Gelderen et al.,1.1,,0.0035971223021582736,L2DA.L2M,2954
Van Gelderen et al. (2004),281,L2DA,L2L,1,1,1,1,,Adolescent/Adult,FL,II,AA,Beyond,2004,Van Gelderen et al.,1.1,,0.0035971223021582736,L2DA.L2L,2955
Van Gelderen et al. (2004),281,L2DF,L2V,1,1,1,1,0.45,Adolescent/Adult,FL,II,AA,Beyond,2004,Van Gelderen et al.,1.1,0.48470027859405174,0.0035971223021582736,L2DF.L2V,2956
Van Gelderen et al. (2004),281,L2DF,L2G,1,1,1,1,0.52,Adolescent/Adult,FL,II,AA,Beyond,2004,Van Gelderen et al.,1.1,0.5763397549691928,0.0035971223021582736,L2DF.L2G,2957
Van Gelderen et al. (2004),281,L2DF,L2P,1,1,1,1,,Adolescent/Adult,FL,II,AA,Beyond,2004,Van Gelderen et al.,1.1,,0.0035971223021582736,L2DF.L2P,2958
Van Gelderen et al. (2004),281,L2DF,L2M,1,1,1,1,,Adolescent/Adult,FL,II,AA,Beyond,2004,Van Gelderen et al.,1.1,,0.0035971223021582736,L2DF.L2M,2959
Van Gelderen et al. (2004),281,L2DF,L2L,1,1,1,1,,Adolescent/Adult,FL,II,AA,Beyond,2004,Van Gelderen et al.,1.1,,0.0035971223021582736,L2DF.L2L,2960
Van Gelderen et al. (2004),281,L2V,L2G,1,1,1,1,0.78,Adolescent/Adult,FL,II,AA,Beyond,2004,Van Gelderen et al.,1.1,1.0453705484668847,0.0035971223021582736,L2V.L2G,2961
Van Gelderen et al. (2004),281,L2V,L2P,1,1,1,1,,Adolescent/Adult,FL,II,AA,Beyond,2004,Van Gelderen et al.,1.1,,0.0035971223021582736,L2V.L2P,2962
Van Gelderen et al. (2004),281,L2V,L2M,1,1,1,1,,Adolescent/Adult,FL,II,AA,Beyond,2004,Van Gelderen et al.,1.1,,0.0035971223021582736,L2V.L2M,2963
Van Gelderen et al. (2004),281,L2V,L2L,1,1,1,1,,Adolescent/Adult,FL,II,AA,Beyond,2004,Van Gelderen et al.,1.1,,0.0035971223021582736,L2V.L2L,2964
Van Gelderen et al. (2004),281,L2G,L2P,1,1,1,1,,Adolescent/Adult,FL,II,AA,Beyond,2004,Van Gelderen et al.,1.1,,0.0035971223021582736,L2G.L2P,2965
Van Gelderen et al. (2004),281,L2G,L2M,1,1,1,1,,Adolescent/Adult,FL,II,AA,Beyond,2004,Van Gelderen et al.,1.1,,0.0035971223021582736,L2G.L2M,2966
Van Gelderen et al. (2004),281,L2G,L2L,1,1,1,1,,Adolescent/Adult,FL,II,AA,Beyond,2004,Van Gelderen et al.,1.1,,0.0035971223021582736,L2G.L2L,2967
Van Gelderen et al. (2004),281,L2P,L2M,1,1,1,1,,Adolescent/Adult,FL,II,AA,Beyond,2004,Van Gelderen et al.,1.1,,0.0035971223021582736,L2P.L2M,2968
Van Gelderen et al. (2004),281,L2P,L2L,1,1,1,1,,Adolescent/Adult,FL,II,AA,Beyond,2004,Van Gelderen et al.,1.1,,0.0035971223021582736,L2P.L2L,2969
Van Gelderen et al. (2004),281,L2M,L2L,1,1,1,1,,Adolescent/Adult,FL,II,AA,Beyond,2004,Van Gelderen et al.,1.1,,0.0035971223021582736,L2M.L2L,2970
Wang et al. (2006),64,L2R,L2DA,1,1,1,1,0.37,Young,SL,IL,AL,Beyond,2006,Wang et al.,1.1,0.3884230997182962,0.01639344262295082,L2R.L2DA,2971
Wang et al. (2006),64,L2R,L2DF,1,1,1,1,,Young,SL,IL,AL,Beyond,2006,Wang et al.,1.1,,0.01639344262295082,L2R.L2DF,2972
Wang et al. (2006),64,L2R,L2V,1,1,1,1,0.46,Young,SL,IL,AL,Beyond,2006,Wang et al.,1.1,0.497311287572031,0.01639344262295082,L2R.L2V,2973
Wang et al. (2006),64,L2R,L2G,1,1,1,1,,Young,SL,IL,AL,Beyond,2006,Wang et al.,1.1,,0.01639344262295082,L2R.L2G,2974
Wang et al. (2006),64,L2R,L2P,1,1,1,1,0.35,Young,SL,IL,AL,Beyond,2006,Wang et al.,1.1,0.3654437542713961,0.01639344262295082,L2R.L2P,2975
Wang et al. (2006),64,L2R,L2M,1,1,1,1,0.51,Young,SL,IL,AL,Beyond,2006,Wang et al.,1.1,0.5627297693521489,0.01639344262295082,L2R.L2M,2976
Wang et al. (2006),64,L2R,L2M,1,1,1,2,0.52,Young,SL,IL,AL,Beyond,2006,Wang et al.,1.2,0.5763397549691928,0.01639344262295082,L2R.L2M,2977
Wang et al. (2006),64,L2R,L2L,1,1,1,1,,Young,SL,IL,AL,Beyond,2006,Wang et al.,1.1,,0.01639344262295082,L2R.L2L,2978
Wang et al. (2006),64,L2DA,L2DF,1,1,1,1,,Young,SL,IL,AL,Beyond,2006,Wang et al.,1.1,,0.01639344262295082,L2DA.L2DF,2979
Wang et al. (2006),64,L2DA,L2V,1,1,1,1,0.53,Young,SL,IL,AL,Beyond,2006,Wang et al.,1.1,0.5901451598411885,0.01639344262295082,L2DA.L2V,2980
Wang et al. (2006),64,L2DA,L2G,1,1,1,1,,Young,SL,IL,AL,Beyond,2006,Wang et al.,1.1,,0.01639344262295082,L2DA.L2G,2981
Wang et al. (2006),64,L2DA,L2P,1,1,1,1,0.63,Young,SL,IL,AL,Beyond,2006,Wang et al.,1.1,0.7414161440812689,0.01639344262295082,L2DA.L2P,2982
Wang et al. (2006),64,L2DA,L2M,1,1,1,1,0.48,Young,SL,IL,AL,Beyond,2006,Wang et al.,1.1,0.5229842775913438,0.01639344262295082,L2DA.L2M,2983
Wang et al. (2006),64,L2DA,L2M,1,1,1,2,0.74,Young,SL,IL,AL,Beyond,2006,Wang et al.,1.2,0.9504793805965235,0.01639344262295082,L2DA.L2M,2984
Wang et al. (2006),64,L2DA,L2L,1,1,1,1,,Young,SL,IL,AL,Beyond,2006,Wang et al.,1.1,,0.01639344262295082,L2DA.L2L,2985
Wang et al. (2006),64,L2DF,L2V,1,1,1,1,,Young,SL,IL,AL,Beyond,2006,Wang et al.,1.1,,0.01639344262295082,L2DF.L2V,2986
Wang et al. (2006),64,L2DF,L2G,1,1,1,1,,Young,SL,IL,AL,Beyond,2006,Wang et al.,1.1,,0.01639344262295082,L2DF.L2G,2987
Wang et al. (2006),64,L2DF,L2P,1,1,1,1,,Young,SL,IL,AL,Beyond,2006,Wang et al.,1.1,,0.01639344262295082,L2DF.L2P,2988
Wang et al. (2006),64,L2DF,L2M,1,1,1,1,,Young,SL,IL,AL,Beyond,2006,Wang et al.,1.1,,0.01639344262295082,L2DF.L2M,2989
Wang et al. (2006),64,L2DF,L2M,1,1,1,2,,Young,SL,IL,AL,Beyond,2006,Wang et al.,1.2,,0.01639344262295082,L2DF.L2M,2990
Wang et al. (2006),64,L2DF,L2L,1,1,1,1,,Young,SL,IL,AL,Beyond,2006,Wang et al.,1.1,,0.01639344262295082,L2DF.L2L,2991
Wang et al. (2006),64,L2V,L2G,1,1,1,1,0.28,Young,SL,IL,AL,Beyond,2006,Wang et al.,1.1,0.28768207245178096,0.01639344262295082,L2V.L2G,2992
Wang et al. (2006),64,L2V,L2P,1,1,1,1,,Young,SL,IL,AL,Beyond,2006,Wang et al.,1.1,,0.01639344262295082,L2V.L2P,2993
Wang et al. (2006),64,L2V,L2M,1,1,1,1,,Young,SL,IL,AL,Beyond,2006,Wang et al.,1.1,,0.01639344262295082,L2V.L2M,2994
Wang et al. (2006),64,L2V,L2M,1,1,1,2,,Young,SL,IL,AL,Beyond,2006,Wang et al.,1.2,,0.01639344262295082,L2V.L2M,2995
Wang et al. (2006),64,L2V,L2L,1,1,1,1,,Young,SL,IL,AL,Beyond,2006,Wang et al.,1.1,,0.01639344262295082,L2V.L2L,2996
Wang et al. (2006),64,L2G,L2P,1,1,1,1,,Young,SL,IL,AL,Beyond,2006,Wang et al.,1.1,,0.01639344262295082,L2G.L2P,2997
Wang et al. (2006),64,L2G,L2M,1,1,1,1,,Young,SL,IL,AL,Beyond,2006,Wang et al.,1.1,,0.01639344262295082,L2G.L2M,2998
Wang et al. (2006),64,L2G,L2M,1,1,1,2,,Young,SL,IL,AL,Beyond,2006,Wang et al.,1.2,,0.01639344262295082,L2G.L2M,2999
Wang et al. (2006),64,L2G,L2L,1,1,1,1,,Young,SL,IL,AL,Beyond,2006,Wang et al.,1.1,,0.01639344262295082,L2G.L2L,3000
Wang et al. (2006),64,L2P,L2M,1,1,1,1,0.39,Young,SL,IL,AL,Beyond,2006,Wang et al.,1.1,0.4118000344786903,0.01639344262295082,L2P.L2M,3001
Wang et al. (2006),64,L2P,L2M,1,1,1,2,0.5,Young,SL,IL,AL,Beyond,2006,Wang et al.,1.2,0.5493061443340549,0.01639344262295082,L2P.L2M,3002
Wang et al. (2006),64,L2P,L2L,1,1,1,1,,Young,SL,IL,AL,Beyond,2006,Wang et al.,1.1,,0.01639344262295082,L2P.L2L,3003
Wang et al. (2006),64,L2M,L2L,1,1,1,1,,Young,SL,IL,AL,Beyond,2006,Wang et al.,1.1,,0.01639344262295082,L2M.L2L,3004
Wang et al. (2006),64,L2M,L2L,1,1,2,1,,Young,SL,IL,AL,Beyond,2006,Wang et al.,2.1,,0.01639344262295082,L2M.L2L,3005
Winke (2013),96,L2R,L2DA,1,1,1,1,,Adolescent/Adult,FL,IL,,Basic,2013,Winke,1.1,,0.010752688172043012,L2R.L2DA,3006
Winke (2013),96,L2R,L2DF,1,1,1,1,,Adolescent/Adult,FL,IL,,Basic,2013,Winke,1.1,,0.010752688172043012,L2R.L2DF,3007
Winke (2013),96,L2R,L2V,1,1,1,1,,Adolescent/Adult,FL,IL,,Basic,2013,Winke,1.1,,0.010752688172043012,L2R.L2V,3008
Winke (2013),96,L2R,L2G,1,1,1,1,0.13,Adolescent/Adult,FL,IL,,Basic,2013,Winke,1.1,0.13073985002887845,0.010752688172043012,L2R.L2G,3009
Winke (2013),96,L2R,L2P,1,1,1,1,0.04,Adolescent/Adult,FL,IL,,Basic,2013,Winke,1.1,0.04002135383676822,0.010752688172043012,L2R.L2P,3010
Winke (2013),96,L2R,L2M,1,1,1,1,,Adolescent/Adult,FL,IL,,Basic,2013,Winke,1.1,,0.010752688172043012,L2R.L2M,3011
Winke (2013),96,L2R,L2L,1,1,1,1,0.59,Adolescent/Adult,FL,IL,,Basic,2013,Winke,1.1,0.6776660677579618,0.010752688172043012,L2R.L2L,3012
Winke (2013),96,L2DA,L2DF,1,1,1,1,,Adolescent/Adult,FL,IL,,Basic,2013,Winke,1.1,,0.010752688172043012,L2DA.L2DF,3013
Winke (2013),96,L2DA,L2V,1,1,1,1,,Adolescent/Adult,FL,IL,,Basic,2013,Winke,1.1,,0.010752688172043012,L2DA.L2V,3014
Winke (2013),96,L2DA,L2G,1,1,1,1,,Adolescent/Adult,FL,IL,,Basic,2013,Winke,1.1,,0.010752688172043012,L2DA.L2G,3015
Winke (2013),96,L2DA,L2P,1,1,1,1,,Adolescent/Adult,FL,IL,,Basic,2013,Winke,1.1,,0.010752688172043012,L2DA.L2P,3016
Winke (2013),96,L2DA,L2M,1,1,1,1,,Adolescent/Adult,FL,IL,,Basic,2013,Winke,1.1,,0.010752688172043012,L2DA.L2M,3017
Winke (2013),96,L2DA,L2L,1,1,1,1,,Adolescent/Adult,FL,IL,,Basic,2013,Winke,1.1,,0.010752688172043012,L2DA.L2L,3018
Winke (2013),96,L2DF,L2V,1,1,1,1,,Adolescent/Adult,FL,IL,,Basic,2013,Winke,1.1,,0.010752688172043012,L2DF.L2V,3019
Winke (2013),96,L2DF,L2G,1,1,1,1,,Adolescent/Adult,FL,IL,,Basic,2013,Winke,1.1,,0.010752688172043012,L2DF.L2G,3020
Winke (2013),96,L2DF,L2P,1,1,1,1,,Adolescent/Adult,FL,IL,,Basic,2013,Winke,1.1,,0.010752688172043012,L2DF.L2P,3021
Winke (2013),96,L2DF,L2M,1,1,1,1,,Adolescent/Adult,FL,IL,,Basic,2013,Winke,1.1,,0.010752688172043012,L2DF.L2M,3022
Winke (2013),96,L2DF,L2L,1,1,1,1,,Adolescent/Adult,FL,IL,,Basic,2013,Winke,1.1,,0.010752688172043012,L2DF.L2L,3023
Winke (2013),96,L2V,L2G,1,1,1,1,,Adolescent/Adult,FL,IL,,Basic,2013,Winke,1.1,,0.010752688172043012,L2V.L2G,3024
Winke (2013),96,L2V,L2P,1,1,1,1,,Adolescent/Adult,FL,IL,,Basic,2013,Winke,1.1,,0.010752688172043012,L2V.L2P,3025
Winke (2013),96,L2V,L2M,1,1,1,1,,Adolescent/Adult,FL,IL,,Basic,2013,Winke,1.1,,0.010752688172043012,L2V.L2M,3026
Winke (2013),96,L2V,L2L,1,1,1,1,,Adolescent/Adult,FL,IL,,Basic,2013,Winke,1.1,,0.010752688172043012,L2V.L2L,3027
Winke (2013),96,L2G,L2P,1,1,1,1,0.01,Adolescent/Adult,FL,IL,,Basic,2013,Winke,1.1,0.010000333353334763,0.010752688172043012,L2G.L2P,3028
Winke (2013),96,L2G,L2M,1,1,1,1,,Adolescent/Adult,FL,IL,,Basic,2013,Winke,1.1,,0.010752688172043012,L2G.L2M,3029
Winke (2013),96,L2G,L2L,1,1,1,1,0.15,Adolescent/Adult,FL,IL,,Basic,2013,Winke,1.1,0.15114043593646684,0.010752688172043012,L2G.L2L,3030
Winke (2013),96,L2P,L2M,1,1,1,1,,Adolescent/Adult,FL,IL,,Basic,2013,Winke,1.1,,0.010752688172043012,L2P.L2M,3031
Winke (2013),96,L2P,L2L,1,1,1,1,0.09,Adolescent/Adult,FL,IL,,Basic,2013,Winke,1.1,0.09024418785614682,0.010752688172043012,L2P.L2L,3032
Winke (2013),96,L2M,L2L,1,1,1,1,,Adolescent/Adult,FL,IL,,Basic,2013,Winke,1.1,,0.010752688172043012,L2M.L2L,3033
Xue & Jiang (2017),139,L2R,L2DA,1,1,1,1,0.25,Adolescent/Adult,FL,IL,AL,Beyond,2017,Xue & Jiang,1.1,0.2554128118829953,0.007352941176470588,L2R.L2DA,3034
Xue & Jiang (2017),139,L2R,L2DF,1,1,1,1,,Adolescent/Adult,FL,IL,AL,Beyond,2017,Xue & Jiang,1.1,,0.007352941176470588,L2R.L2DF,3035
Xue & Jiang (2017),139,L2R,L2V,1,1,1,1,,Adolescent/Adult,FL,IL,AL,Beyond,2017,Xue & Jiang,1.1,,0.007352941176470588,L2R.L2V,3036
Xue & Jiang (2017),139,L2R,L2G,1,1,1,1,,Adolescent/Adult,FL,IL,AL,Beyond,2017,Xue & Jiang,1.1,,0.007352941176470588,L2R.L2G,3037
Xue & Jiang (2017),139,L2R,L2P,1,1,1,1,,Adolescent/Adult,FL,IL,AL,Beyond,2017,Xue & Jiang,1.1,,0.007352941176470588,L2R.L2P,3038
Xue & Jiang (2017),139,L2R,L2M,1,1,1,1,0.35,Adolescent/Adult,FL,IL,AL,Beyond,2017,Xue & Jiang,1.1,0.3654437542713961,0.007352941176470588,L2R.L2M,3039
Xue & Jiang (2017),139,L2R,L2M,1,1,1,2,0.13,Adolescent/Adult,FL,IL,AL,Beyond,2017,Xue & Jiang,1.2,0.13073985002887845,0.007352941176470588,L2R.L2M,3040
Xue & Jiang (2017),139,L2R,L2L,1,1,1,1,,Adolescent/Adult,FL,IL,AL,Beyond,2017,Xue & Jiang,1.1,,0.007352941176470588,L2R.L2L,3041
Xue & Jiang (2017),139,L2DA,L2DF,1,1,1,1,,Adolescent/Adult,FL,IL,AL,Beyond,2017,Xue & Jiang,1.1,,0.007352941176470588,L2DA.L2DF,3042
Xue & Jiang (2017),139,L2DA,L2V,1,1,1,1,,Adolescent/Adult,FL,IL,AL,Beyond,2017,Xue & Jiang,1.1,,0.007352941176470588,L2DA.L2V,3043
Xue & Jiang (2017),139,L2DA,L2G,1,1,1,1,,Adolescent/Adult,FL,IL,AL,Beyond,2017,Xue & Jiang,1.1,,0.007352941176470588,L2DA.L2G,3044
Xue & Jiang (2017),139,L2DA,L2P,1,1,1,1,,Adolescent/Adult,FL,IL,AL,Beyond,2017,Xue & Jiang,1.1,,0.007352941176470588,L2DA.L2P,3045
Xue & Jiang (2017),139,L2DA,L2M,1,1,1,1,0.33,Adolescent/Adult,FL,IL,AL,Beyond,2017,Xue & Jiang,1.1,0.3428282544153939,0.007352941176470588,L2DA.L2M,3046
Xue & Jiang (2017),139,L2DA,L2M,1,1,1,2,0.14,Adolescent/Adult,FL,IL,AL,Beyond,2017,Xue & Jiang,1.2,0.1409255760704939,0.007352941176470588,L2DA.L2M,3047
Xue & Jiang (2017),139,L2DA,L2L,1,1,1,1,,Adolescent/Adult,FL,IL,AL,Beyond,2017,Xue & Jiang,1.1,,0.007352941176470588,L2DA.L2L,3048
Xue & Jiang (2017),139,L2DF,L2V,1,1,1,1,,Adolescent/Adult,FL,IL,AL,Beyond,2017,Xue & Jiang,1.1,,0.007352941176470588,L2DF.L2V,3049
Xue & Jiang (2017),139,L2DF,L2G,1,1,1,1,,Adolescent/Adult,FL,IL,AL,Beyond,2017,Xue & Jiang,1.1,,0.007352941176470588,L2DF.L2G,3050
Xue & Jiang (2017),139,L2DF,L2P,1,1,1,1,,Adolescent/Adult,FL,IL,AL,Beyond,2017,Xue & Jiang,1.1,,0.007352941176470588,L2DF.L2P,3051
Xue & Jiang (2017),139,L2DF,L2M,1,1,1,1,,Adolescent/Adult,FL,IL,AL,Beyond,2017,Xue & Jiang,1.1,,0.007352941176470588,L2DF.L2M,3052
Xue & Jiang (2017),139,L2DF,L2M,1,1,1,2,,Adolescent/Adult,FL,IL,AL,Beyond,2017,Xue & Jiang,1.2,,0.007352941176470588,L2DF.L2M,3053
Xue & Jiang (2017),139,L2DF,L2L,1,1,1,1,,Adolescent/Adult,FL,IL,AL,Beyond,2017,Xue & Jiang,1.1,,0.007352941176470588,L2DF.L2L,3054
Xue & Jiang (2017),139,L2V,L2G,1,1,1,1,,Adolescent/Adult,FL,IL,AL,Beyond,2017,Xue & Jiang,1.1,,0.007352941176470588,L2V.L2G,3055
Xue & Jiang (2017),139,L2V,L2P,1,1,1,1,,Adolescent/Adult,FL,IL,AL,Beyond,2017,Xue & Jiang,1.1,,0.007352941176470588,L2V.L2P,3056
Xue & Jiang (2017),139,L2V,L2M,1,1,1,1,,Adolescent/Adult,FL,IL,AL,Beyond,2017,Xue & Jiang,1.1,,0.007352941176470588,L2V.L2M,3057
Xue & Jiang (2017),139,L2V,L2M,1,1,1,2,,Adolescent/Adult,FL,IL,AL,Beyond,2017,Xue & Jiang,1.2,,0.007352941176470588,L2V.L2M,3058
Xue & Jiang (2017),139,L2V,L2L,1,1,1,1,,Adolescent/Adult,FL,IL,AL,Beyond,2017,Xue & Jiang,1.1,,0.007352941176470588,L2V.L2L,3059
Xue & Jiang (2017),139,L2G,L2P,1,1,1,1,,Adolescent/Adult,FL,IL,AL,Beyond,2017,Xue & Jiang,1.1,,0.007352941176470588,L2G.L2P,3060
Xue & Jiang (2017),139,L2G,L2M,1,1,1,1,,Adolescent/Adult,FL,IL,AL,Beyond,2017,Xue & Jiang,1.1,,0.007352941176470588,L2G.L2M,3061
Xue & Jiang (2017),139,L2G,L2M,1,1,1,2,,Adolescent/Adult,FL,IL,AL,Beyond,2017,Xue & Jiang,1.2,,0.007352941176470588,L2G.L2M,3062
Xue & Jiang (2017),139,L2G,L2L,1,1,1,1,,Adolescent/Adult,FL,IL,AL,Beyond,2017,Xue & Jiang,1.1,,0.007352941176470588,L2G.L2L,3063
Xue & Jiang (2017),139,L2P,L2M,1,1,1,1,,Adolescent/Adult,FL,IL,AL,Beyond,2017,Xue & Jiang,1.1,,0.007352941176470588,L2P.L2M,3064
Xue & Jiang (2017),139,L2P,L2M,1,1,1,2,,Adolescent/Adult,FL,IL,AL,Beyond,2017,Xue & Jiang,1.2,,0.007352941176470588,L2P.L2M,3065
Xue & Jiang (2017),139,L2P,L2L,1,1,1,1,,Adolescent/Adult,FL,IL,AL,Beyond,2017,Xue & Jiang,1.1,,0.007352941176470588,L2P.L2L,3066
Xue & Jiang (2017),139,L2M,L2M,1,1,1,2,0.26,Adolescent/Adult,FL,IL,AL,Beyond,2017,Xue & Jiang,1.2,0.2661084068736541,0.007352941176470588,L2M.L2M,3067
Xue & Jiang (2017),139,L2M,L2L,1,1,1,1,,Adolescent/Adult,FL,IL,AL,Beyond,2017,Xue & Jiang,1.1,,0.007352941176470588,L2M.L2L,3068
Xue & Jiang (2017),139,L2M,L2L,1,1,1,2,,Adolescent/Adult,FL,IL,AL,Beyond,2017,Xue & Jiang,1.2,,0.007352941176470588,L2M.L2L,3069
Xue & Jiang (2017),139,L2R,L2DA,1,2,1,1,0.16,Adolescent/Adult,FL,IL,AL,Beyond,2017,Xue & Jiang,1.1,0.1613866961315255,0.007352941176470588,L2R.L2DA,3070
Xue & Jiang (2017),139,L2R,L2DF,1,2,1,1,,Adolescent/Adult,FL,IL,AL,Beyond,2017,Xue & Jiang,1.1,,0.007352941176470588,L2R.L2DF,3071
Xue & Jiang (2017),139,L2R,L2V,1,2,1,1,,Adolescent/Adult,FL,IL,AL,Beyond,2017,Xue & Jiang,1.1,,0.007352941176470588,L2R.L2V,3072
Xue & Jiang (2017),139,L2R,L2G,1,2,1,1,,Adolescent/Adult,FL,IL,AL,Beyond,2017,Xue & Jiang,1.1,,0.007352941176470588,L2R.L2G,3073
Xue & Jiang (2017),139,L2R,L2P,1,2,1,1,,Adolescent/Adult,FL,IL,AL,Beyond,2017,Xue & Jiang,1.1,,0.007352941176470588,L2R.L2P,3074
Xue & Jiang (2017),139,L2R,L2M,1,2,1,1,0.39,Adolescent/Adult,FL,IL,AL,Beyond,2017,Xue & Jiang,1.1,0.4118000344786903,0.007352941176470588,L2R.L2M,3075
Xue & Jiang (2017),139,L2R,L2M,1,2,1,2,0.35,Adolescent/Adult,FL,IL,AL,Beyond,2017,Xue & Jiang,1.2,0.3654437542713961,0.007352941176470588,L2R.L2M,3076
Xue & Jiang (2017),139,L2R,L2L,1,2,1,1,,Adolescent/Adult,FL,IL,AL,Beyond,2017,Xue & Jiang,1.1,,0.007352941176470588,L2R.L2L,3077
Xue & Jiang (2017),139,L2DA,L2DF,1,2,1,1,,Adolescent/Adult,FL,IL,AL,Beyond,2017,Xue & Jiang,1.1,,0.007352941176470588,L2DA.L2DF,3078
Xue & Jiang (2017),139,L2DA,L2V,1,2,1,1,,Adolescent/Adult,FL,IL,AL,Beyond,2017,Xue & Jiang,1.1,,0.007352941176470588,L2DA.L2V,3079
Xue & Jiang (2017),139,L2DA,L2G,1,2,1,1,,Adolescent/Adult,FL,IL,AL,Beyond,2017,Xue & Jiang,1.1,,0.007352941176470588,L2DA.L2G,3080
Xue & Jiang (2017),139,L2DA,L2P,1,2,1,1,,Adolescent/Adult,FL,IL,AL,Beyond,2017,Xue & Jiang,1.1,,0.007352941176470588,L2DA.L2P,3081
Xue & Jiang (2017),139,L2DA,L2M,1,2,1,1,0.32,Adolescent/Adult,FL,IL,AL,Beyond,2017,Xue & Jiang,1.1,0.33164710870513214,0.007352941176470588,L2DA.L2M,3082
Xue & Jiang (2017),139,L2DA,L2M,1,2,1,2,0.25,Adolescent/Adult,FL,IL,AL,Beyond,2017,Xue & Jiang,1.2,0.2554128118829953,0.007352941176470588,L2DA.L2M,3083
Xue & Jiang (2017),139,L2DA,L2L,1,2,1,1,,Adolescent/Adult,FL,IL,AL,Beyond,2017,Xue & Jiang,1.1,,0.007352941176470588,L2DA.L2L,3084
Xue & Jiang (2017),139,L2DF,L2V,1,2,1,1,,Adolescent/Adult,FL,IL,AL,Beyond,2017,Xue & Jiang,1.1,,0.007352941176470588,L2DF.L2V,3085
Xue & Jiang (2017),139,L2DF,L2G,1,2,1,1,,Adolescent/Adult,FL,IL,AL,Beyond,2017,Xue & Jiang,1.1,,0.007352941176470588,L2DF.L2G,3086
Xue & Jiang (2017),139,L2DF,L2P,1,2,1,1,,Adolescent/Adult,FL,IL,AL,Beyond,2017,Xue & Jiang,1.1,,0.007352941176470588,L2DF.L2P,3087
Xue & Jiang (2017),139,L2DF,L2M,1,2,1,1,,Adolescent/Adult,FL,IL,AL,Beyond,2017,Xue & Jiang,1.1,,0.007352941176470588,L2DF.L2M,3088
Xue & Jiang (2017),139,L2DF,L2M,1,2,1,2,,Adolescent/Adult,FL,IL,AL,Beyond,2017,Xue & Jiang,1.2,,0.007352941176470588,L2DF.L2M,3089
Xue & Jiang (2017),139,L2DF,L2L,1,2,1,1,,Adolescent/Adult,FL,IL,AL,Beyond,2017,Xue & Jiang,1.1,,0.007352941176470588,L2DF.L2L,3090
Xue & Jiang (2017),139,L2V,L2G,1,2,1,1,,Adolescent/Adult,FL,IL,AL,Beyond,2017,Xue & Jiang,1.1,,0.007352941176470588,L2V.L2G,3091
Xue & Jiang (2017),139,L2V,L2P,1,2,1,1,,Adolescent/Adult,FL,IL,AL,Beyond,2017,Xue & Jiang,1.1,,0.007352941176470588,L2V.L2P,3092
Xue & Jiang (2017),139,L2V,L2M,1,2,1,1,,Adolescent/Adult,FL,IL,AL,Beyond,2017,Xue & Jiang,1.1,,0.007352941176470588,L2V.L2M,3093
Xue & Jiang (2017),139,L2V,L2M,1,2,1,2,,Adolescent/Adult,FL,IL,AL,Beyond,2017,Xue & Jiang,1.2,,0.007352941176470588,L2V.L2M,3094
Xue & Jiang (2017),139,L2V,L2L,1,2,1,1,,Adolescent/Adult,FL,IL,AL,Beyond,2017,Xue & Jiang,1.1,,0.007352941176470588,L2V.L2L,3095
Xue & Jiang (2017),139,L2G,L2P,1,2,1,1,,Adolescent/Adult,FL,IL,AL,Beyond,2017,Xue & Jiang,1.1,,0.007352941176470588,L2G.L2P,3096
Xue & Jiang (2017),139,L2G,L2M,1,2,1,1,,Adolescent/Adult,FL,IL,AL,Beyond,2017,Xue & Jiang,1.1,,0.007352941176470588,L2G.L2M,3097
Xue & Jiang (2017),139,L2G,L2M,1,2,1,2,,Adolescent/Adult,FL,IL,AL,Beyond,2017,Xue & Jiang,1.2,,0.007352941176470588,L2G.L2M,3098
Xue & Jiang (2017),139,L2G,L2L,1,2,1,1,,Adolescent/Adult,FL,IL,AL,Beyond,2017,Xue & Jiang,1.1,,0.007352941176470588,L2G.L2L,3099
Xue & Jiang (2017),139,L2P,L2M,1,2,1,1,,Adolescent/Adult,FL,IL,AL,Beyond,2017,Xue & Jiang,1.1,,0.007352941176470588,L2P.L2M,3100
Xue & Jiang (2017),139,L2P,L2M,1,2,1,2,,Adolescent/Adult,FL,IL,AL,Beyond,2017,Xue & Jiang,1.2,,0.007352941176470588,L2P.L2M,3101
Xue & Jiang (2017),139,L2P,L2L,1,2,1,1,,Adolescent/Adult,FL,IL,AL,Beyond,2017,Xue & Jiang,1.1,,0.007352941176470588,L2P.L2L,3102
Xue & Jiang (2017),139,L2M,L2M,1,2,1,2,0.12,Adolescent/Adult,FL,IL,AL,Beyond,2017,Xue & Jiang,1.2,0.12058102840844402,0.007352941176470588,L2M.L2M,3103
Xue & Jiang (2017),139,L2M,L2L,1,2,1,1,,Adolescent/Adult,FL,IL,AL,Beyond,2017,Xue & Jiang,1.1,,0.007352941176470588,L2M.L2L,3104
Xue & Jiang (2017),139,L2M,L2L,1,2,1,2,,Adolescent/Adult,FL,IL,AL,Beyond,2017,Xue & Jiang,1.2,,0.007352941176470588,L2M.L2L,3105
Yamashita & Shiotsu (2017),209,L2R,L2R,1,1,1,2,0.09,Adolescent/Adult,FL,IL,AM,Beyond,2017,Yamashita & Shiotsu,1.2,0.09024418785614682,0.0048543689320388345,L2R.L2R,3106
Yamashita & Shiotsu (2017),209,L2R,L2R,1,1,1,3,0.22,Adolescent/Adult,FL,IL,AM,Beyond,2017,Yamashita & Shiotsu,1.3,0.22365610902183242,0.0048543689320388345,L2R.L2R,3107
Yamashita & Shiotsu (2017),209,L2R,L2R,1,1,2,3,0.49,Adolescent/Adult,FL,IL,AM,Beyond,2017,Yamashita & Shiotsu,2.3,0.5360603366105666,0.0048543689320388345,L2R.L2R,3108
Yamashita & Shiotsu (2017),209,L2R,L2DA,1,1,1,1,,Adolescent/Adult,FL,IL,AM,Beyond,2017,Yamashita & Shiotsu,1.1,,0.0048543689320388345,L2R.L2DA,3109
Yamashita & Shiotsu (2017),209,L2R,L2DA,1,1,2,1,,Adolescent/Adult,FL,IL,AM,Beyond,2017,Yamashita & Shiotsu,2.1,,0.0048543689320388345,L2R.L2DA,3110
Yamashita & Shiotsu (2017),209,L2R,L2DA,1,1,3,1,,Adolescent/Adult,FL,IL,AM,Beyond,2017,Yamashita & Shiotsu,3.1,,0.0048543689320388345,L2R.L2DA,3111
Yamashita & Shiotsu (2017),209,L2R,L2DF,1,1,1,1,,Adolescent/Adult,FL,IL,AM,Beyond,2017,Yamashita & Shiotsu,1.1,,0.0048543689320388345,L2R.L2DF,3112
Yamashita & Shiotsu (2017),209,L2R,L2DF,1,1,2,1,,Adolescent/Adult,FL,IL,AM,Beyond,2017,Yamashita & Shiotsu,2.1,,0.0048543689320388345,L2R.L2DF,3113
Yamashita & Shiotsu (2017),209,L2R,L2DF,1,1,3,1,,Adolescent/Adult,FL,IL,AM,Beyond,2017,Yamashita & Shiotsu,3.1,,0.0048543689320388345,L2R.L2DF,3114
Yamashita & Shiotsu (2017),209,L2R,L2V,1,1,1,1,0.11,Adolescent/Adult,FL,IL,AM,Beyond,2017,Yamashita & Shiotsu,1.1,0.11044691579009715,0.0048543689320388345,L2R.L2V,3115
Yamashita & Shiotsu (2017),209,L2R,L2V,1,1,2,1,0.39,Adolescent/Adult,FL,IL,AM,Beyond,2017,Yamashita & Shiotsu,2.1,0.4118000344786903,0.0048543689320388345,L2R.L2V,3116
Yamashita & Shiotsu (2017),209,L2R,L2V,1,1,3,1,0.37,Adolescent/Adult,FL,IL,AM,Beyond,2017,Yamashita & Shiotsu,3.1,0.3884230997182962,0.0048543689320388345,L2R.L2V,3117
Yamashita & Shiotsu (2017),209,L2R,L2V,1,1,1,2,0.16,Adolescent/Adult,FL,IL,AM,Beyond,2017,Yamashita & Shiotsu,1.2,0.1613866961315255,0.0048543689320388345,L2R.L2V,3118
Yamashita & Shiotsu (2017),209,L2R,L2V,1,1,2,2,0.33,Adolescent/Adult,FL,IL,AM,Beyond,2017,Yamashita & Shiotsu,2.2,0.3428282544153939,0.0048543689320388345,L2R.L2V,3119
Yamashita & Shiotsu (2017),209,L2R,L2V,1,1,3,2,0.4,Adolescent/Adult,FL,IL,AM,Beyond,2017,Yamashita & Shiotsu,3.2,0.42364893019360184,0.0048543689320388345,L2R.L2V,3120
Yamashita & Shiotsu (2017),209,L2R,L2V,1,1,1,3,0.3,Adolescent/Adult,FL,IL,AM,Beyond,2017,Yamashita & Shiotsu,1.3,0.30951960420311175,0.0048543689320388345,L2R.L2V,3121
Yamashita & Shiotsu (2017),209,L2R,L2V,1,1,2,3,0.34,Adolescent/Adult,FL,IL,AM,Beyond,2017,Yamashita & Shiotsu,2.3,0.3540925289622429,0.0048543689320388345,L2R.L2V,3122
Yamashita & Shiotsu (2017),209,L2R,L2V,1,1,3,3,0.44,Adolescent/Adult,FL,IL,AM,Beyond,2017,Yamashita & Shiotsu,3.3,0.47223080442042564,0.0048543689320388345,L2R.L2V,3123
Yamashita & Shiotsu (2017),209,L2R,L2V,1,1,1,4,0.25,Adolescent/Adult,FL,IL,AM,Beyond,2017,Yamashita & Shiotsu,1.4,0.2554128118829953,0.0048543689320388345,L2R.L2V,3124
Yamashita & Shiotsu (2017),209,L2R,L2V,1,1,2,4,0.39,Adolescent/Adult,FL,IL,AM,Beyond,2017,Yamashita & Shiotsu,2.4,0.4118000344786903,0.0048543689320388345,L2R.L2V,3125
Yamashita & Shiotsu (2017),209,L2R,L2V,1,1,3,4,0.45,Adolescent/Adult,FL,IL,AM,Beyond,2017,Yamashita & Shiotsu,3.4,0.48470027859405174,0.0048543689320388345,L2R.L2V,3126
Yamashita & Shiotsu (2017),209,L2R,L2V,1,1,1,5,0.13,Adolescent/Adult,FL,IL,AM,Beyond,2017,Yamashita & Shiotsu,1.5,0.13073985002887845,0.0048543689320388345,L2R.L2V,3127
Yamashita & Shiotsu (2017),209,L2R,L2V,1,1,2,5,0.28,Adolescent/Adult,FL,IL,AM,Beyond,2017,Yamashita & Shiotsu,2.5,0.28768207245178096,0.0048543689320388345,L2R.L2V,3128
Yamashita & Shiotsu (2017),209,L2R,L2V,1,1,3,5,0.3,Adolescent/Adult,FL,IL,AM,Beyond,2017,Yamashita & Shiotsu,3.5,0.30951960420311175,0.0048543689320388345,L2R.L2V,3129
Yamashita & Shiotsu (2017),209,L2R,L2V,1,1,1,6,0.34,Adolescent/Adult,FL,IL,AM,Beyond,2017,Yamashita & Shiotsu,1.6,0.3540925289622429,0.0048543689320388345,L2R.L2V,3130
Yamashita & Shiotsu (2017),209,L2R,L2V,1,1,2,6,0.2,Adolescent/Adult,FL,IL,AM,Beyond,2017,Yamashita & Shiotsu,2.6,0.2027325540540822,0.0048543689320388345,L2R.L2V,3131
Yamashita & Shiotsu (2017),209,L2R,L2V,1,1,3,6,0.33,Adolescent/Adult,FL,IL,AM,Beyond,2017,Yamashita & Shiotsu,3.6,0.3428282544153939,0.0048543689320388345,L2R.L2V,3132
Yamashita & Shiotsu (2017),209,L2R,L2G,1,1,1,1,,Adolescent/Adult,FL,IL,AM,Beyond,2017,Yamashita & Shiotsu,1.1,,0.0048543689320388345,L2R.L2G,3133
Yamashita & Shiotsu (2017),209,L2R,L2G,1,1,2,1,,Adolescent/Adult,FL,IL,AM,Beyond,2017,Yamashita & Shiotsu,2.1,,0.0048543689320388345,L2R.L2G,3134
Yamashita & Shiotsu (2017),209,L2R,L2G,1,1,3,1,,Adolescent/Adult,FL,IL,AM,Beyond,2017,Yamashita & Shiotsu,3.1,,0.0048543689320388345,L2R.L2G,3135
Yamashita & Shiotsu (2017),209,L2R,L2P,1,1,1,1,,Adolescent/Adult,FL,IL,AM,Beyond,2017,Yamashita & Shiotsu,1.1,,0.0048543689320388345,L2R.L2P,3136
Yamashita & Shiotsu (2017),209,L2R,L2P,1,1,2,1,,Adolescent/Adult,FL,IL,AM,Beyond,2017,Yamashita & Shiotsu,2.1,,0.0048543689320388345,L2R.L2P,3137
Yamashita & Shiotsu (2017),209,L2R,L2P,1,1,3,1,,Adolescent/Adult,FL,IL,AM,Beyond,2017,Yamashita & Shiotsu,3.1,,0.0048543689320388345,L2R.L2P,3138
Yamashita & Shiotsu (2017),209,L2R,L2M,1,1,1,1,,Adolescent/Adult,FL,IL,AM,Beyond,2017,Yamashita & Shiotsu,1.1,,0.0048543689320388345,L2R.L2M,3139
Yamashita & Shiotsu (2017),209,L2R,L2M,1,1,2,1,,Adolescent/Adult,FL,IL,AM,Beyond,2017,Yamashita & Shiotsu,2.1,,0.0048543689320388345,L2R.L2M,3140
Yamashita & Shiotsu (2017),209,L2R,L2M,1,1,3,1,,Adolescent/Adult,FL,IL,AM,Beyond,2017,Yamashita & Shiotsu,3.1,,0.0048543689320388345,L2R.L2M,3141
Yamashita & Shiotsu (2017),209,L2R,L2L,1,1,1,1,0.18,Adolescent/Adult,FL,IL,AM,Beyond,2017,Yamashita & Shiotsu,1.1,0.1819826886007058,0.0048543689320388345,L2R.L2L,3142
Yamashita & Shiotsu (2017),209,L2R,L2L,1,1,2,1,0.35,Adolescent/Adult,FL,IL,AM,Beyond,2017,Yamashita & Shiotsu,2.1,0.3654437542713961,0.0048543689320388345,L2R.L2L,3143
Yamashita & Shiotsu (2017),209,L2R,L2L,1,1,3,1,0.42,Adolescent/Adult,FL,IL,AM,Beyond,2017,Yamashita & Shiotsu,3.1,0.44769202352742066,0.0048543689320388345,L2R.L2L,3144
Yamashita & Shiotsu (2017),209,L2R,L2L,1,1,1,2,0.06,Adolescent/Adult,FL,IL,AM,Beyond,2017,Yamashita & Shiotsu,1.2,0.06007215592103162,0.0048543689320388345,L2R.L2L,3145
Yamashita & Shiotsu (2017),209,L2R,L2L,1,1,2,2,0.24,Adolescent/Adult,FL,IL,AM,Beyond,2017,Yamashita & Shiotsu,2.2,0.2447741126593529,0.0048543689320388345,L2R.L2L,3146
Yamashita & Shiotsu (2017),209,L2R,L2L,1,1,3,2,0.22,Adolescent/Adult,FL,IL,AM,Beyond,2017,Yamashita & Shiotsu,3.2,0.22365610902183242,0.0048543689320388345,L2R.L2L,3147
Yamashita & Shiotsu (2017),209,L2R,L2L,1,1,1,3,0.11,Adolescent/Adult,FL,IL,AM,Beyond,2017,Yamashita & Shiotsu,1.3,0.11044691579009715,0.0048543689320388345,L2R.L2L,3148
Yamashita & Shiotsu (2017),209,L2R,L2L,1,1,2,3,0.26,Adolescent/Adult,FL,IL,AM,Beyond,2017,Yamashita & Shiotsu,2.3,0.2661084068736541,0.0048543689320388345,L2R.L2L,3149
Yamashita & Shiotsu (2017),209,L2R,L2L,1,1,3,3,0.28,Adolescent/Adult,FL,IL,AM,Beyond,2017,Yamashita & Shiotsu,3.3,0.28768207245178096,0.0048543689320388345,L2R.L2L,3150
Yamashita & Shiotsu (2017),209,L2DA,L2DF,1,1,1,1,,Adolescent/Adult,FL,IL,AM,Beyond,2017,Yamashita & Shiotsu,1.1,,0.0048543689320388345,L2DA.L2DF,3151
Yamashita & Shiotsu (2017),209,L2DA,L2V,1,1,1,1,,Adolescent/Adult,FL,IL,AM,Beyond,2017,Yamashita & Shiotsu,1.1,,0.0048543689320388345,L2DA.L2V,3152
Yamashita & Shiotsu (2017),209,L2DA,L2V,1,1,1,2,,Adolescent/Adult,FL,IL,AM,Beyond,2017,Yamashita & Shiotsu,1.2,,0.0048543689320388345,L2DA.L2V,3153
Yamashita & Shiotsu (2017),209,L2DA,L2V,1,1,1,3,,Adolescent/Adult,FL,IL,AM,Beyond,2017,Yamashita & Shiotsu,1.3,,0.0048543689320388345,L2DA.L2V,3154
Yamashita & Shiotsu (2017),209,L2DA,L2V,1,1,1,4,,Adolescent/Adult,FL,IL,AM,Beyond,2017,Yamashita & Shiotsu,1.4,,0.0048543689320388345,L2DA.L2V,3155
Yamashita & Shiotsu (2017),209,L2DA,L2V,1,1,1,5,,Adolescent/Adult,FL,IL,AM,Beyond,2017,Yamashita & Shiotsu,1.5,,0.0048543689320388345,L2DA.L2V,3156
Yamashita & Shiotsu (2017),209,L2DA,L2V,1,1,1,6,,Adolescent/Adult,FL,IL,AM,Beyond,2017,Yamashita & Shiotsu,1.6,,0.0048543689320388345,L2DA.L2V,3157
Yamashita & Shiotsu (2017),209,L2DA,L2G,1,1,1,1,,Adolescent/Adult,FL,IL,AM,Beyond,2017,Yamashita & Shiotsu,1.1,,0.0048543689320388345,L2DA.L2G,3158
Yamashita & Shiotsu (2017),209,L2DA,L2P,1,1,1,1,,Adolescent/Adult,FL,IL,AM,Beyond,2017,Yamashita & Shiotsu,1.1,,0.0048543689320388345,L2DA.L2P,3159
Yamashita & Shiotsu (2017),209,L2DA,L2M,1,1,1,1,,Adolescent/Adult,FL,IL,AM,Beyond,2017,Yamashita & Shiotsu,1.1,,0.0048543689320388345,L2DA.L2M,3160
Yamashita & Shiotsu (2017),209,L2DA,L2L,1,1,1,1,,Adolescent/Adult,FL,IL,AM,Beyond,2017,Yamashita & Shiotsu,1.1,,0.0048543689320388345,L2DA.L2L,3161
Yamashita & Shiotsu (2017),209,L2DA,L2L,1,1,1,2,,Adolescent/Adult,FL,IL,AM,Beyond,2017,Yamashita & Shiotsu,1.2,,0.0048543689320388345,L2DA.L2L,3162
Yamashita & Shiotsu (2017),209,L2DA,L2L,1,1,1,3,,Adolescent/Adult,FL,IL,AM,Beyond,2017,Yamashita & Shiotsu,1.3,,0.0048543689320388345,L2DA.L2L,3163
Yamashita & Shiotsu (2017),209,L2DF,L2V,1,1,1,1,,Adolescent/Adult,FL,IL,AM,Beyond,2017,Yamashita & Shiotsu,1.1,,0.0048543689320388345,L2DF.L2V,3164
Yamashita & Shiotsu (2017),209,L2DF,L2V,1,1,1,2,,Adolescent/Adult,FL,IL,AM,Beyond,2017,Yamashita & Shiotsu,1.2,,0.0048543689320388345,L2DF.L2V,3165
Yamashita & Shiotsu (2017),209,L2DF,L2V,1,1,1,3,,Adolescent/Adult,FL,IL,AM,Beyond,2017,Yamashita & Shiotsu,1.3,,0.0048543689320388345,L2DF.L2V,3166
Yamashita & Shiotsu (2017),209,L2DF,L2V,1,1,1,4,,Adolescent/Adult,FL,IL,AM,Beyond,2017,Yamashita & Shiotsu,1.4,,0.0048543689320388345,L2DF.L2V,3167
Yamashita & Shiotsu (2017),209,L2DF,L2V,1,1,1,5,,Adolescent/Adult,FL,IL,AM,Beyond,2017,Yamashita & Shiotsu,1.5,,0.0048543689320388345,L2DF.L2V,3168
Yamashita & Shiotsu (2017),209,L2DF,L2V,1,1,1,6,,Adolescent/Adult,FL,IL,AM,Beyond,2017,Yamashita & Shiotsu,1.6,,0.0048543689320388345,L2DF.L2V,3169
Yamashita & Shiotsu (2017),209,L2DF,L2G,1,1,1,1,,Adolescent/Adult,FL,IL,AM,Beyond,2017,Yamashita & Shiotsu,1.1,,0.0048543689320388345,L2DF.L2G,3170
Yamashita & Shiotsu (2017),209,L2DF,L2P,1,1,1,1,,Adolescent/Adult,FL,IL,AM,Beyond,2017,Yamashita & Shiotsu,1.1,,0.0048543689320388345,L2DF.L2P,3171
Yamashita & Shiotsu (2017),209,L2DF,L2M,1,1,1,1,,Adolescent/Adult,FL,IL,AM,Beyond,2017,Yamashita & Shiotsu,1.1,,0.0048543689320388345,L2DF.L2M,3172
Yamashita & Shiotsu (2017),209,L2DF,L2L,1,1,1,1,,Adolescent/Adult,FL,IL,AM,Beyond,2017,Yamashita & Shiotsu,1.1,,0.0048543689320388345,L2DF.L2L,3173
Yamashita & Shiotsu (2017),209,L2DF,L2L,1,1,1,2,,Adolescent/Adult,FL,IL,AM,Beyond,2017,Yamashita & Shiotsu,1.2,,0.0048543689320388345,L2DF.L2L,3174
Yamashita & Shiotsu (2017),209,L2DF,L2L,1,1,1,3,,Adolescent/Adult,FL,IL,AM,Beyond,2017,Yamashita & Shiotsu,1.3,,0.0048543689320388345,L2DF.L2L,3175
Yamashita & Shiotsu (2017),209,L2V,L2G,1,1,1,1,,Adolescent/Adult,FL,IL,AM,Beyond,2017,Yamashita & Shiotsu,1.1,,0.0048543689320388345,L2V.L2G,3176
Yamashita & Shiotsu (2017),209,L2V,L2G,1,1,2,1,,Adolescent/Adult,FL,IL,AM,Beyond,2017,Yamashita & Shiotsu,2.1,,0.0048543689320388345,L2V.L2G,3177
Yamashita & Shiotsu (2017),209,L2V,L2G,1,1,3,1,,Adolescent/Adult,FL,IL,AM,Beyond,2017,Yamashita & Shiotsu,3.1,,0.0048543689320388345,L2V.L2G,3178
Yamashita & Shiotsu (2017),209,L2V,L2G,1,1,4,1,,Adolescent/Adult,FL,IL,AM,Beyond,2017,Yamashita & Shiotsu,4.1,,0.0048543689320388345,L2V.L2G,3179
Yamashita & Shiotsu (2017),209,L2V,L2G,1,1,5,1,,Adolescent/Adult,FL,IL,AM,Beyond,2017,Yamashita & Shiotsu,5.1,,0.0048543689320388345,L2V.L2G,3180
Yamashita & Shiotsu (2017),209,L2V,L2G,1,1,6,1,,Adolescent/Adult,FL,IL,AM,Beyond,2017,Yamashita & Shiotsu,6.1,,0.0048543689320388345,L2V.L2G,3181
Yamashita & Shiotsu (2017),209,L2V,L2P,1,1,1,1,,Adolescent/Adult,FL,IL,AM,Beyond,2017,Yamashita & Shiotsu,1.1,,0.0048543689320388345,L2V.L2P,3182
Yamashita & Shiotsu (2017),209,L2V,L2P,1,1,2,1,,Adolescent/Adult,FL,IL,AM,Beyond,2017,Yamashita & Shiotsu,2.1,,0.0048543689320388345,L2V.L2P,3183
Yamashita & Shiotsu (2017),209,L2V,L2P,1,1,3,1,,Adolescent/Adult,FL,IL,AM,Beyond,2017,Yamashita & Shiotsu,3.1,,0.0048543689320388345,L2V.L2P,3184
Yamashita & Shiotsu (2017),209,L2V,L2P,1,1,4,1,,Adolescent/Adult,FL,IL,AM,Beyond,2017,Yamashita & Shiotsu,4.1,,0.0048543689320388345,L2V.L2P,3185
Yamashita & Shiotsu (2017),209,L2V,L2P,1,1,5,1,,Adolescent/Adult,FL,IL,AM,Beyond,2017,Yamashita & Shiotsu,5.1,,0.0048543689320388345,L2V.L2P,3186
Yamashita & Shiotsu (2017),209,L2V,L2P,1,1,6,1,,Adolescent/Adult,FL,IL,AM,Beyond,2017,Yamashita & Shiotsu,6.1,,0.0048543689320388345,L2V.L2P,3187
Yamashita & Shiotsu (2017),209,L2V,L2M,1,1,1,1,,Adolescent/Adult,FL,IL,AM,Beyond,2017,Yamashita & Shiotsu,1.1,,0.0048543689320388345,L2V.L2M,3188
Yamashita & Shiotsu (2017),209,L2V,L2M,1,1,2,1,,Adolescent/Adult,FL,IL,AM,Beyond,2017,Yamashita & Shiotsu,2.1,,0.0048543689320388345,L2V.L2M,3189
Yamashita & Shiotsu (2017),209,L2V,L2M,1,1,3,1,,Adolescent/Adult,FL,IL,AM,Beyond,2017,Yamashita & Shiotsu,3.1,,0.0048543689320388345,L2V.L2M,3190
Yamashita & Shiotsu (2017),209,L2V,L2M,1,1,4,1,,Adolescent/Adult,FL,IL,AM,Beyond,2017,Yamashita & Shiotsu,4.1,,0.0048543689320388345,L2V.L2M,3191
Yamashita & Shiotsu (2017),209,L2V,L2M,1,1,5,1,,Adolescent/Adult,FL,IL,AM,Beyond,2017,Yamashita & Shiotsu,5.1,,0.0048543689320388345,L2V.L2M,3192
Yamashita & Shiotsu (2017),209,L2V,L2M,1,1,6,1,,Adolescent/Adult,FL,IL,AM,Beyond,2017,Yamashita & Shiotsu,6.1,,0.0048543689320388345,L2V.L2M,3193
Yamashita & Shiotsu (2017),209,L2V,L2L,1,1,1,1,0.17,Adolescent/Adult,FL,IL,AM,Beyond,2017,Yamashita & Shiotsu,1.1,0.1716666635005791,0.0048543689320388345,L2V.L2L,3194
Yamashita & Shiotsu (2017),209,L2V,L2L,1,1,2,1,0.26,Adolescent/Adult,FL,IL,AM,Beyond,2017,Yamashita & Shiotsu,2.1,0.2661084068736541,0.0048543689320388345,L2V.L2L,3195
Yamashita & Shiotsu (2017),209,L2V,L2L,1,1,3,1,0.36,Adolescent/Adult,FL,IL,AM,Beyond,2017,Yamashita & Shiotsu,3.1,0.3768859011881901,0.0048543689320388345,L2V.L2L,3196
Yamashita & Shiotsu (2017),209,L2V,L2L,1,1,4,1,0.35,Adolescent/Adult,FL,IL,AM,Beyond,2017,Yamashita & Shiotsu,4.1,0.3654437542713961,0.0048543689320388345,L2V.L2L,3197
Yamashita & Shiotsu (2017),209,L2V,L2L,1,1,5,1,0.18,Adolescent/Adult,FL,IL,AM,Beyond,2017,Yamashita & Shiotsu,5.1,0.1819826886007058,0.0048543689320388345,L2V.L2L,3198
Yamashita & Shiotsu (2017),209,L2V,L2L,1,1,6,1,0.14,Adolescent/Adult,FL,IL,AM,Beyond,2017,Yamashita & Shiotsu,6.1,0.1409255760704939,0.0048543689320388345,L2V.L2L,3199
Yamashita & Shiotsu (2017),209,L2V,L2L,1,1,1,2,0.21,Adolescent/Adult,FL,IL,AM,Beyond,2017,Yamashita & Shiotsu,1.2,0.21317134656485978,0.0048543689320388345,L2V.L2L,3200
Yamashita & Shiotsu (2017),209,L2V,L2L,1,1,2,2,0.13,Adolescent/Adult,FL,IL,AM,Beyond,2017,Yamashita & Shiotsu,2.2,0.13073985002887845,0.0048543689320388345,L2V.L2L,3201
Yamashita & Shiotsu (2017),209,L2V,L2L,1,1,3,2,0.19,Adolescent/Adult,FL,IL,AM,Beyond,2017,Yamashita & Shiotsu,3.2,0.19233716921954527,0.0048543689320388345,L2V.L2L,3202
Yamashita & Shiotsu (2017),209,L2V,L2L,1,1,4,2,0.15,Adolescent/Adult,FL,IL,AM,Beyond,2017,Yamashita & Shiotsu,4.2,0.15114043593646684,0.0048543689320388345,L2V.L2L,3203
Yamashita & Shiotsu (2017),209,L2V,L2L,1,1,5,2,0.17,Adolescent/Adult,FL,IL,AM,Beyond,2017,Yamashita & Shiotsu,5.2,0.1716666635005791,0.0048543689320388345,L2V.L2L,3204
Yamashita & Shiotsu (2017),209,L2V,L2L,1,1,6,2,0.04,Adolescent/Adult,FL,IL,AM,Beyond,2017,Yamashita & Shiotsu,6.2,0.04002135383676822,0.0048543689320388345,L2V.L2L,3205
Yamashita & Shiotsu (2017),209,L2V,L2L,1,1,1,3,0.18,Adolescent/Adult,FL,IL,AM,Beyond,2017,Yamashita & Shiotsu,1.3,0.1819826886007058,0.0048543689320388345,L2V.L2L,3206
Yamashita & Shiotsu (2017),209,L2V,L2L,1,1,2,3,0.19,Adolescent/Adult,FL,IL,AM,Beyond,2017,Yamashita & Shiotsu,2.3,0.19233716921954527,0.0048543689320388345,L2V.L2L,3207
Yamashita & Shiotsu (2017),209,L2V,L2L,1,1,3,3,0.12,Adolescent/Adult,FL,IL,AM,Beyond,2017,Yamashita & Shiotsu,3.3,0.12058102840844402,0.0048543689320388345,L2V.L2L,3208
Yamashita & Shiotsu (2017),209,L2V,L2L,1,1,4,3,0.16,Adolescent/Adult,FL,IL,AM,Beyond,2017,Yamashita & Shiotsu,4.3,0.1613866961315255,0.0048543689320388345,L2V.L2L,3209
Yamashita & Shiotsu (2017),209,L2V,L2L,1,1,5,3,0.08,Adolescent/Adult,FL,IL,AM,Beyond,2017,Yamashita & Shiotsu,5.3,0.08017132503758968,0.0048543689320388345,L2V.L2L,3210
Yamashita & Shiotsu (2017),209,L2V,L2L,1,1,6,3,0.08,Adolescent/Adult,FL,IL,AM,Beyond,2017,Yamashita & Shiotsu,6.3,0.08017132503758968,0.0048543689320388345,L2V.L2L,3211
Yamashita & Shiotsu (2017),209,L2G,L2P,1,1,1,1,,Adolescent/Adult,FL,IL,AM,Beyond,2017,Yamashita & Shiotsu,1.1,,0.0048543689320388345,L2G.L2P,3212
Yamashita & Shiotsu (2017),209,L2G,L2M,1,1,1,1,,Adolescent/Adult,FL,IL,AM,Beyond,2017,Yamashita & Shiotsu,1.1,,0.0048543689320388345,L2G.L2M,3213
Yamashita & Shiotsu (2017),209,L2G,L2L,1,1,1,1,,Adolescent/Adult,FL,IL,AM,Beyond,2017,Yamashita & Shiotsu,1.1,,0.0048543689320388345,L2G.L2L,3214
Yamashita & Shiotsu (2017),209,L2G,L2L,1,1,1,2,,Adolescent/Adult,FL,IL,AM,Beyond,2017,Yamashita & Shiotsu,1.2,,0.0048543689320388345,L2G.L2L,3215
Yamashita & Shiotsu (2017),209,L2G,L2L,1,1,1,3,,Adolescent/Adult,FL,IL,AM,Beyond,2017,Yamashita & Shiotsu,1.3,,0.0048543689320388345,L2G.L2L,3216
Yamashita & Shiotsu (2017),209,L2P,L2M,1,1,1,1,,Adolescent/Adult,FL,IL,AM,Beyond,2017,Yamashita & Shiotsu,1.1,,0.0048543689320388345,L2P.L2M,3217
Yamashita & Shiotsu (2017),209,L2P,L2L,1,1,1,1,,Adolescent/Adult,FL,IL,AM,Beyond,2017,Yamashita & Shiotsu,1.1,,0.0048543689320388345,L2P.L2L,3218
Yamashita & Shiotsu (2017),209,L2P,L2L,1,1,1,2,,Adolescent/Adult,FL,IL,AM,Beyond,2017,Yamashita & Shiotsu,1.2,,0.0048543689320388345,L2P.L2L,3219
Yamashita & Shiotsu (2017),209,L2P,L2L,1,1,1,3,,Adolescent/Adult,FL,IL,AM,Beyond,2017,Yamashita & Shiotsu,1.3,,0.0048543689320388345,L2P.L2L,3220
Yamashita & Shiotsu (2017),209,L2M,L2L,1,1,1,1,,Adolescent/Adult,FL,IL,AM,Beyond,2017,Yamashita & Shiotsu,1.1,,0.0048543689320388345,L2M.L2L,3221
Yamashita & Shiotsu (2017),209,L2M,L2L,1,1,1,2,,Adolescent/Adult,FL,IL,AM,Beyond,2017,Yamashita & Shiotsu,1.2,,0.0048543689320388345,L2M.L2L,3222
Yamashita & Shiotsu (2017),209,L2M,L2L,1,1,1,3,,Adolescent/Adult,FL,IL,AM,Beyond,2017,Yamashita & Shiotsu,1.3,,0.0048543689320388345,L2M.L2L,3223
Zhang (2012),172,L2R,L2R,1,1,1,2,0.19,Adolescent/Adult,FL,IL,AL,Beyond,2012,Zhang,1.2,0.19233716921954527,0.005917159763313609,L2R.L2R,3224
Zhang (2012),172,L2R,L2R,1,1,1,3,0.22,Adolescent/Adult,FL,IL,AL,Beyond,2012,Zhang,1.3,0.22365610902183242,0.005917159763313609,L2R.L2R,3225
Zhang (2012),172,L2R,L2R,1,1,2,3,0.38,Adolescent/Adult,FL,IL,AL,Beyond,2012,Zhang,2.3,0.40005965005605654,0.005917159763313609,L2R.L2R,3226
Zhang (2012),172,L2R,L2DA,1,1,1,1,,Adolescent/Adult,FL,IL,AL,Beyond,2012,Zhang,1.1,,0.005917159763313609,L2R.L2DA,3227
Zhang (2012),172,L2R,L2DA,1,1,2,1,,Adolescent/Adult,FL,IL,AL,Beyond,2012,Zhang,2.1,,0.005917159763313609,L2R.L2DA,3228
Zhang (2012),172,L2R,L2DA,1,1,3,1,,Adolescent/Adult,FL,IL,AL,Beyond,2012,Zhang,3.1,,0.005917159763313609,L2R.L2DA,3229
Zhang (2012),172,L2R,L2DF,1,1,1,1,,Adolescent/Adult,FL,IL,AL,Beyond,2012,Zhang,1.1,,0.005917159763313609,L2R.L2DF,3230
Zhang (2012),172,L2R,L2DF,1,1,2,1,,Adolescent/Adult,FL,IL,AL,Beyond,2012,Zhang,2.1,,0.005917159763313609,L2R.L2DF,3231
Zhang (2012),172,L2R,L2DF,1,1,3,1,,Adolescent/Adult,FL,IL,AL,Beyond,2012,Zhang,3.1,,0.005917159763313609,L2R.L2DF,3232
Zhang (2012),172,L2R,L2V,1,1,1,1,0.32,Adolescent/Adult,FL,IL,AL,Beyond,2012,Zhang,1.1,0.33164710870513214,0.005917159763313609,L2R.L2V,3233
Zhang (2012),172,L2R,L2V,1,1,2,1,0.34,Adolescent/Adult,FL,IL,AL,Beyond,2012,Zhang,2.1,0.3540925289622429,0.005917159763313609,L2R.L2V,3234
Zhang (2012),172,L2R,L2V,1,1,3,1,0.28,Adolescent/Adult,FL,IL,AL,Beyond,2012,Zhang,3.1,0.28768207245178096,0.005917159763313609,L2R.L2V,3235
Zhang (2012),172,L2R,L2V,1,1,1,2,0.15,Adolescent/Adult,FL,IL,AL,Beyond,2012,Zhang,1.2,0.15114043593646684,0.005917159763313609,L2R.L2V,3236
Zhang (2012),172,L2R,L2V,1,1,2,2,0.28,Adolescent/Adult,FL,IL,AL,Beyond,2012,Zhang,2.2,0.28768207245178096,0.005917159763313609,L2R.L2V,3237
Zhang (2012),172,L2R,L2V,1,1,3,2,0.18,Adolescent/Adult,FL,IL,AL,Beyond,2012,Zhang,3.2,0.1819826886007058,0.005917159763313609,L2R.L2V,3238
Zhang (2012),172,L2R,L2G,1,1,1,1,0.17,Adolescent/Adult,FL,IL,AL,Beyond,2012,Zhang,1.1,0.1716666635005791,0.005917159763313609,L2R.L2G,3239
Zhang (2012),172,L2R,L2G,1,1,2,1,0.24,Adolescent/Adult,FL,IL,AL,Beyond,2012,Zhang,2.1,0.2447741126593529,0.005917159763313609,L2R.L2G,3240
Zhang (2012),172,L2R,L2G,1,1,3,1,0.34,Adolescent/Adult,FL,IL,AL,Beyond,2012,Zhang,3.1,0.3540925289622429,0.005917159763313609,L2R.L2G,3241
Zhang (2012),172,L2R,L2G,1,1,1,2,0.06,Adolescent/Adult,FL,IL,AL,Beyond,2012,Zhang,1.2,0.06007215592103162,0.005917159763313609,L2R.L2G,3242
Zhang (2012),172,L2R,L2G,1,1,2,2,0.18,Adolescent/Adult,FL,IL,AL,Beyond,2012,Zhang,2.2,0.1819826886007058,0.005917159763313609,L2R.L2G,3243
Zhang (2012),172,L2R,L2G,1,1,3,2,0.13,Adolescent/Adult,FL,IL,AL,Beyond,2012,Zhang,3.2,0.13073985002887845,0.005917159763313609,L2R.L2G,3244
Zhang (2012),172,L2R,L2P,1,1,1,1,,Adolescent/Adult,FL,IL,AL,Beyond,2012,Zhang,1.1,,0.005917159763313609,L2R.L2P,3245
Zhang (2012),172,L2R,L2P,1,1,2,1,,Adolescent/Adult,FL,IL,AL,Beyond,2012,Zhang,2.1,,0.005917159763313609,L2R.L2P,3246
Zhang (2012),172,L2R,L2P,1,1,3,1,,Adolescent/Adult,FL,IL,AL,Beyond,2012,Zhang,3.1,,0.005917159763313609,L2R.L2P,3247
Zhang (2012),172,L2R,L2M,1,1,1,1,,Adolescent/Adult,FL,IL,AL,Beyond,2012,Zhang,1.1,,0.005917159763313609,L2R.L2M,3248
Zhang (2012),172,L2R,L2M,1,1,2,1,,Adolescent/Adult,FL,IL,AL,Beyond,2012,Zhang,2.1,,0.005917159763313609,L2R.L2M,3249
Zhang (2012),172,L2R,L2M,1,1,3,1,,Adolescent/Adult,FL,IL,AL,Beyond,2012,Zhang,3.1,,0.005917159763313609,L2R.L2M,3250
Zhang (2012),172,L2R,L2L,1,1,1,1,,Adolescent/Adult,FL,IL,AL,Beyond,2012,Zhang,1.1,,0.005917159763313609,L2R.L2L,3251
Zhang (2012),172,L2R,L2L,1,1,2,1,,Adolescent/Adult,FL,IL,AL,Beyond,2012,Zhang,2.1,,0.005917159763313609,L2R.L2L,3252
Zhang (2012),172,L2R,L2L,1,1,3,1,,Adolescent/Adult,FL,IL,AL,Beyond,2012,Zhang,3.1,,0.005917159763313609,L2R.L2L,3253
Zhang (2012),172,L2DA,L2DF,1,1,1,1,,Adolescent/Adult,FL,IL,AL,Beyond,2012,Zhang,1.1,,0.005917159763313609,L2DA.L2DF,3254
Zhang (2012),172,L2DA,L2V,1,1,1,1,,Adolescent/Adult,FL,IL,AL,Beyond,2012,Zhang,1.1,,0.005917159763313609,L2DA.L2V,3255
Zhang (2012),172,L2DA,L2V,1,1,1,2,,Adolescent/Adult,FL,IL,AL,Beyond,2012,Zhang,1.2,,0.005917159763313609,L2DA.L2V,3256
Zhang (2012),172,L2DA,L2G,1,1,1,1,,Adolescent/Adult,FL,IL,AL,Beyond,2012,Zhang,1.1,,0.005917159763313609,L2DA.L2G,3257
Zhang (2012),172,L2DA,L2G,1,1,1,2,,Adolescent/Adult,FL,IL,AL,Beyond,2012,Zhang,1.2,,0.005917159763313609,L2DA.L2G,3258
Zhang (2012),172,L2DA,L2P,1,1,1,1,,Adolescent/Adult,FL,IL,AL,Beyond,2012,Zhang,1.1,,0.005917159763313609,L2DA.L2P,3259
Zhang (2012),172,L2DA,L2M,1,1,1,1,,Adolescent/Adult,FL,IL,AL,Beyond,2012,Zhang,1.1,,0.005917159763313609,L2DA.L2M,3260
Zhang (2012),172,L2DA,L2L,1,1,1,1,,Adolescent/Adult,FL,IL,AL,Beyond,2012,Zhang,1.1,,0.005917159763313609,L2DA.L2L,3261
Zhang (2012),172,L2DF,L2V,1,1,1,1,,Adolescent/Adult,FL,IL,AL,Beyond,2012,Zhang,1.1,,0.005917159763313609,L2DF.L2V,3262
Zhang (2012),172,L2DF,L2V,1,1,1,2,,Adolescent/Adult,FL,IL,AL,Beyond,2012,Zhang,1.2,,0.005917159763313609,L2DF.L2V,3263
Zhang (2012),172,L2DF,L2G,1,1,1,1,,Adolescent/Adult,FL,IL,AL,Beyond,2012,Zhang,1.1,,0.005917159763313609,L2DF.L2G,3264
Zhang (2012),172,L2DF,L2G,1,1,1,2,,Adolescent/Adult,FL,IL,AL,Beyond,2012,Zhang,1.2,,0.005917159763313609,L2DF.L2G,3265
Zhang (2012),172,L2DF,L2P,1,1,1,1,,Adolescent/Adult,FL,IL,AL,Beyond,2012,Zhang,1.1,,0.005917159763313609,L2DF.L2P,3266
Zhang (2012),172,L2DF,L2M,1,1,1,1,,Adolescent/Adult,FL,IL,AL,Beyond,2012,Zhang,1.1,,0.005917159763313609,L2DF.L2M,3267
Zhang (2012),172,L2DF,L2L,1,1,1,1,,Adolescent/Adult,FL,IL,AL,Beyond,2012,Zhang,1.1,,0.005917159763313609,L2DF.L2L,3268
Zhang (2012),172,L2V,L2G,1,1,1,1,0.13,Adolescent/Adult,FL,IL,AL,Beyond,2012,Zhang,1.1,0.13073985002887845,0.005917159763313609,L2V.L2G,3269
Zhang (2012),172,L2V,L2G,1,1,2,1,0.19,Adolescent/Adult,FL,IL,AL,Beyond,2012,Zhang,2.1,0.19233716921954527,0.005917159763313609,L2V.L2G,3270
Zhang (2012),172,L2V,L2G,1,1,1,2,0.14,Adolescent/Adult,FL,IL,AL,Beyond,2012,Zhang,1.2,0.1409255760704939,0.005917159763313609,L2V.L2G,3271
Zhang (2012),172,L2V,L2G,1,1,2,2,0.12,Adolescent/Adult,FL,IL,AL,Beyond,2012,Zhang,2.2,0.12058102840844402,0.005917159763313609,L2V.L2G,3272
Zhang (2012),172,L2V,L2P,1,1,1,1,,Adolescent/Adult,FL,IL,AL,Beyond,2012,Zhang,1.1,,0.005917159763313609,L2V.L2P,3273
Zhang (2012),172,L2V,L2P,1,1,2,1,,Adolescent/Adult,FL,IL,AL,Beyond,2012,Zhang,2.1,,0.005917159763313609,L2V.L2P,3274
Zhang (2012),172,L2V,L2M,1,1,1,1,,Adolescent/Adult,FL,IL,AL,Beyond,2012,Zhang,1.1,,0.005917159763313609,L2V.L2M,3275
Zhang (2012),172,L2V,L2M,1,1,2,1,,Adolescent/Adult,FL,IL,AL,Beyond,2012,Zhang,2.1,,0.005917159763313609,L2V.L2M,3276
Zhang (2012),172,L2V,L2L,1,1,1,1,,Adolescent/Adult,FL,IL,AL,Beyond,2012,Zhang,1.1,,0.005917159763313609,L2V.L2L,3277
Zhang (2012),172,L2V,L2L,1,1,2,1,,Adolescent/Adult,FL,IL,AL,Beyond,2012,Zhang,2.1,,0.005917159763313609,L2V.L2L,3278
Zhang (2012),172,L2G,L2P,1,1,1,1,,Adolescent/Adult,FL,IL,AL,Beyond,2012,Zhang,1.1,,0.005917159763313609,L2G.L2P,3279
Zhang (2012),172,L2G,L2P,1,1,2,1,,Adolescent/Adult,FL,IL,AL,Beyond,2012,Zhang,2.1,,0.005917159763313609,L2G.L2P,3280
Zhang (2012),172,L2G,L2M,1,1,1,1,,Adolescent/Adult,FL,IL,AL,Beyond,2012,Zhang,1.1,,0.005917159763313609,L2G.L2M,3281
Zhang (2012),172,L2G,L2M,1,1,2,1,,Adolescent/Adult,FL,IL,AL,Beyond,2012,Zhang,2.1,,0.005917159763313609,L2G.L2M,3282
Zhang (2012),172,L2G,L2L,1,1,1,1,,Adolescent/Adult,FL,IL,AL,Beyond,2012,Zhang,1.1,,0.005917159763313609,L2G.L2L,3283
Zhang (2012),172,L2G,L2L,1,1,2,1,,Adolescent/Adult,FL,IL,AL,Beyond,2012,Zhang,2.1,,0.005917159763313609,L2G.L2L,3284
Zhang (2012),172,L2P,L2M,1,1,1,1,,Adolescent/Adult,FL,IL,AL,Beyond,2012,Zhang,1.1,,0.005917159763313609,L2P.L2M,3285
Zhang (2012),172,L2P,L2L,1,1,1,1,,Adolescent/Adult,FL,IL,AL,Beyond,2012,Zhang,1.1,,0.005917159763313609,L2P.L2L,3286
Zhang (2012),172,L2M,L2L,1,1,1,1,,Adolescent/Adult,FL,IL,AL,Beyond,2012,Zhang,1.1,,0.005917159763313609,L2M.L2L,3287
